# Blender v2.81 (sub 16) OBJ File: ''
# www.blender.org
mtllib Red officer 2.mtl
o Mesh-017_MeshData-017.001
v -0.188026 16.213923 0.312859
v -0.184622 16.231615 0.312828
v -0.192707 16.226374 0.314147
v -0.212583 16.217350 0.325607
v -0.214236 16.226479 0.320969
v -0.233809 16.218254 0.325765
v -0.235629 16.224228 0.325370
v -0.258121 16.220020 0.339619
v -0.269488 16.226583 0.337925
v -0.307242 16.219664 0.334479
v -0.323771 16.227118 0.331526
v -0.326418 16.218796 0.331956
v -0.352669 16.220512 0.322963
v -0.350631 16.228874 0.322874
v -0.376483 16.222622 0.305663
v -0.375869 16.234041 0.298966
v -0.398395 16.242001 0.279454
v -0.400290 16.233070 0.279436
v -0.417524 16.249254 0.258684
v -0.410002 16.252604 0.262710
v -0.425699 16.260683 0.251002
v -0.414905 16.260492 0.262101
v -0.414995 16.273176 0.265963
v -0.412406 16.267670 0.267660
v -0.394607 16.281054 0.290975
v -0.393422 16.277283 0.290532
v -0.368282 16.289503 0.325257
v -0.365378 16.284096 0.323323
v -0.317658 16.292086 0.334681
v -0.317874 16.287144 0.332486
v -0.268775 16.288931 0.336220
v -0.270757 16.283846 0.335674
v -0.223931 16.274920 0.329666
v -0.226109 16.270308 0.328364
v -0.182505 16.250082 0.320371
v -0.186490 16.245361 0.316489
v -0.175249 16.227516 0.310639
v 0.413433 16.270308 0.265250
v 0.405268 16.257065 0.270575
v 0.425272 16.262304 0.250687
v 0.392855 16.265051 0.288825
v 0.392657 16.281578 0.289352
v 0.361595 16.271608 0.318687
v 0.363405 16.292301 0.317668
v 0.318167 16.274521 0.341197
v 0.317131 16.294884 0.339727
v 0.267777 16.272141 0.342105
v 0.267341 16.291307 0.338757
v 0.222067 16.279852 0.331124
v 0.228334 16.264059 0.332079
v 0.181456 16.248707 0.317544
v 0.182990 16.241482 0.315225
v -0.229412 16.264069 0.332080
v -0.184070 16.241482 0.315226
v -0.182535 16.248707 0.317545
v -0.223147 16.279861 0.331124
v -0.268856 16.272150 0.342105
v -0.268421 16.291328 0.338755
v -0.319247 16.274530 0.341196
v -0.318214 16.294893 0.339726
v -0.364495 16.292301 0.317670
v -0.362673 16.271608 0.318688
v -0.393933 16.265060 0.288824
v -0.393735 16.281588 0.289353
v -0.414514 16.270308 0.265249
v -0.406347 16.257074 0.270575
v -0.426352 16.262304 0.250687
v 0.191628 16.226364 0.314147
v 0.174162 16.227406 0.310633
v 0.186931 16.213743 0.312858
v 0.213156 16.226467 0.320969
v 0.211502 16.217340 0.325607
v 0.234550 16.224228 0.325370
v 0.232730 16.218254 0.325766
v 0.257042 16.220020 0.339619
v 0.268409 16.226583 0.337925
v 0.306157 16.219664 0.334478
v 0.322692 16.227118 0.331526
v 0.325339 16.218796 0.331956
v 0.349549 16.228874 0.322874
v 0.351587 16.220512 0.322963
v 0.374786 16.234041 0.298966
v 0.375403 16.222622 0.305663
v 0.399211 16.233070 0.279436
v 0.397316 16.242001 0.279454
v 0.408923 16.252604 0.262709
v 0.416445 16.249264 0.258684
v 0.413830 16.260551 0.262096
v 0.424628 16.260702 0.251005
v 0.411240 16.266932 0.267766
v 0.413738 16.272190 0.266167
v 0.392337 16.277273 0.290531
v 0.393523 16.281044 0.290971
v 0.364298 16.284086 0.323323
v 0.367200 16.289492 0.325258
v 0.316793 16.287134 0.332487
v 0.316576 16.292076 0.334682
v 0.269678 16.283825 0.335674
v 0.267696 16.288919 0.336221
v 0.222853 16.274900 0.329667
v 0.225031 16.270308 0.328364
v 0.181425 16.250082 0.320371
v 0.185410 16.245361 0.316488
v 0.183542 16.231615 0.312828
vt 0.112100 0.292000
vt 0.118200 0.293000
vt 0.117400 0.291500
vt 0.116800 0.288600
vt 0.122400 0.290000
vt 0.125500 0.286100
vt 0.132100 0.287600
vt 0.136600 0.284700
vt 0.147800 0.285600
vt 0.150300 0.282200
vt 0.168100 0.285200
vt 0.168100 0.281700
vt 0.189300 0.282200
vt 0.189800 0.285600
vt 0.198100 0.283200
vt 0.197100 0.286100
vt 0.207900 0.287100
vt 0.214100 0.283700
vt 0.229200 0.290500
vt 0.219600 0.290500
vt 0.229400 0.293500
vt 0.226600 0.292500
vt 0.222900 0.293900
vt 0.222900 0.292000
vt 0.216400 0.292500
vt 0.216400 0.290500
vt 0.188700 0.288100
vt 0.188700 0.286600
vt 0.162200 0.287600
vt 0.162200 0.286100
vt 0.146600 0.289100
vt 0.146400 0.287100
vt 0.136400 0.290000
vt 0.133900 0.288100
vt 0.120200 0.294900
vt 0.120400 0.293000
vt 0.113200 0.293900
vt 0.551300 0.898600
vt 0.561500 0.875200
vt 0.535200 0.878600
vt 0.604500 0.883200
vt 0.601600 0.908700
vt 0.649900 0.892000
vt 0.646500 0.913400
vt 0.709500 0.895100
vt 0.708500 0.916600
vt 0.810100 0.894500
vt 0.812000 0.915500
vt 0.877900 0.911100
vt 0.874000 0.892000
vt 0.965300 0.885900
vt 0.939500 0.886500
vt 0.874000 0.892000
vt 0.939500 0.886500
vt 0.965300 0.885900
vt 0.877900 0.911100
vt 0.810100 0.894500
vt 0.812000 0.915500
vt 0.709500 0.895100
vt 0.708500 0.916600
vt 0.646500 0.913400
vt 0.649900 0.892000
vt 0.604500 0.883200
vt 0.601600 0.908700
vt 0.551300 0.898600
vt 0.561500 0.875200
vt 0.535200 0.878600
vt 0.117400 0.291500
vt 0.113200 0.293900
vt 0.112100 0.292000
vt 0.122400 0.290000
vt 0.116800 0.288600
vt 0.132100 0.287600
vt 0.125500 0.286100
vt 0.136600 0.284700
vt 0.147800 0.285600
vt 0.150300 0.282200
vt 0.168100 0.285200
vt 0.168100 0.281700
vt 0.189800 0.285600
vt 0.189300 0.282200
vt 0.197100 0.286100
vt 0.198100 0.283200
vt 0.214100 0.283700
vt 0.207900 0.287100
vt 0.219600 0.290500
vt 0.229200 0.290500
vt 0.226600 0.292500
vt 0.229400 0.293500
vt 0.222900 0.292000
vt 0.222900 0.293900
vt 0.216400 0.290500
vt 0.216400 0.292500
vt 0.188700 0.286600
vt 0.188700 0.288100
vt 0.162200 0.286100
vt 0.162200 0.287600
vt 0.146400 0.287100
vt 0.146600 0.289100
vt 0.136400 0.290000
vt 0.133900 0.288100
vt 0.120200 0.294900
vt 0.120400 0.293000
vt 0.118200 0.293000
vn 0.3338 0.0235 0.9424
vn 0.0944 -0.2106 0.9730
vn 0.3177 0.0761 0.9451
vn 0.1960 0.4123 0.8897
vn 0.1634 0.4403 0.8829
vn 0.2931 0.2112 0.9325
vn 0.3580 0.2207 0.9073
vn 0.2525 0.5689 0.7827
vn -0.0264 0.2113 0.9771
vn -0.1170 0.1262 0.9851
vn -0.2065 0.1167 0.9715
vn -0.2404 0.1262 0.9624
vn -0.4553 0.1260 0.8814
vn -0.4380 0.1510 0.8862
vn -0.5626 0.3973 0.7250
vn -0.5125 0.4547 0.7284
vn -0.6788 0.2000 0.7066
vn -0.7019 0.1475 0.6969
vn -0.5597 0.2473 0.7909
vn -0.6138 0.2503 0.7487
vn -0.6622 -0.1473 0.7347
vn -0.6987 -0.2839 0.6567
vn -0.7435 -0.1753 0.6454
vn -0.7634 -0.1731 0.6223
vn -0.7030 -0.2874 0.6505
vn -0.6901 -0.3061 0.6558
vn -0.4056 -0.4843 0.7752
vn -0.3632 -0.4803 0.7984
vn -0.0997 -0.4006 0.9108
vn -0.1055 -0.3902 0.9147
vn 0.0245 -0.1285 0.9914
vn 0.0027 -0.1133 0.9936
vn 0.0546 -0.2886 0.9559
vn 0.0460 -0.3075 0.9504
vn -0.1660 -0.4781 0.8625
vn -0.3384 -0.4107 0.8467
vn 0.1478 -0.1813 0.9723
vn 0.7360 -0.1578 0.6583
vn 0.7468 -0.2062 0.6322
vn 0.7169 -0.1701 0.6761
vn 0.7312 -0.0462 0.6806
vn 0.7158 -0.0153 0.6982
vn 0.5816 -0.0097 0.8134
vn 0.5739 0.0009 0.8190
vn 0.2377 0.0714 0.9687
vn 0.2203 0.0938 0.9709
vn -0.1214 0.1346 0.9834
vn -0.1115 0.1686 0.9794
vn -0.2542 -0.0144 0.9670
vn -0.2551 -0.0564 0.9653
vn -0.1946 -0.2923 0.9363
vn -0.1773 -0.3347 0.9255
vn 0.2550 -0.0563 0.9653
vn 0.1773 -0.3347 0.9255
vn 0.1945 -0.2923 0.9363
vn 0.2542 -0.0143 0.9670
vn 0.1074 0.1470 0.9833
vn 0.0938 0.1561 0.9833
vn -0.2229 0.0828 0.9713
vn -0.2063 0.0809 0.9751
vn -0.5730 0.0019 0.8196
vn -0.5802 -0.0110 0.8144
vn -0.7320 -0.0475 0.6796
vn -0.7177 -0.0137 0.6962
vn -0.7360 -0.1580 0.6583
vn -0.7467 -0.2063 0.6324
vn -0.7168 -0.1702 0.6762
vn -0.2534 -0.0097 0.9673
vn -0.1398 -0.1804 0.9736
vn -0.2812 0.0663 0.9574
vn -0.2843 0.4168 0.8634
vn -0.3054 0.4458 0.8414
vn -0.3010 0.2560 0.9186
vn -0.2131 0.1288 0.9685
vn -0.2525 0.5688 0.7828
vn 0.0265 0.2112 0.9771
vn 0.1169 0.1260 0.9851
vn 0.2001 0.1201 0.9724
vn 0.2326 0.1174 0.9655
vn 0.4874 0.1339 0.8629
vn 0.4985 0.1693 0.8502
vn 0.5664 0.3989 0.7212
vn 0.5218 0.4524 0.7232
vn 0.6601 0.2015 0.7236
vn 0.7042 0.1480 0.6944
vn 0.5382 0.1369 0.8316
vn 0.5952 0.0517 0.8019
vn 0.6489 -0.2137 0.7302
vn 0.7185 -0.1273 0.6838
vn 0.7286 -0.1730 0.6627
vn 0.7350 -0.1555 0.6600
vn 0.6935 -0.2862 0.6612
vn 0.6880 -0.3063 0.6579
vn 0.3756 -0.4777 0.7942
vn 0.4108 -0.4945 0.7660
vn 0.1208 -0.3988 0.9091
vn 0.1159 -0.3881 0.9143
vn -0.0206 -0.1314 0.9911
vn -0.0394 -0.1218 0.9918
vn -0.0542 -0.2895 0.9556
vn -0.0456 -0.3085 0.9501
vn 0.1667 -0.4781 0.8623
vn 0.3385 -0.4107 0.8466
vn -0.0923 -0.2242 0.9702
usemtl Material-3ad0.000
s 1
f 1/1/1 2/2/2 3/3/3
f 4/4/4 1/1/1 3/3/3
f 5/5/5 4/4/4 3/3/3
f 6/6/6 4/4/4 5/5/5
f 7/7/7 6/6/6 5/5/5
f 8/8/8 6/6/6 7/7/7
f 9/9/9 8/8/8 7/7/7
f 10/10/10 8/8/8 9/9/9
f 11/11/11 10/10/10 9/9/9
f 12/12/12 10/10/10 11/11/11
f 13/13/13 12/12/12 11/11/11
f 14/14/14 13/13/13 11/11/11
f 15/15/15 13/13/13 14/14/14
f 16/16/16 15/15/15 14/14/14
f 17/17/17 15/15/15 16/16/16
f 18/18/18 15/15/15 17/17/17
f 19/19/19 18/18/18 17/17/17
f 20/20/20 19/19/19 17/17/17
f 21/21/21 19/19/19 20/20/20
f 22/22/22 21/21/21 20/20/20
f 23/23/23 21/21/21 22/22/22
f 24/24/24 23/23/23 22/22/22
f 25/25/25 23/23/23 24/24/24
f 26/26/26 25/25/25 24/24/24
f 27/27/27 25/25/25 26/26/26
f 28/28/28 27/27/27 26/26/26
f 29/29/29 27/27/27 28/28/28
f 30/30/30 29/29/29 28/28/28
f 31/31/31 29/29/29 30/30/30
f 32/32/32 31/31/31 30/30/30
f 33/33/33 31/31/31 32/32/32
f 34/34/34 33/33/33 32/32/32
f 35/35/35 33/33/33 34/34/34
f 36/36/36 35/35/35 34/34/34
f 2/2/2 35/35/35 36/36/36
f 37/37/37 35/35/35 2/2/2
f 1/1/1 37/37/37 2/2/2
f 38/38/38 39/39/39 40/40/40
f 41/41/41 39/39/39 38/38/38
f 42/42/42 41/41/41 38/38/38
f 43/43/43 41/41/41 42/42/42
f 44/44/44 43/43/43 42/42/42
f 45/45/45 43/43/43 44/44/44
f 46/46/46 45/45/45 44/44/44
f 47/47/47 45/45/45 46/46/46
f 48/48/48 47/47/47 46/46/46
f 49/49/49 47/47/47 48/48/48
f 50/50/50 47/47/47 49/49/49
f 51/51/51 50/50/50 49/49/49
f 52/52/52 50/50/50 51/51/51
f 53/53/53 54/54/54 55/55/55
f 56/56/56 53/53/53 55/55/55
f 57/57/57 53/53/53 56/56/56
f 58/58/58 57/57/57 56/56/56
f 59/59/59 57/57/57 58/58/58
f 60/60/60 59/59/59 58/58/58
f 61/61/61 59/59/59 60/60/60
f 62/62/62 59/59/59 61/61/61
f 63/63/63 62/62/62 61/61/61
f 64/64/64 63/63/63 61/61/61
f 65/65/65 63/63/63 64/64/64
f 66/66/66 63/63/63 65/65/65
f 67/67/67 66/66/66 65/65/65
f 68/68/68 69/69/69 70/70/70
f 71/71/71 68/68/68 70/70/70
f 72/72/72 71/71/71 70/70/70
f 73/73/73 71/71/71 72/72/72
f 74/74/74 73/73/73 72/72/72
f 75/75/75 73/73/73 74/74/74
f 76/76/76 73/73/73 75/75/75
f 77/77/77 76/76/76 75/75/75
f 78/78/78 76/76/76 77/77/77
f 79/79/79 78/78/78 77/77/77
f 80/80/80 78/78/78 79/79/79
f 81/81/81 80/80/80 79/79/79
f 82/82/82 80/80/80 81/81/81
f 83/83/83 82/82/82 81/81/81
f 84/84/84 82/82/82 83/83/83
f 85/85/85 82/82/82 84/84/84
f 86/86/86 85/85/85 84/84/84
f 87/87/87 86/86/86 84/84/84
f 88/88/88 86/86/86 87/87/87
f 89/89/89 88/88/88 87/87/87
f 90/90/90 88/88/88 89/89/89
f 91/91/91 90/90/90 89/89/89
f 92/92/92 90/90/90 91/91/91
f 93/93/93 92/92/92 91/91/91
f 94/94/94 92/92/92 93/93/93
f 95/95/95 94/94/94 93/93/93
f 96/96/96 94/94/94 95/95/95
f 97/97/97 96/96/96 95/95/95
f 98/98/98 96/96/96 97/97/97
f 99/99/99 98/98/98 97/97/97
f 100/100/100 98/98/98 99/99/99
f 101/101/101 98/98/98 100/100/100
f 102/102/102 101/101/101 100/100/100
f 103/103/103 101/101/101 102/102/102
f 104/104/104 103/103/103 102/102/102
f 69/69/69 104/104/104 102/102/102
f 68/68/68 104/104/104 69/69/69
o Mesh-008_MeshData-008.001
v -0.217243 14.736627 -0.040851
v -0.480277 14.818617 -0.152058
v -0.234688 14.510918 0.197889
v 1.311369 15.005466 -0.798136
v 1.768577 14.892741 -0.402549
v 1.757904 14.946655 -0.760433
v 1.245555 14.940231 -0.453381
v 1.008545 15.023874 -0.768809
v 0.898560 14.929473 -0.425391
v 1.167165 14.671084 -0.032288
v 0.767275 14.715732 -0.047016
v 0.564647 14.536760 0.134553
v 0.490901 14.818617 -0.152051
v 0.175341 14.519924 0.217866
v 0.212799 14.753223 -0.012100
v -0.217243 14.736627 -0.040851
v -0.234688 14.510918 0.197889
v -0.215663 14.223089 0.453633
v 0.039618 14.199745 0.503993
v 0.000154 13.489322 0.760346
v 0.476040 13.513955 0.702003
v 0.470165 13.233492 0.709431
v 1.106373 13.200841 0.474552
v 0.963515 12.772275 0.465451
v 1.316913 12.819349 0.165038
v 1.216181 11.996791 0.205746
v 1.480397 12.490585 -0.454974
v 1.387582 12.062440 -0.379787
v 1.275683 12.152255 -0.955603
v 1.415427 11.438778 -0.349891
v 1.368812 11.513008 -0.962780
v 1.298114 11.347320 -0.930001
v 0.776515 11.518950 -1.329997
v 0.730133 11.305838 -1.421659
v -0.001685 11.285209 -1.581150
v 0.661175 11.220808 -1.305066
v -0.000700 11.180413 -1.416905
v -0.733530 11.305799 -1.421595
v -0.662636 11.220759 -1.304994
v -1.301561 11.347320 -0.929997
v -1.197345 11.199312 -0.873020
v -1.530074 11.309781 -0.349541
v -1.425358 11.185544 -0.338768
v -1.318961 11.255460 0.129788
v -1.303095 11.162484 0.151336
v -0.857577 11.238746 0.431266
v -0.902884 11.151808 0.482588
v -0.403187 11.135353 0.661751
v -0.424316 11.278520 0.753950
v -0.207915 11.133151 0.716463
v -0.209366 11.269597 0.806059
v -0.391442 11.412139 0.767005
v -0.217213 11.402272 0.813588
v -0.421406 11.977844 0.675230
v -0.210842 11.980084 0.727716
v -0.465082 12.759108 0.670453
v -0.219416 12.751504 0.721637
v -0.469743 13.233492 0.709430
v -0.221318 13.224644 0.756424
v -0.475618 13.513209 0.669069
v -0.222716 13.504266 0.710950
v -0.518384 14.219475 0.431388
v -0.215663 14.223089 0.453633
v -0.568590 14.537360 0.134540
v -0.777220 14.718101 -0.047069
v -0.577890 14.925801 -0.415703
v -0.898346 14.929394 -0.425389
v -0.789989 15.066879 -0.779265
v -1.008218 15.023774 -0.768807
v -1.310941 15.005357 -0.798133
v -1.245139 14.940123 -0.453378
v -1.757350 14.946752 -0.760165
v -1.768121 14.892774 -0.402474
v -1.166747 14.671084 -0.032288
v -1.745714 14.655092 -0.105462
v -1.143305 14.219764 0.299769
v -1.727569 14.235443 0.061757
v -1.111734 13.542054 0.426271
v -1.571408 13.424232 0.138426
v -1.105951 13.200841 0.474551
v -0.964965 12.772275 0.465451
v -0.891134 11.986666 0.523357
v -0.848428 11.416583 0.572965
v -1.226524 11.441349 0.186821
v -1.418733 11.438778 -0.349891
v -1.390263 12.062440 -0.379787
v -1.372129 11.513008 -0.962780
v -1.278361 12.152255 -0.955603
v -0.721676 11.988723 -1.455657
v -0.763110 12.069263 -1.638330
v -0.001342 11.909430 -1.724933
v -0.804543 12.620005 -1.831660
v -0.000751 12.591924 -2.016263
v 0.000211 13.350352 -2.133028
v 0.820222 13.339655 -1.979661
v 0.000211 13.810934 -2.103340
v 0.749550 13.845243 -2.012403
v 0.665841 14.425072 -1.886225
v 1.076536 13.886139 -1.781797
v 1.181513 14.395265 -1.687184
v 1.695948 14.206553 -1.607854
v 1.199803 14.758195 -1.468365
v 1.738976 14.681998 -1.384857
v 1.757617 14.894519 -1.102102
v 1.233264 14.998856 -1.130379
v 1.757904 14.946655 -0.760433
v 1.311369 15.005466 -0.798136
v 0.919164 15.026331 -1.133101
v 1.008545 15.023874 -0.768809
v 0.795994 15.066879 -0.779265
v 0.629166 15.102297 -1.025545
v 0.526928 15.093823 -1.147449
v 0.782360 14.891180 -1.488585
v 0.000201 15.001685 -1.462710
v 0.000208 14.532705 -1.742048
v -0.781582 14.892363 -1.436412
v 0.000211 14.458665 -1.947754
v -0.665419 14.425072 -1.886225
v -0.749128 13.845243 -2.012403
v -1.181091 14.395266 -1.687184
v -1.076114 13.886139 -1.781797
v -1.696020 14.206553 -1.607855
v -1.661139 13.697776 -1.520802
v -1.092579 13.552582 -1.724946
v -1.614172 13.321373 -1.401888
v -1.207368 13.039504 -1.551341
v -1.340283 12.688595 -1.100282
v -0.819799 13.339655 -1.979659
v -1.526891 13.009563 -0.095116
v -1.318397 12.819349 0.165038
v -1.218898 11.996791 0.205746
v -1.484560 12.489985 -0.457198
v -1.539879 12.738081 -0.523746
v -1.523411 12.957709 -1.024577
v 0.574783 14.924681 -0.415678
v 0.795994 15.066879 -0.779265
v -0.209366 11.269597 0.806059
v -0.207915 11.133151 0.716463
v -0.000772 11.131001 0.714646
v -0.001727 11.266302 0.805429
v -0.217213 11.402272 0.813588
v -0.001656 11.399025 0.813331
v -0.210842 11.980084 0.727716
v -0.001401 11.980438 0.725197
v -0.219416 12.751504 0.721637
v -0.000783 12.751721 0.720619
v 0.418701 11.977844 0.675230
v 0.463627 12.759108 0.670453
v 0.888450 11.986666 0.523355
v 1.223231 11.441349 0.186821
v 1.526643 11.309781 -0.349544
v 1.423886 11.184224 -0.338735
v 1.195873 11.199302 -0.873027
v -0.221318 13.224644 0.756424
v 0.000154 13.225716 0.755166
v -0.222716 13.504266 0.710950
v 1.301623 11.162484 0.151337
v 1.315536 11.255460 0.129783
v 0.845300 11.416583 0.572968
v 0.388231 11.412139 0.767005
v 0.420963 11.278520 0.753950
v 0.401586 11.135373 0.661750
v 0.901652 11.151061 0.482779
v 0.854265 11.238746 0.431262
v 1.143726 14.219763 0.299769
v 1.727935 14.235442 0.061757
v 1.746107 14.655091 -0.105461
v 0.518195 14.219843 0.455164
v 1.112156 13.542054 0.426271
v 1.571830 13.424232 0.138426
v 1.526516 13.009563 -0.095132
v 1.534236 12.739283 -0.519299
v 1.338795 12.688595 -1.100282
v 1.522716 12.957709 -1.024577
v 1.614566 13.321373 -1.401888
v -0.001629 11.499846 -1.490074
v -0.779796 11.518929 -1.329963
v -0.001470 11.836732 -1.565146
v 0.718995 11.988723 -1.455656
v 0.761021 12.069263 -1.638330
v 0.803048 12.620005 -1.831660
v 1.206817 13.039504 -1.551341
v 1.093001 13.552582 -1.724946
v 1.661504 13.697775 -1.520802
v -0.510320 15.095877 -1.146420
v 0.000086 15.130156 -1.449585
v -0.016265 15.139059 -1.289351
v -1.738582 14.681999 -1.384857
v -1.199383 14.758185 -1.468364
v -0.918781 15.026219 -1.133100
v -0.623161 15.102297 -1.025545
v -0.789989 15.066879 -0.779265
v -1.008218 15.023774 -0.768807
v -1.232855 14.998747 -1.130377
v -1.310941 15.005357 -0.798133
v -1.757223 14.894521 -1.102102
v -1.757350 14.946752 -0.760165
v -2.013665 14.655255 -1.231542
v -1.757223 14.894521 -1.102102
v -1.738582 14.681999 -1.384857
v -1.696020 14.206553 -1.607855
v -2.170148 14.215172 -1.560422
v -3.991688 14.512666 -0.481516
v -3.981612 14.693191 -0.882226
v -4.325191 14.803604 -0.877577
v -4.520781 14.460101 -0.521616
v -4.449739 14.101084 -0.254882
v -4.684679 14.138702 -0.136192
v -4.504239 13.730196 -0.501686
v -4.589722 13.649706 -0.437667
v -4.729875 13.408628 -0.809117
v -5.001799 13.735579 -0.466271
v -4.967632 13.470563 -0.749549
v -5.297605 13.708420 -0.763850
v -5.297626 13.915963 -1.081992
v -5.794127 13.765553 -1.000012
v -5.297891 14.097942 -1.289342
v -5.903218 14.078274 -1.156221
v -6.094674 13.831010 -1.008844
v -6.103382 14.072402 -1.160674
v -6.219368 13.937257 -0.988523
v -6.221811 14.115901 -1.092782
v -6.603624 14.130844 -1.019998
v -6.600344 13.977457 -0.988133
v -6.599938 13.936721 -0.701069
v -6.213468 13.868752 -0.755388
v -6.208176 13.948738 -0.551271
v -6.064858 13.896445 -0.549928
v -6.253271 14.129535 -0.460806
v -6.072599 14.142085 -0.389007
v -6.255620 14.306683 -0.563516
v -6.077267 14.400876 -0.530429
v -6.235854 14.381546 -0.761045
v -6.130921 14.487679 -0.832707
v -6.219368 14.299096 -0.997545
v -6.121902 14.387211 -1.139545
v -6.221811 14.115901 -1.092782
v -6.103382 14.072402 -1.160674
v -5.860995 14.362461 -1.104400
v -5.903218 14.078274 -1.156221
v -5.297533 14.406387 -1.135499
v -5.297891 14.097942 -1.289342
v -4.913517 14.138713 -1.326395
v -4.892336 14.447916 -1.193882
v -4.502869 14.134916 -1.465623
v -4.516281 14.526080 -1.349913
v -4.277637 14.113654 -1.489392
v -4.268068 14.513834 -1.364612
v -4.024761 14.143497 -1.550591
v -3.999294 14.500493 -1.310681
v -3.598982 14.150527 -1.171001
v -3.642980 14.401848 -1.082971
v -3.147091 14.148236 -1.275667
v -3.146906 14.445731 -1.122151
v -2.752401 14.137323 -1.254470
v -2.752354 14.500244 -1.095256
v -2.333873 14.553210 -1.241229
v -2.017804 14.885008 -0.746877
v -1.757350 14.946752 -0.760165
v -1.973182 14.713657 -0.180028
v -1.768121 14.892774 -0.402474
v -1.745714 14.655092 -0.105462
v -1.727569 14.235443 0.061757
v -1.898406 14.205895 0.058567
v -1.713038 13.511929 -0.050354
v -2.038106 13.590842 -0.137157
v -1.764958 13.257085 -0.673834
v -2.073722 13.356066 -0.727421
v -2.062597 13.451366 -1.301306
v -2.624643 13.413531 -0.789658
v -2.704655 13.558830 -1.171278
v -3.140424 13.748347 -1.061440
v -3.147091 14.148236 -1.275667
v -3.598982 14.150527 -1.171001
v -3.588791 13.727010 -0.976799
v -4.024761 14.143497 -1.550591
v -3.987898 13.724458 -1.252243
v -4.277637 14.113654 -1.489392
v -4.265672 13.695203 -1.311718
v -4.502869 14.134916 -1.465623
v -4.526545 13.714466 -1.242041
v -4.913517 14.138713 -1.326395
v -4.893006 13.854063 -1.128562
v -4.566902 13.554744 -0.876672
v -4.274433 13.382315 -0.856204
v -3.971992 13.740892 -0.464043
v -3.992377 13.519998 -0.854978
v -3.595683 13.448105 -0.818088
v -3.127845 13.537337 -0.809740
v -2.644435 13.630534 -0.218734
v -2.297732 14.204017 0.010079
v -2.313045 14.580165 -0.249315
v -2.356974 14.768748 -0.779121
v -2.755451 14.761487 -0.800691
v -3.165302 14.743327 -0.837954
v -3.660943 14.611550 -0.864137
v -4.555665 14.757948 -0.917047
v -4.677295 14.577314 -0.852926
v -5.297215 14.475656 -0.827895
v -5.831799 14.507318 -0.853781
v -5.985772 14.443910 -0.835292
v -5.790682 14.342444 -0.553729
v -5.770247 14.140621 -0.347188
v -5.763714 13.906627 -0.538067
v -6.113162 13.747325 -0.835540
v -4.638355 14.463710 -0.452894
v -5.296986 14.395014 -0.546416
v -4.948450 14.041413 -0.283810
v -2.747785 14.163876 -0.035330
v -3.143934 14.538394 -0.291630
v -2.750409 14.593241 -0.250906
v -3.202319 14.171032 -0.041751
v -3.131859 13.762844 -0.360933
v -3.575941 13.738879 -0.393509
v -3.588505 14.161907 -0.120441
v -4.041474 14.162667 -0.067429
v -3.592645 14.545707 -0.463728
v -6.618649 14.241823 -0.959504
v -6.603624 14.130844 -1.019998
v -6.618072 14.318769 -0.794616
v -6.602445 14.291651 -0.574014
v -6.600087 14.140690 -0.507094
v -6.591915 14.000570 -0.580473
v -1.571408 13.424232 0.138426
v -1.526891 13.009563 -0.095116
v -1.539879 12.738081 -0.523746
v -1.523411 12.957709 -1.024577
v -1.614172 13.321373 -1.401888
v -1.891425 13.738003 -1.413707
v -1.661139 13.697776 -1.520802
v -1.696020 14.206553 -1.607855
v -2.170148 14.215172 -1.560422
v -2.752401 14.137323 -1.254470
v 6.600238 13.977458 -0.988133
v 6.221706 14.115902 -1.092782
v 6.603519 14.130845 -1.019998
v 2.017548 14.885067 -0.746878
v 1.757617 14.894519 -1.102102
v 1.757904 14.946655 -0.760433
v 1.768577 14.892741 -0.402549
v 1.746107 14.655091 -0.105461
v 1.972975 14.713686 -0.180028
v 1.727935 14.235442 0.061757
v 1.898188 14.205923 0.058567
v 1.712985 13.511928 -0.050354
v 2.037989 13.590840 -0.137157
v 1.764905 13.257083 -0.673828
v 2.073642 13.356065 -0.727421
v 2.062490 13.451365 -1.301306
v 2.624536 13.413530 -0.789658
v 2.704547 13.558829 -1.171278
v 3.127738 13.537336 -0.809740
v 3.140316 13.748346 -1.061440
v 3.588684 13.727009 -0.976799
v 3.146984 14.148235 -1.275667
v 3.598875 14.150527 -1.171001
v 3.987791 13.724457 -1.252243
v 4.024652 14.143496 -1.550591
v 4.265565 13.695203 -1.311718
v 4.277530 14.113653 -1.489392
v 4.526438 13.714466 -1.242041
v 4.502762 14.134916 -1.465623
v 4.892900 13.854063 -1.128562
v 4.913410 14.138713 -1.326395
v 5.297538 13.915963 -1.081992
v 5.297803 14.097942 -1.289342
v 5.903112 14.078275 -1.156221
v 5.794022 13.765553 -1.000012
v 6.103282 14.072403 -1.160674
v 6.094573 13.831011 -1.008844
v 6.219263 13.937257 -0.988523
v 6.213362 13.868753 -0.755388
v 6.599834 13.936722 -0.701069
v 6.591809 14.000571 -0.580473
v 6.208070 13.948739 -0.551271
v 6.253165 14.129536 -0.460806
v 6.072499 14.142086 -0.389007
v 6.077166 14.400877 -0.530429
v 5.790576 14.342445 -0.553729
v 5.985669 14.443911 -0.835292
v 5.831693 14.507318 -0.853781
v 5.860889 14.362462 -1.104400
v 5.297445 14.406387 -1.135499
v 5.297803 14.097942 -1.289342
v 4.892230 14.447916 -1.193881
v 4.913410 14.138713 -1.326395
v 4.516174 14.526080 -1.349913
v 4.502762 14.134916 -1.465623
v 4.267962 14.513834 -1.364612
v 4.277530 14.113653 -1.489392
v 3.999187 14.500492 -1.310681
v 4.024652 14.143496 -1.550591
v 3.642873 14.401846 -1.082972
v 3.598875 14.150527 -1.171001
v 3.146799 14.445730 -1.122151
v 3.146984 14.148235 -1.275667
v 2.752294 14.137322 -1.254470
v 2.752247 14.500243 -1.095256
v 2.169991 14.215180 -1.560422
v 2.333666 14.553229 -1.241230
v 2.013454 14.655286 -1.231543
v 2.356723 14.768776 -0.779121
v 2.312829 14.580183 -0.249315
v 2.297513 14.204035 0.010079
v 2.750302 14.593240 -0.250906
v 2.747678 14.163875 -0.035330
v 3.195704 14.187039 -0.099401
v 2.644329 13.630532 -0.218734
v 3.131752 13.762842 -0.360933
v 3.575834 13.738878 -0.393509
v 3.595577 13.448104 -0.818088
v 3.992270 13.519997 -0.854978
v 4.274326 13.382314 -0.856204
v 4.566795 13.554744 -0.876672
v 4.729768 13.408628 -0.809117
v 4.589615 13.649706 -0.437667
v 4.967525 13.470563 -0.749549
v 5.001711 13.735579 -0.466271
v 5.297518 13.708420 -0.763850
v 5.763608 13.906628 -0.538067
v 6.113060 13.747326 -0.835540
v 6.064758 13.896446 -0.549928
v 5.770140 14.140622 -0.347188
v 5.296898 14.395014 -0.546416
v 5.297129 14.475656 -0.827895
v 4.638248 14.463710 -0.452894
v 4.677187 14.577314 -0.852926
v 4.520674 14.460101 -0.521616
v 4.555559 14.757948 -0.917047
v 4.325084 14.803604 -0.877577
v 3.981504 14.693190 -0.882226
v 3.660836 14.611549 -0.864138
v 3.165195 14.743326 -0.837954
v 2.755343 14.761486 -0.800691
v 4.449633 14.101084 -0.254882
v 3.143826 14.538393 -0.291631
v 3.592537 14.545706 -0.463728
v 3.991580 14.512665 -0.481516
v 4.041368 14.162666 -0.067429
v 4.504132 13.730196 -0.501686
v 3.971885 13.740891 -0.464043
v 3.600396 14.165226 -0.097923
v 4.684571 14.138702 -0.136192
v 4.948363 14.041413 -0.283810
v 1.738976 14.681998 -1.384857
v 1.695948 14.206553 -1.607854
v 6.235748 14.381547 -0.761045
v 6.219263 14.299097 -0.997545
v 6.121802 14.387212 -1.139545
v 6.130821 14.487680 -0.832707
v 6.255514 14.306684 -0.563516
v 6.599980 14.140691 -0.507094
v 6.602339 14.291652 -0.574013
v 6.617966 14.318770 -0.794616
v 6.618543 14.241824 -0.959504
v 6.603519 14.130845 -1.019998
v 6.221706 14.115902 -1.092782
v 6.103282 14.072403 -1.160674
v 5.903112 14.078275 -1.156221
v 2.752294 14.137322 -1.254470
v 2.169991 14.215180 -1.560422
v 1.891345 13.738002 -1.413707
v 1.695948 14.206553 -1.607854
v 1.661504 13.697775 -1.520802
v 1.614566 13.321373 -1.401888
v 1.522716 12.957709 -1.024577
v 1.534236 12.739283 -0.519299
v 1.526516 13.009563 -0.095132
v 1.571830 13.424232 0.138426
v 1.242741 10.834057 -0.916755
v 1.440064 11.007013 -0.318221
v 1.480003 10.796386 -0.324622
v 1.195873 11.199302 -0.873027
v 1.423886 11.184224 -0.338735
v 1.170908 11.053967 -0.867560
v 0.682924 10.867021 -1.329594
v 0.679121 11.067822 -1.296480
v -0.001200 10.836596 -1.422587
v -0.000793 11.030566 -1.400914
v -0.684184 10.866962 -1.329515
v -0.680615 11.067764 -1.296407
v -1.244064 10.834552 -0.917447
v -1.172419 11.053979 -0.867517
v -1.478605 10.805524 -0.324290
v -1.440370 11.014154 -0.318268
v -1.307338 10.779066 0.225921
v -1.279205 10.983755 0.176828
v -0.895097 10.762814 0.530514
v -0.885943 10.957104 0.495163
v -0.413552 10.762294 0.662483
v -0.418384 10.967469 0.658174
v -0.211055 10.760141 0.714470
v -0.000764 10.954733 0.707452
v -0.000668 10.760028 0.707682
v 0.411960 10.762363 0.662466
v 0.416593 10.967519 0.658168
v 0.894218 10.762973 0.531354
v 0.889800 10.957850 0.503450
v 1.306037 10.779066 0.225919
v 1.277681 10.983755 0.176825
v 1.480003 10.796386 -0.324622
v 1.440064 11.007013 -0.318221
v 1.301623 11.162484 0.151337
v 1.423886 11.184224 -0.338735
v 0.661175 11.220808 -1.305066
v -0.000700 11.180413 -1.416905
v -0.662636 11.220759 -1.304994
v -1.197345 11.199312 -0.873020
v -1.425358 11.185544 -0.338768
v -1.303095 11.162484 0.151336
v -0.902884 11.151808 0.482588
v -0.403187 11.135353 0.661751
v -0.207915 11.133151 0.716463
v -0.000772 11.131001 0.714646
v 0.401586 11.135373 0.661750
v 0.901652 11.151061 0.482779
v 6.941027 14.128733 -0.749816
v 6.600238 13.977458 -0.988133
v 6.603519 14.130845 -1.019998
v 6.599834 13.936722 -0.701069
v 6.591809 14.000571 -0.580473
v 6.599980 14.140691 -0.507094
v 6.602339 14.291652 -0.574013
v 6.617966 14.318770 -0.794616
v 6.618543 14.241824 -0.959504
v 6.603519 14.130845 -1.019998
v -6.941134 14.128736 -0.749816
v -6.603624 14.130844 -1.019998
v -6.600344 13.977457 -0.988133
v -6.599938 13.936721 -0.701069
v -6.591915 14.000570 -0.580473
v -6.600087 14.140690 -0.507094
v -6.602445 14.291651 -0.574014
v -6.618072 14.318769 -0.794616
v -6.618649 14.241823 -0.959504
v -6.603624 14.130844 -1.019998
vt 0.613300 0.245600
vt 0.598100 0.245600
vt 0.613300 0.219700
vt 0.118500 0.289600
vt 0.155200 0.272000
vt 0.154800 0.289100
vt 0.117800 0.271500
vt 0.098700 0.289600
vt 0.087600 0.271500
vt 0.107200 0.245600
vt 0.073500 0.250500
vt 0.055500 0.228500
vt 0.049600 0.255900
vt 0.028800 0.224600
vt 0.028400 0.249500
vt 0.002400 0.249500
vt 0.002200 0.224600
vt 0.002000 0.198700
vt 0.018000 0.197300
vt 0.018400 0.152800
vt 0.055200 0.154300
vt 0.055900 0.136200
vt 0.103600 0.134300
vt 0.102600 0.106400
vt 0.134900 0.109400
vt 0.130500 0.059600
vt 0.178500 0.083000
vt 0.177900 0.059600
vt 0.225000 0.063500
vt 0.177500 0.025400
vt 0.225000 0.025400
vt 0.225000 0.014200
vt 0.274900 0.025400
vt 0.273700 0.014200
vt 0.325200 0.014200
vt 0.272900 0.002900
vt 0.325000 0.002900
vt 0.376500 0.014200
vt 0.377200 0.002900
vt 0.425000 0.014200
vt 0.425000 0.002900
vt 0.472700 0.014200
vt 0.472900 0.002900
vt 0.520000 0.014200
vt 0.521000 0.002900
vt 0.557100 0.014200
vt 0.556600 0.002900
vt 0.598100 0.002900
vt 0.597700 0.014200
vt 0.614700 0.002900
vt 0.613800 0.014200
vt 0.597700 0.025400
vt 0.613800 0.025400
vt 0.596700 0.059600
vt 0.613300 0.059600
vt 0.593300 0.105000
vt 0.613300 0.104500
vt 0.594200 0.136200
vt 0.613300 0.135700
vt 0.594700 0.154300
vt 0.612800 0.153800
vt 0.592300 0.196300
vt 0.612800 0.194300
vt 0.594700 0.228500
vt 0.580600 0.250500
vt 0.590800 0.271500
vt 0.564900 0.271500
vt 0.581500 0.289600
vt 0.555200 0.289600
vt 0.534200 0.289600
vt 0.534700 0.271500
vt 0.495600 0.289100
vt 0.495100 0.272000
vt 0.543000 0.245600
vt 0.502400 0.245600
vt 0.546900 0.196300
vt 0.507800 0.197800
vt 0.545400 0.156700
vt 0.509300 0.149400
vt 0.546400 0.134300
vt 0.547400 0.106400
vt 0.553700 0.059600
vt 0.556600 0.025400
vt 0.520000 0.025400
vt 0.472400 0.025400
vt 0.472200 0.059600
vt 0.425000 0.025400
vt 0.425000 0.063500
vt 0.373800 0.052200
vt 0.374800 0.066900
vt 0.325200 0.054200
vt 0.375500 0.107900
vt 0.325200 0.107900
vt 0.325200 0.147000
vt 0.275900 0.147500
vt 0.325200 0.178200
vt 0.279300 0.180700
vt 0.285600 0.218300
vt 0.257600 0.182100
vt 0.251700 0.215800
vt 0.210400 0.196300
vt 0.247300 0.244100
vt 0.199100 0.241700
vt 0.196000 0.271500
vt 0.243200 0.271500
vt 0.197000 0.289600
vt 0.238800 0.289600
vt 0.269500 0.271500
vt 0.264900 0.289600
vt 0.289600 0.289600
vt 0.297100 0.271500
vt 0.309800 0.263700
vt 0.282500 0.244600
vt 0.325000 0.246100
vt 0.325000 0.223100
vt 0.367700 0.244600
vt 0.325200 0.216800
vt 0.364500 0.218300
vt 0.370800 0.180700
vt 0.398200 0.215800
vt 0.392600 0.182100
vt 0.439700 0.196300
vt 0.437000 0.163100
vt 0.393800 0.159200
vt 0.437000 0.139200
vt 0.406200 0.123500
vt 0.425000 0.103500
vt 0.374300 0.147500
vt 0.504900 0.125000
vt 0.515100 0.102500
vt 0.519500 0.059600
vt 0.471700 0.083000
vt 0.470900 0.106400
vt 0.444600 0.117700
vt 0.059400 0.271500
vt 0.068600 0.289600
vt 0.001600 0.014200
vt 0.002800 0.002900
vt 0.015800 0.002900
vt 0.015300 0.014200
vt 0.001600 0.025400
vt 0.016200 0.025400
vt 0.001600 0.059600
vt 0.017300 0.059600
vt 0.001600 0.104500
vt 0.018800 0.104500
vt 0.051900 0.059600
vt 0.056700 0.105000
vt 0.096300 0.059600
vt 0.129800 0.025400
vt 0.177400 0.014200
vt 0.177200 0.002900
vt 0.225000 0.002900
vt 0.001600 0.135300
vt 0.018700 0.135300
vt 0.001600 0.153800
vt 0.129300 0.002900
vt 0.129900 0.014200
vt 0.093300 0.025400
vt 0.050200 0.025400
vt 0.049300 0.014200
vt 0.049000 0.002900
vt 0.093400 0.002900
vt 0.092800 0.014200
vt 0.103100 0.196300
vt 0.142200 0.197800
vt 0.147500 0.245600
vt 0.057900 0.196300
vt 0.104700 0.156700
vt 0.140700 0.149400
vt 0.145400 0.125000
vt 0.179100 0.106400
vt 0.225000 0.103500
vt 0.205600 0.117700
vt 0.213300 0.139200
vt 0.325200 0.025400
vt 0.375200 0.025400
vt 0.325200 0.044400
vt 0.276400 0.052200
vt 0.275400 0.066900
vt 0.274400 0.107900
vt 0.243900 0.123500
vt 0.256300 0.159200
vt 0.213300 0.163100
vt 0.341600 0.263700
vt 0.325400 0.256800
vt 0.325000 0.264200
vt 0.450000 0.241700
vt 0.402800 0.244100
vt 0.380400 0.271500
vt 0.353000 0.271500
vt 0.360600 0.289600
vt 0.385300 0.289600
vt 0.407000 0.271500
vt 0.411400 0.289600
vt 0.454300 0.271500
vt 0.452900 0.289600
vt 0.952100 0.287600
vt 0.942900 0.311500
vt 0.966800 0.302700
vt 0.990200 0.287100
vt 0.984900 0.277300
vt 0.880400 0.169900
vt 0.906200 0.167000
vt 0.904800 0.149400
vt 0.881800 0.136200
vt 0.854500 0.137200
vt 0.854000 0.110400
vt 0.824200 0.137200
vt 0.828600 0.109900
vt 0.802200 0.102500
vt 0.829100 0.084500
vt 0.805700 0.071300
vt 0.808100 0.053200
vt 0.783200 0.067400
vt 0.786100 0.047400
vt 0.763200 0.061000
vt 0.767100 0.042000
vt 0.789100 0.027300
vt 0.771000 0.023400
vt 0.796900 0.013700
vt 0.780800 0.007800
vt 0.784700 0.002900
vt 0.799300 0.007800
vt 0.822300 0.013200
vt 0.814500 0.017600
vt 0.833000 0.019500
vt 0.832000 0.039600
vt 0.852100 0.020000
vt 0.852500 0.040000
vt 0.871100 0.019000
vt 0.872100 0.039100
vt 0.889200 0.017600
vt 0.891600 0.034200
vt 0.906200 0.013200
vt 0.914100 0.027300
vt 0.921400 0.006300
vt 0.932100 0.020500
vt 0.917500 0.047400
vt 0.939000 0.038600
vt 0.921400 0.067400
vt 0.945800 0.057100
vt 0.948200 0.084000
vt 0.925300 0.089400
vt 0.956100 0.130400
vt 0.933600 0.133800
vt 0.959000 0.145000
vt 0.934100 0.147900
vt 0.958500 0.160600
vt 0.934100 0.164600
vt 0.960000 0.185500
vt 0.934600 0.189000
vt 0.964400 0.211900
vt 0.939900 0.216300
vt 0.968300 0.233900
vt 0.941900 0.240700
vt 0.946300 0.271000
vt 0.919400 0.291000
vt 0.926300 0.314500
vt 0.885700 0.300300
vt 0.909700 0.318800
vt 0.887200 0.323200
vt 0.858400 0.325200
vt 0.854500 0.307100
vt 0.812500 0.331100
vt 0.822800 0.283200
vt 0.784200 0.324700
vt 0.790000 0.288100
vt 0.758300 0.265600
vt 0.795900 0.251000
vt 0.766100 0.244100
vt 0.769000 0.218300
vt 0.741700 0.212900
vt 0.746100 0.188000
vt 0.774400 0.191400
vt 0.746100 0.163600
vt 0.775900 0.167000
vt 0.747600 0.147500
vt 0.772900 0.150400
vt 0.748000 0.131300
vt 0.776900 0.133800
vt 0.758300 0.085900
vt 0.781700 0.090800
vt 0.799300 0.136700
vt 0.800300 0.153300
vt 0.826200 0.171400
vt 0.801300 0.170400
vt 0.801300 0.195300
vt 0.799300 0.223600
vt 0.826200 0.255400
vt 0.852500 0.286100
vt 0.884800 0.282700
vt 0.917000 0.276400
vt 0.913100 0.246600
vt 0.910200 0.220700
vt 0.907200 0.192400
vt 0.906700 0.133300
vt 0.902300 0.101600
vt 0.898900 0.074200
vt 0.895000 0.054200
vt 0.893600 0.043900
vt 0.875000 0.058600
vt 0.853000 0.060100
vt 0.830600 0.062000
vt 0.810500 0.035600
vt 0.876000 0.109400
vt 0.877400 0.078600
vt 0.853500 0.080600
vt 0.855000 0.252900
vt 0.878900 0.225600
vt 0.882300 0.251500
vt 0.855500 0.228000
vt 0.827600 0.226600
vt 0.827100 0.197300
vt 0.855000 0.197800
vt 0.854500 0.171400
vt 0.880900 0.196300
vt 0.904300 0.007300
vt 0.918500 0.000500
vt 0.886700 0.012200
vt 0.868200 0.014200
vt 0.851100 0.014200
vt 0.835000 0.013700
vt 0.825700 0.344200
vt 0.809100 0.356000
vt 0.779300 0.357400
vt 0.753900 0.346700
vt 0.743200 0.326200
vt 0.740700 0.287600
vt 0.723600 0.309600
vt 0.711400 0.282700
vt 0.716800 0.273400
vt 0.738800 0.232900
vt 0.799300 0.007800
vt 0.780800 0.007800
vt 0.784700 0.002900
vt 0.919400 0.291000
vt 0.942900 0.311500
vt 0.926300 0.314500
vt 0.909700 0.318800
vt 0.887200 0.323200
vt 0.885700 0.300300
vt 0.858400 0.325200
vt 0.854500 0.307100
vt 0.812500 0.331100
vt 0.822800 0.283200
vt 0.784200 0.324700
vt 0.790000 0.287600
vt 0.758300 0.265600
vt 0.795900 0.251000
vt 0.766100 0.244100
vt 0.799300 0.223600
vt 0.769000 0.217800
vt 0.774400 0.191400
vt 0.741700 0.212900
vt 0.746100 0.187500
vt 0.775900 0.167000
vt 0.746100 0.163600
vt 0.772900 0.150400
vt 0.747600 0.147500
vt 0.776900 0.133800
vt 0.748000 0.131300
vt 0.781700 0.090800
vt 0.758300 0.085900
vt 0.783200 0.067400
vt 0.763200 0.061000
vt 0.767100 0.042000
vt 0.786100 0.047400
vt 0.771000 0.023400
vt 0.789100 0.027300
vt 0.796900 0.013700
vt 0.814500 0.017600
vt 0.822300 0.013200
vt 0.835000 0.013700
vt 0.833000 0.019500
vt 0.852100 0.020000
vt 0.852500 0.039600
vt 0.872100 0.039100
vt 0.875000 0.058600
vt 0.893600 0.043900
vt 0.895000 0.054200
vt 0.917500 0.047400
vt 0.921400 0.067400
vt 0.945800 0.057100
vt 0.925300 0.089400
vt 0.948200 0.084000
vt 0.933600 0.133800
vt 0.956100 0.130400
vt 0.934100 0.147900
vt 0.959000 0.145000
vt 0.934100 0.164600
vt 0.958500 0.160600
vt 0.934600 0.189000
vt 0.960000 0.185500
vt 0.939900 0.216300
vt 0.964400 0.211900
vt 0.968300 0.233900
vt 0.941900 0.240700
vt 0.984900 0.277300
vt 0.946300 0.271000
vt 0.952100 0.287600
vt 0.917000 0.276400
vt 0.884800 0.282700
vt 0.852500 0.286100
vt 0.882300 0.251500
vt 0.855000 0.252900
vt 0.855500 0.228000
vt 0.826200 0.255400
vt 0.827600 0.226600
vt 0.827100 0.197300
vt 0.801300 0.195300
vt 0.801300 0.169900
vt 0.800300 0.153300
vt 0.799300 0.136700
vt 0.802200 0.102500
vt 0.828600 0.109900
vt 0.805700 0.071300
vt 0.829100 0.084500
vt 0.808100 0.053200
vt 0.830600 0.062000
vt 0.810500 0.035600
vt 0.832000 0.039600
vt 0.853000 0.060100
vt 0.877400 0.078600
vt 0.898900 0.073700
vt 0.876000 0.109400
vt 0.902300 0.101600
vt 0.881800 0.136200
vt 0.906700 0.133300
vt 0.904800 0.148900
vt 0.906200 0.167000
vt 0.907200 0.192400
vt 0.910200 0.220700
vt 0.913100 0.246600
vt 0.854500 0.137200
vt 0.878900 0.225600
vt 0.880900 0.196300
vt 0.880400 0.169900
vt 0.854500 0.171400
vt 0.824200 0.137200
vt 0.826200 0.171400
vt 0.855000 0.197800
vt 0.854000 0.110400
vt 0.853500 0.080600
vt 0.966800 0.302700
vt 0.990200 0.287100
vt 0.889200 0.017600
vt 0.906200 0.013200
vt 0.914100 0.027300
vt 0.891600 0.034200
vt 0.871100 0.019000
vt 0.851100 0.014200
vt 0.868200 0.014200
vt 0.886700 0.012200
vt 0.904300 0.007300
vt 0.918500 0.000500
vt 0.921400 0.006300
vt 0.932100 0.020500
vt 0.939000 0.038600
vt 0.738800 0.232900
vt 0.716800 0.273400
vt 0.740700 0.287600
vt 0.711400 0.282700
vt 0.723600 0.309600
vt 0.743200 0.326200
vt 0.753900 0.346700
vt 0.779300 0.357400
vt 0.809100 0.356000
vt 0.825700 0.344200
vt 0.044600 0.871000
vt 0.003000 0.884100
vt 0.002900 0.871000
vt 0.042800 0.899700
vt 0.005000 0.899700
vt 0.044400 0.884100
vt 0.094800 0.871000
vt 0.091500 0.884100
vt 0.154800 0.871000
vt 0.154800 0.884100
vt 0.214800 0.871000
vt 0.218000 0.884100
vt 0.264900 0.871000
vt 0.265100 0.884100
vt 0.306600 0.871000
vt 0.306600 0.884100
vt 0.344500 0.871000
vt 0.341800 0.884100
vt 0.381100 0.871000
vt 0.379200 0.884100
vt 0.426500 0.871000
vt 0.425800 0.884100
vt 0.442600 0.871000
vt 0.460200 0.884100
vt 0.460200 0.871000
vt 0.493700 0.871000
vt 0.494400 0.884100
vt 0.539100 0.871000
vt 0.541000 0.884100
vt 0.575700 0.871000
vt 0.578600 0.884100
vt 0.613800 0.871000
vt 0.613800 0.884100
vt 0.581500 0.899700
vt 0.615700 0.899700
vt 0.092300 0.899700
vt 0.154800 0.899700
vt 0.217300 0.899700
vt 0.266600 0.899700
vt 0.304400 0.899700
vt 0.338600 0.899700
vt 0.376200 0.899700
vt 0.426800 0.899700
vt 0.442900 0.899700
vt 0.460200 0.899700
vt 0.493400 0.899700
vt 0.543900 0.899700
vt 0.473400 0.217300
vt 0.456300 0.179700
vt 0.450200 0.178700
vt 0.464100 0.180700
vt 0.468000 0.181600
vt 0.473400 0.181600
vt 0.478500 0.181600
vt 0.484100 0.180700
vt 0.490000 0.179200
vt 0.496100 0.177700
vt 0.473400 0.217300
vt 0.450200 0.178700
vt 0.456300 0.179700
vt 0.464100 0.180700
vt 0.468000 0.181600
vt 0.473400 0.181600
vt 0.478500 0.181600
vt 0.484100 0.180700
vt 0.490000 0.179200
vt 0.496100 0.177700
vn -0.0621 0.7275 0.6833
vn -0.0890 0.8070 0.5839
vn -0.0736 0.6937 0.7165
vn 0.0837 0.9787 0.1877
vn 0.0822 0.9113 0.4034
vn 0.1172 0.9825 0.1445
vn 0.0357 0.9263 0.3751
vn 0.0595 0.9554 0.2893
vn 0.0100 0.9188 0.3946
vn 0.0788 0.7215 0.6879
vn 0.0530 0.7811 0.6221
vn 0.0953 0.6844 0.7228
vn 0.1280 0.8032 0.5818
vn 0.0453 0.6793 0.7324
vn 0.0901 0.6918 0.7165
vn -0.0601 0.7185 0.6929
vn -0.0502 0.6956 0.7167
vn -0.1089 0.5371 0.8365
vn -0.0234 0.5058 0.8623
vn -0.0511 0.1558 0.9865
vn 0.2216 0.1622 0.9615
vn 0.2309 -0.0387 0.9722
vn 0.5060 -0.0685 0.8598
vn 0.5148 -0.0825 0.8533
vn 0.7933 -0.2109 0.5712
vn 0.8414 -0.0302 0.5395
vn 0.9820 -0.1869 0.0286
vn 0.9959 -0.0775 0.0466
vn 0.8840 -0.1354 -0.4475
vn 0.9307 0.3609 0.0603
vn 0.8519 -0.1314 -0.5069
vn 0.7362 -0.4525 -0.5033
vn 0.4662 0.0495 -0.8833
vn 0.3907 -0.3095 -0.8669
vn -0.0023 -0.2848 -0.9586
vn 0.2229 -0.8454 -0.4853
vn 0.0011 -0.8432 -0.5375
vn -0.4055 -0.3220 -0.8555
vn -0.2681 -0.8348 -0.4809
vn -0.6698 -0.4949 -0.5536
vn -0.6090 -0.6197 -0.4951
vn -0.9969 -0.0308 0.0731
vn -0.7820 -0.6229 -0.0227
vn -0.8539 0.0754 0.5149
vn -0.7723 0.0553 0.6328
vn -0.5197 -0.0007 0.8544
vn -0.3859 0.6098 0.6923
vn -0.3644 -0.4893 0.7924
vn -0.3558 -0.3043 0.8836
vn -0.2244 -0.5428 0.8093
vn -0.2434 -0.3064 0.9203
vn -0.3027 0.0479 0.9519
vn -0.2558 0.0306 0.9663
vn -0.2813 0.0739 0.9568
vn -0.2382 0.0707 0.9686
vn -0.2910 -0.0501 0.9554
vn -0.2022 -0.0361 0.9787
vn -0.2663 0.0298 0.9634
vn -0.1795 0.0338 0.9832
vn -0.2351 0.2047 0.9502
vn -0.1425 0.2337 0.9618
vn -0.1301 0.4962 0.8584
vn -0.0693 0.5027 0.8617
vn -0.0805 0.6788 0.7299
vn -0.0538 0.7808 0.6225
vn -0.0426 0.9026 0.4285
vn -0.0367 0.9103 0.4123
vn -0.1031 0.9374 0.3326
vn -0.1208 0.9466 0.2988
vn -0.0776 0.9725 0.2198
vn -0.0284 0.9339 0.3565
vn -0.0883 0.9817 0.1686
vn -0.0720 0.9161 0.3944
vn -0.0805 0.7212 0.6880
vn -0.1716 0.6390 0.7498
vn -0.2497 0.3809 0.8902
vn -0.3918 0.2259 0.8919
vn -0.4267 0.1110 0.8975
vn -0.6296 -0.1065 0.7696
vn -0.5013 -0.0536 0.8636
vn -0.5103 -0.0902 0.8553
vn -0.5181 0.0295 0.8548
vn -0.5404 -0.2078 0.8154
vn -0.8284 0.1139 0.5484
vn -0.9090 0.3728 0.1865
vn -0.9952 -0.0673 0.0707
vn -0.8342 -0.1267 -0.5368
vn -0.8900 -0.1000 -0.4449
vn -0.4347 -0.6169 -0.6561
vn -0.4701 -0.6020 -0.6454
vn -0.0000 -0.7061 -0.7082
vn -0.5008 -0.2766 -0.8202
vn -0.0066 -0.2784 -0.9604
vn 0.0049 -0.0584 -0.9983
vn 0.4558 -0.0810 -0.8864
vn 0.0114 0.1356 -0.9907
vn 0.3579 0.1008 -0.9283
vn 0.2348 0.4091 -0.8817
vn 0.4261 0.0042 -0.9047
vn 0.2921 0.3439 -0.8924
vn 0.2813 0.1689 -0.9446
vn 0.2339 0.6297 -0.7408
vn 0.2048 0.6133 -0.7628
vn 0.2047 0.9019 -0.3805
vn 0.1596 0.9367 -0.3116
vn 0.1778 0.9774 -0.1143
vn 0.1076 0.9934 -0.0388
vn 0.1399 0.9642 -0.2252
vn 0.1203 0.9925 -0.0228
vn 0.2191 0.9750 -0.0355
vn 0.2033 0.9695 -0.1366
vn 0.1649 0.9044 -0.3935
vn 0.1628 0.7526 -0.6381
vn -0.0177 0.4610 -0.8872
vn -0.0140 0.8340 -0.5516
vn -0.1508 0.7782 -0.6096
vn -0.0064 0.5797 -0.8148
vn -0.1979 0.4426 -0.8746
vn -0.3309 0.0994 -0.9384
vn -0.3080 0.3292 -0.8926
vn -0.4829 -0.0233 -0.8754
vn -0.2925 0.1424 -0.9456
vn -0.3722 -0.2345 -0.8980
vn -0.5778 -0.1363 -0.8047
vn -0.5342 -0.3773 -0.7565
vn -0.6547 -0.3138 -0.6877
vn -0.8298 -0.3659 -0.4213
vn -0.4508 -0.1073 -0.8862
vn -0.8349 -0.4040 0.3738
vn -0.7970 -0.2058 0.5678
vn -0.8500 -0.0408 0.5253
vn -0.9814 -0.1898 0.0282
vn -0.9539 -0.3000 -0.0064
vn -0.8307 -0.4920 -0.2604
vn 0.0623 0.9063 0.4179
vn 0.1571 0.8836 0.4411
vn 0.0003 -0.3075 0.9516
vn 0.0016 -0.5489 0.8359
vn 0.0575 -0.5543 0.8304
vn 0.0594 -0.3187 0.9460
vn 0.0025 0.0475 0.9989
vn 0.0600 0.0426 0.9973
vn 0.0109 0.0789 0.9968
vn 0.0644 0.0790 0.9948
vn 0.0053 -0.0337 0.9994
vn 0.0574 -0.0344 0.9978
vn 0.2240 0.0592 0.9728
vn 0.2410 -0.0357 0.9699
vn 0.5241 0.0109 0.8516
vn 0.8141 0.1152 0.5692
vn 0.9993 0.0132 -0.0338
vn 0.7682 -0.6357 -0.0754
vn 0.6234 -0.6357 -0.4552
vn 0.0053 0.0441 0.9990
vn 0.0285 -0.0215 0.9994
vn -0.1549 0.2092 0.9655
vn 0.7795 -0.0218 0.6260
vn 0.8226 0.1066 0.5586
vn 0.4960 -0.2338 0.8362
vn 0.2800 0.0281 0.9596
vn 0.3415 -0.2329 0.9106
vn 0.2078 -0.5499 0.8090
vn 0.4840 0.5152 0.7074
vn 0.5531 0.0843 0.8289
vn 0.2612 0.3860 0.8848
vn 0.3918 0.2259 0.8919
vn 0.1716 0.6391 0.7498
vn 0.1344 0.5199 0.8436
vn 0.4470 0.1087 0.8879
vn 0.6289 -0.1081 0.7699
vn 0.8332 -0.4086 0.3725
vn 0.9550 -0.2965 -0.0020
vn 0.8305 -0.3677 -0.4184
vn 0.8301 -0.4952 -0.2564
vn 0.5338 -0.3781 -0.7564
vn -0.0042 0.0963 -0.9953
vn -0.4338 0.0097 -0.9010
vn -0.0026 -0.6152 -0.7884
vn 0.4562 -0.6309 -0.6276
vn 0.4701 -0.6025 -0.6450
vn 0.5060 -0.2833 -0.8147
vn 0.6544 -0.3152 -0.6873
vn 0.5467 -0.1218 -0.8284
vn 0.3820 -0.2413 -0.8921
vn -0.1762 0.8867 -0.4275
vn -0.0034 0.6444 -0.7647
vn -0.0118 0.9983 -0.0567
vn -0.2243 0.6309 -0.7427
vn -0.2072 0.6787 -0.7046
vn -0.1654 0.9446 -0.2836
vn -0.2000 0.9702 -0.1365
vn -0.2154 0.9759 -0.0337
vn -0.1248 0.9917 -0.0319
vn -0.1376 0.9345 -0.3282
vn -0.1260 0.9896 -0.0691
vn -0.1819 0.9111 -0.3700
vn -0.1412 0.9786 -0.1495
vn -0.3304 0.7172 -0.6136
vn -0.4317 0.8140 -0.3886
vn -0.4573 0.5044 -0.7325
vn -0.2092 0.5372 -0.8171
vn -0.2091 0.5717 -0.7934
vn -0.0650 0.8250 0.5614
vn 0.3166 0.9478 -0.0379
vn -0.0005 0.9969 0.0793
vn 0.1338 0.7132 0.6881
vn 0.0912 -0.0233 0.9956
vn -0.0479 0.1505 0.9874
vn 0.3402 -0.6661 0.6637
vn 0.3707 -0.6741 0.6389
vn 0.1260 -0.9790 -0.1601
vn -0.2276 -0.6619 0.7142
vn -0.3527 -0.9345 0.0475
vn -0.3011 -0.9534 -0.0204
vn -0.0596 -0.7672 -0.6386
vn -0.0513 -0.8202 -0.5697
vn -0.0626 -0.6666 -0.7428
vn -0.0847 -0.4969 -0.8636
vn -0.3813 -0.6873 -0.6183
vn -0.2724 -0.5088 -0.8167
vn -0.4243 -0.7012 -0.5729
vn -0.3811 -0.4699 -0.7962
vn -0.0738 -0.3010 -0.9508
vn -0.0752 -0.7054 -0.7048
vn -0.1480 -0.9763 0.1580
vn -0.4250 -0.8973 0.1191
vn -0.2015 -0.7138 0.6707
vn -0.1784 -0.7312 0.6584
vn -0.2451 -0.0213 0.9693
vn -0.2340 -0.0452 0.9712
vn -0.2706 0.7195 0.6396
vn -0.1461 0.8114 0.5660
vn -0.4289 0.9023 0.0442
vn -0.2675 0.9624 -0.0472
vn -0.6009 0.6158 -0.5096
vn -0.3249 0.6041 -0.7277
vn -0.4594 0.2597 -0.8494
vn -0.1715 0.0909 -0.9810
vn -0.0025 0.6278 -0.7784
vn -0.0450 0.2247 -0.9734
vn -0.1505 0.7691 -0.6212
vn -0.1695 0.4400 -0.8818
vn -0.2225 0.4069 -0.8860
vn -0.2627 0.7475 -0.6101
vn -0.2081 0.2979 -0.9316
vn -0.2457 0.6383 -0.7295
vn -0.1621 0.2915 -0.9427
vn 0.0332 0.6503 -0.7589
vn 0.2053 0.4328 -0.8778
vn 0.3749 0.6782 -0.6320
vn 0.1877 0.3694 -0.9101
vn 0.1992 0.6084 -0.7682
vn -0.0383 0.4349 -0.8997
vn -0.0620 0.5689 -0.8200
vn -0.2347 0.4035 -0.8844
vn -0.1943 0.5979 -0.7777
vn -0.2493 0.7191 -0.6487
vn -0.3211 0.9470 0.0052
vn -0.2764 0.9599 0.0462
vn -0.2767 0.7003 0.6581
vn -0.4845 0.8433 0.2324
vn -0.1384 0.5287 0.8375
vn -0.1360 0.1344 0.9815
vn -0.1204 0.1038 0.9873
vn -0.6954 -0.4028 0.5951
vn -0.2472 -0.6357 0.7313
vn -0.6888 -0.7229 0.0545
vn -0.2197 -0.9699 0.1050
vn -0.2590 -0.7121 -0.6526
vn -0.2195 -0.9755 0.0150
vn -0.3444 -0.6764 -0.6511
vn -0.2234 -0.6044 -0.7647
vn -0.1761 -0.3733 -0.9108
vn 0.2811 -0.4082 -0.8685
vn 0.0972 -0.5423 -0.8346
vn 0.1981 -0.5344 -0.8217
vn 0.3259 -0.6536 -0.6831
vn -0.0722 -0.4638 -0.8830
vn -0.0145 -0.6475 -0.7619
vn -0.2313 -0.4224 -0.8764
vn -0.3099 -0.7050 -0.6380
vn -0.2012 -0.5329 -0.8219
vn -0.2600 -0.6534 -0.7110
vn -0.0625 -0.9594 -0.2750
vn -0.0532 -0.9982 0.0287
vn -0.0567 -0.7250 0.6864
vn 0.2541 -0.9657 -0.0541
vn -0.0396 -0.9816 -0.1866
vn -0.0442 -0.9882 -0.1464
vn -0.1909 -0.7043 0.6838
vn -0.1054 0.1413 0.9843
vn -0.1639 0.7539 0.6362
vn -0.1614 0.9852 -0.0583
vn -0.0746 0.9852 -0.1540
vn -0.1201 0.9661 -0.2283
vn -0.0130 0.9630 -0.2691
vn -0.4898 0.8712 -0.0337
vn -0.5321 0.8464 0.0214
vn -0.0750 0.9971 0.0089
vn -0.1722 0.9845 -0.0343
vn 0.0313 0.9995 0.0019
vn 0.0414 0.8160 0.5765
vn -0.0704 0.0620 0.9956
vn -0.0942 -0.7033 0.7046
vn -0.4694 -0.8829 -0.0087
vn 0.0365 0.7732 0.6332
vn -0.0945 0.7886 0.6076
vn -0.2587 -0.0375 0.9652
vn -0.0578 0.0503 0.9971
vn -0.1699 0.7807 0.6014
vn -0.0787 0.7817 0.6187
vn -0.1602 0.0129 0.9870
vn -0.1858 -0.7578 0.6254
vn -0.0825 -0.7040 0.7054
vn -0.0968 0.0332 0.9948
vn -0.1799 0.0578 0.9820
vn -0.1456 0.8714 0.4685
vn -0.1673 0.7167 -0.6770
vn -0.1492 0.4576 -0.8765
vn -0.1674 0.9733 -0.1573
vn -0.1026 0.7808 0.6163
vn -0.1071 0.0009 0.9943
vn -0.1473 -0.6920 0.7067
vn -0.8267 -0.2511 0.5035
vn -0.8884 -0.3551 0.2910
vn -0.9178 -0.3950 0.0407
vn -0.8690 -0.4430 -0.2204
vn -0.5355 -0.6499 -0.5393
vn -0.2404 -0.2835 -0.9284
vn -0.4441 -0.2570 -0.8583
vn -0.2021 -0.3018 -0.9317
vn -0.2156 -0.3038 -0.9280
vn -0.2023 -0.1557 -0.9669
vn 0.1801 -0.7165 -0.6740
vn 0.3278 -0.4565 -0.8271
vn 0.1910 -0.2036 -0.9602
vn 0.3327 0.9430 -0.0119
vn 0.4325 0.8136 -0.3885
vn 0.2313 0.9728 -0.0102
vn 0.6094 0.6689 0.4257
vn 0.2057 0.5978 0.7748
vn 0.1452 0.7870 0.5996
vn 0.1362 0.1345 0.9815
vn 0.0986 0.0859 0.9914
vn 0.6957 -0.4055 0.5929
vn 0.2473 -0.6356 0.7313
vn 0.6847 -0.7265 0.0588
vn 0.2197 -0.9699 0.1050
vn 0.2811 -0.6978 -0.6588
vn 0.1899 -0.9812 0.0348
vn 0.2677 -0.6388 -0.7213
vn 0.1771 -0.9785 -0.1053
vn 0.2782 -0.5968 -0.7526
vn -0.2412 -0.4896 -0.8379
vn 0.1627 -0.3605 -0.9184
vn -0.2254 -0.4328 -0.8728
vn -0.3326 -0.6530 -0.6804
vn -0.2690 -0.4707 -0.8402
vn 0.0243 -0.6657 -0.7458
vn 0.1756 -0.4118 -0.8942
vn 0.3024 -0.6239 -0.7206
vn 0.2362 -0.4727 -0.8490
vn 0.2780 -0.5757 -0.7690
vn 0.1944 -0.6040 -0.7729
vn 0.0992 -0.7190 -0.6878
vn 0.0448 -0.7509 -0.6589
vn 0.0010 -0.4879 -0.8729
vn 0.1074 -0.8980 -0.4266
vn 0.3098 -0.4884 -0.8158
vn 0.3284 -0.7163 -0.6156
vn 0.3915 -0.6875 -0.6117
vn 0.4856 -0.8672 0.1100
vn 0.1422 -0.9692 0.2009
vn 0.1263 -0.7091 0.6937
vn 0.2428 -0.7065 0.6648
vn 0.2494 -0.0233 0.9681
vn 0.1950 0.0148 0.9807
vn 0.1019 0.7925 0.6013
vn 0.0028 0.8130 0.5823
vn -0.0313 0.9995 0.0019
vn 0.1879 0.9821 0.0131
vn 0.0523 0.6416 -0.7653
vn 0.1106 0.7699 -0.6285
vn 0.1396 0.3989 -0.9063
vn 0.3206 0.7219 -0.6133
vn 0.2487 0.3640 -0.8976
vn 0.1964 0.6159 -0.7630
vn 0.1756 0.2803 -0.9437
vn -0.0954 0.6141 -0.7834
vn 0.0841 0.3889 -0.9174
vn -0.3014 0.6721 -0.6764
vn -0.1036 0.5410 -0.8346
vn -0.2664 0.5586 -0.7855
vn -0.2458 0.3907 -0.8871
vn 0.0638 0.5640 -0.8233
vn 0.0655 0.4576 -0.8867
vn 0.2347 0.4035 -0.8844
vn 0.1607 0.6457 -0.7465
vn 0.2716 0.5197 -0.8100
vn 0.2725 0.7301 -0.6266
vn 0.3575 0.7474 -0.5600
vn 0.2054 0.9737 -0.0986
vn 0.2041 0.7632 0.6130
vn 0.1338 0.1087 0.9850
vn 0.0817 0.7685 0.6346
vn 0.1238 0.0382 0.9916
vn 0.1095 0.0016 0.9940
vn 0.2032 -0.6958 0.6889
vn 0.2057 -0.7286 0.6533
vn 0.0511 -0.7234 0.6886
vn -0.0895 -0.9895 -0.1137
vn -0.1482 -0.9889 -0.0100
vn 0.0225 -0.9993 0.0304
vn -0.1655 -0.9848 -0.0522
vn -0.1129 -0.9888 -0.0971
vn -0.3542 -0.7018 0.6181
vn 0.3961 -0.9165 0.0556
vn 0.2609 -0.6464 0.7170
vn 0.3080 -0.9512 -0.0207
vn 0.0879 -0.7491 0.6566
vn 0.3817 -0.9242 -0.0129
vn 0.1373 -0.7503 0.6466
vn 0.1082 0.0720 0.9915
vn 0.1191 0.8264 0.5503
vn 0.0781 0.9952 0.0588
vn -0.1079 0.8283 0.5498
vn 0.4787 0.8328 0.2781
vn 0.0056 0.7966 0.6045
vn 0.4199 0.9051 0.0665
vn -0.0153 0.9968 0.0790
vn -0.2310 0.9712 -0.0579
vn -0.1044 0.9637 -0.2459
vn 0.1352 0.9643 -0.2278
vn 0.0265 0.9760 -0.2160
vn -0.0081 0.0003 1.0000
vn 0.1728 0.7598 0.6267
vn 0.0860 0.8833 0.4608
vn 0.0511 0.8119 0.5816
vn 0.1085 0.0665 0.9919
vn -0.3668 -0.7187 0.5907
vn 0.0226 -0.7519 0.6589
vn 0.0488 0.0327 0.9983
vn -0.0338 0.1184 0.9924
vn 0.3404 -0.1762 0.9236
vn 0.3290 0.6290 -0.7043
vn 0.0830 0.4170 -0.9051
vn 0.4871 0.8728 0.0307
vn 0.5873 0.5662 -0.5783
vn 0.3658 0.5781 -0.7294
vn 0.2536 0.9661 -0.0481
vn 0.2984 0.7280 0.6173
vn 0.1329 -0.0186 0.9910
vn 0.0761 0.8186 0.5693
vn 0.1093 0.9834 -0.1448
vn 0.1483 0.7308 -0.6663
vn 0.1492 0.4576 -0.8765
vn 0.2498 0.4493 -0.8578
vn 0.2651 0.1473 -0.9529
vn 0.0567 0.1536 -0.9865
vn 0.1416 -0.2067 -0.9681
vn 0.2476 -0.3472 -0.9045
vn 0.2407 -0.2834 -0.9283
vn 0.2022 -0.3017 -0.9317
vn 0.4448 -0.2568 -0.8580
vn 0.5355 -0.6502 -0.5389
vn 0.8675 -0.4478 -0.2168
vn 0.9176 -0.3949 0.0465
vn 0.8978 -0.3488 0.2690
vn 0.8275 -0.2517 0.5018
vn 0.7453 0.3481 -0.5686
vn 0.9151 0.1270 -0.3826
vn 0.9163 0.1846 -0.3554
vn 0.7765 -0.1367 -0.6151
vn 0.9195 0.0386 -0.3913
vn 0.7730 0.1040 -0.6258
vn 0.3909 0.1809 -0.9025
vn 0.4342 0.0732 -0.8978
vn 0.0059 0.1161 -0.9932
vn 0.0005 0.0113 -0.9999
vn -0.3708 0.1527 -0.9161
vn -0.4107 0.0836 -0.9079
vn -0.7718 0.3495 -0.5312
vn -0.8038 0.1086 -0.5849
vn -0.9777 0.2047 -0.0475
vn -0.9893 0.1377 -0.0480
vn -0.7657 0.2433 0.5955
vn -0.8137 0.1166 0.5695
vn -0.4328 0.1930 0.8806
vn -0.4713 0.0900 0.8774
vn -0.2805 0.0340 0.9593
vn -0.2442 0.0235 0.9694
vn -0.1110 0.0847 0.9902
vn 0.0309 -0.0106 0.9995
vn 0.0706 0.0012 0.9975
vn 0.1876 0.0139 0.9821
vn 0.2093 0.0151 0.9777
vn 0.4437 0.1203 0.8880
vn 0.4729 0.1068 0.8746
vn 0.7863 0.2276 0.5744
vn 0.8183 0.1103 0.5641
vn 0.9340 0.1759 0.3111
vn 0.9505 0.1204 0.2864
vn 0.8526 -0.0151 0.5224
vn 0.9625 0.1163 0.2453
vn 0.4082 -0.0154 -0.9128
vn -0.0069 -0.1013 -0.9948
vn -0.3888 -0.0112 -0.9212
vn -0.7998 -0.1466 -0.5821
vn -0.9934 0.0346 -0.1092
vn -0.8670 -0.0486 0.4959
vn -0.5074 0.0115 0.8616
vn -0.2407 -0.0447 0.9696
vn -0.1997 -0.2793 0.9392
vn 0.0695 -0.0407 0.9967
vn 0.2154 0.0025 0.9765
vn 0.5080 0.0586 0.8594
vn 0.9993 -0.0074 0.0361
vn 0.6284 -0.5516 -0.5485
vn 0.6149 -0.1730 -0.7694
vn 0.5017 -0.8472 0.1745
vn 0.5167 -0.5963 0.6143
vn 0.5782 -0.0441 0.8147
vn 0.5751 0.6220 0.5314
vn 0.5155 0.8490 -0.1157
vn 0.5838 0.5389 -0.6072
vn 0.5929 0.3221 -0.7381
vn -0.9993 -0.0074 0.0361
vn -0.6149 -0.1730 -0.7694
vn -0.6284 -0.5516 -0.5485
vn -0.5017 -0.8472 0.1745
vn -0.5167 -0.5963 0.6143
vn -0.5782 -0.0442 0.8147
vn -0.5750 0.6220 0.5314
vn -0.5155 0.8490 -0.1157
vn -0.5838 0.5389 -0.6072
vn -0.5929 0.3221 -0.7381
usemtl Material-3670.000
s 1
f 105/105/105 106/106/106 107/107/107
f 108/108/108 109/109/109 110/110/110
f 111/111/111 109/109/109 108/108/108
f 112/112/112 111/111/111 108/108/108
f 113/113/113 111/111/111 112/112/112
f 114/114/114 111/111/111 113/113/113
f 115/115/115 114/114/114 113/113/113
f 116/116/116 114/114/114 115/115/115
f 117/117/117 116/116/116 115/115/115
f 118/118/118 116/116/116 117/117/117
f 119/119/119 118/118/118 117/117/117
f 120/120/120 118/118/118 119/119/119
f 121/121/121 118/118/118 120/120/120
f 122/122/122 118/118/118 121/121/121
f 123/123/123 118/118/118 122/122/122
f 124/124/124 123/123/123 122/122/122
f 125/125/125 123/123/123 124/124/124
f 126/126/126 125/125/125 124/124/124
f 127/127/127 125/125/125 126/126/126
f 128/128/128 127/127/127 126/126/126
f 129/129/129 127/127/127 128/128/128
f 130/130/130 129/129/129 128/128/128
f 131/131/131 129/129/129 130/130/130
f 132/132/132 131/131/131 130/130/130
f 133/133/133 131/131/131 132/132/132
f 134/134/134 133/133/133 132/132/132
f 135/135/135 133/133/133 134/134/134
f 136/136/136 135/135/135 134/134/134
f 137/137/137 135/135/135 136/136/136
f 138/138/138 137/137/137 136/136/136
f 139/139/139 137/137/137 138/138/138
f 140/140/140 139/139/139 138/138/138
f 141/141/141 139/139/139 140/140/140
f 142/142/142 139/139/139 141/141/141
f 143/143/143 142/142/142 141/141/141
f 144/144/144 142/142/142 143/143/143
f 145/145/145 144/144/144 143/143/143
f 146/146/146 144/144/144 145/145/145
f 147/147/147 146/146/146 145/145/145
f 148/148/148 146/146/146 147/147/147
f 149/149/149 148/148/148 147/147/147
f 150/150/150 148/148/148 149/149/149
f 151/151/151 150/150/150 149/149/149
f 152/152/152 150/150/150 151/151/151
f 153/153/153 150/150/150 152/152/152
f 154/154/154 153/153/153 152/152/152
f 155/155/155 153/153/153 154/154/154
f 156/156/156 153/153/153 155/155/155
f 157/157/157 156/156/156 155/155/155
f 158/158/158 156/156/156 157/157/157
f 159/159/159 158/158/158 157/157/157
f 160/160/160 158/158/158 159/159/159
f 161/161/161 160/160/160 159/159/159
f 162/162/162 160/160/160 161/161/161
f 163/163/163 162/162/162 161/161/161
f 164/164/164 162/162/162 163/163/163
f 165/165/165 164/164/164 163/163/163
f 166/166/166 164/164/164 165/165/165
f 167/167/167 166/166/166 165/165/165
f 107/107/107 166/166/166 167/167/167
f 168/168/168 166/166/166 107/107/107
f 106/106/106 168/168/168 107/107/107
f 169/169/169 168/168/168 106/106/106
f 170/170/170 169/169/169 106/106/106
f 171/171/171 169/169/169 170/170/170
f 172/172/172 171/171/171 170/170/170
f 173/173/173 171/171/171 172/172/172
f 174/174/174 171/171/171 173/173/173
f 175/175/175 171/171/171 174/174/174
f 176/176/176 175/175/175 174/174/174
f 177/177/177 175/175/175 176/176/176
f 178/178/178 175/175/175 177/177/177
f 179/179/179 178/178/178 177/177/177
f 180/180/180 178/178/178 179/179/179
f 181/181/181 180/180/180 179/179/179
f 182/182/182 180/180/180 181/181/181
f 183/183/183 182/182/182 181/181/181
f 184/184/184 182/182/182 183/183/183
f 185/185/185 184/184/184 183/183/183
f 160/160/160 184/184/184 185/185/185
f 158/158/158 160/160/160 185/185/185
f 186/186/186 158/158/158 185/185/185
f 156/156/156 158/158/158 186/186/186
f 187/187/187 156/156/156 186/186/186
f 153/153/153 156/156/156 187/187/187
f 150/150/150 153/153/153 187/187/187
f 148/148/148 150/150/150 187/187/187
f 188/188/188 148/148/148 187/187/187
f 189/189/189 148/148/148 188/188/188
f 190/190/190 189/189/189 188/188/188
f 191/191/191 189/189/189 190/190/190
f 192/192/192 191/191/191 190/190/190
f 193/193/193 191/191/191 192/192/192
f 194/194/194 193/193/193 192/192/192
f 195/195/195 193/193/193 194/194/194
f 196/196/196 195/195/195 194/194/194
f 197/197/197 195/195/195 196/196/196
f 198/198/198 197/197/197 196/196/196
f 199/199/199 197/197/197 198/198/198
f 200/200/200 199/199/199 198/198/198
f 201/201/201 199/199/199 200/200/200
f 202/202/202 201/201/201 200/200/200
f 203/203/203 201/201/201 202/202/202
f 204/204/204 203/203/203 202/202/202
f 205/205/205 203/203/203 204/204/204
f 206/206/206 205/205/205 204/204/204
f 207/207/207 205/205/205 206/206/206
f 208/208/208 207/207/207 206/206/206
f 209/209/209 208/208/208 206/206/206
f 210/210/210 208/208/208 209/209/209
f 211/211/211 210/210/210 209/209/209
f 212/212/212 211/211/211 209/209/209
f 213/213/213 211/211/211 212/212/212
f 214/214/214 213/213/213 212/212/212
f 215/215/215 214/214/214 212/212/212
f 216/216/216 215/215/215 212/212/212
f 217/217/217 216/216/216 212/212/212
f 218/218/218 216/216/216 217/217/217
f 219/219/219 218/218/218 217/217/217
f 220/220/220 218/218/218 219/219/219
f 221/221/221 220/220/220 219/219/219
f 222/222/222 220/220/220 221/221/221
f 223/223/223 222/222/222 221/221/221
f 224/224/224 222/222/222 223/223/223
f 225/225/225 224/224/224 223/223/223
f 226/226/226 224/224/224 225/225/225
f 227/227/227 226/226/226 225/225/225
f 228/228/228 227/227/227 225/225/225
f 229/229/229 227/227/227 228/228/228
f 230/230/230 229/229/229 228/228/228
f 231/231/231 229/229/229 230/230/230
f 196/196/196 231/231/231 230/230/230
f 192/192/192 231/231/231 196/196/196
f 194/194/194 192/192/192 196/196/196
f 221/221/221 219/219/219 217/217/217
f 232/232/232 225/225/225 223/223/223
f 228/228/228 225/225/225 232/232/232
f 230/230/230 228/228/228 232/232/232
f 196/196/196 230/230/230 232/232/232
f 198/198/198 196/196/196 232/232/232
f 223/223/223 198/198/198 232/232/232
f 200/200/200 198/198/198 223/223/223
f 221/221/221 200/200/200 223/223/223
f 202/202/202 200/200/200 221/221/221
f 217/217/217 202/202/202 221/221/221
f 204/204/204 202/202/202 217/217/217
f 206/206/206 204/204/204 217/217/217
f 209/209/209 206/206/206 217/217/217
f 212/212/212 209/209/209 217/217/217
f 183/183/183 233/233/233 234/234/234
f 185/185/185 183/183/183 234/234/234
f 186/186/186 185/185/185 234/234/234
f 235/235/235 186/186/186 234/234/234
f 187/187/187 186/186/186 235/235/235
f 188/188/188 187/187/187 235/235/235
f 190/190/190 188/188/188 235/235/235
f 236/236/236 190/190/190 235/235/235
f 192/192/192 190/190/190 236/236/236
f 231/231/231 192/192/192 236/236/236
f 237/237/237 231/231/231 236/236/236
f 238/238/238 231/231/231 237/237/237
f 229/229/229 231/231/231 238/238/238
f 234/234/234 233/233/233 237/237/237
f 236/236/236 234/234/234 237/237/237
f 235/235/235 234/234/234 236/236/236
f 239/239/239 112/112/112 240/240/240
f 113/113/113 112/112/112 239/239/239
f 115/115/115 113/113/113 239/239/239
f 117/117/117 115/115/115 239/239/239
f 130/130/130 134/134/134 132/132/132
f 241/241/241 242/242/242 243/243/243
f 244/244/244 241/241/241 243/243/243
f 245/245/245 241/241/241 244/244/244
f 246/246/246 245/245/245 244/244/244
f 247/247/247 245/245/245 246/246/246
f 248/248/248 247/247/247 246/246/246
f 249/249/249 247/247/247 248/248/248
f 250/250/250 249/249/249 248/248/248
f 251/251/251 250/250/250 248/248/248
f 252/252/252 250/250/250 251/251/251
f 253/253/253 252/252/252 251/251/251
f 128/128/128 252/252/252 253/253/253
f 130/130/130 128/128/128 253/253/253
f 254/254/254 130/130/130 253/253/253
f 134/134/134 130/130/130 254/254/254
f 255/255/255 134/134/134 254/254/254
f 136/136/136 134/134/134 255/255/255
f 256/256/256 136/136/136 255/255/255
f 257/257/257 136/136/136 256/256/256
f 138/138/138 136/136/136 257/257/257
f 140/140/140 138/138/138 257/257/257
f 249/249/249 250/250/250 258/258/258
f 259/259/259 260/260/260 258/258/258
f 250/250/250 259/259/259 258/258/258
f 252/252/252 259/259/259 250/250/250
f 124/124/124 122/122/122 260/260/260
f 259/259/259 124/124/124 260/260/260
f 126/126/126 124/124/124 259/259/259
f 252/252/252 126/126/126 259/259/259
f 128/128/128 126/126/126 252/252/252
f 255/255/255 261/261/261 256/256/256
f 262/262/262 261/261/261 255/255/255
f 254/254/254 262/262/262 255/255/255
f 263/263/263 262/262/262 254/254/254
f 253/253/253 263/263/263 254/254/254
f 251/251/251 263/263/263 253/253/253
f 264/264/264 263/263/263 251/251/251
f 248/248/248 264/264/264 251/251/251
f 246/246/246 264/264/264 248/248/248
f 265/265/265 264/264/264 246/246/246
f 244/244/244 265/265/265 246/246/246
f 266/266/266 265/265/265 244/244/244
f 243/243/243 266/266/266 244/244/244
f 262/262/262 267/267/267 261/261/261
f 268/268/268 267/267/267 262/262/262
f 263/263/263 268/268/268 262/262/262
f 264/264/264 268/268/268 263/263/263
f 265/265/265 268/268/268 264/264/264
f 267/267/267 268/268/268 265/265/265
f 266/266/266 267/267/267 265/265/265
f 269/269/269 270/270/270 271/271/271
f 114/114/114 271/271/271 109/109/109
f 269/269/269 271/271/271 114/114/114
f 116/116/116 269/269/269 114/114/114
f 272/272/272 269/269/269 116/116/116
f 123/123/123 272/272/272 116/116/116
f 125/125/125 272/272/272 123/123/123
f 269/269/269 272/272/272 125/125/125
f 273/273/273 269/269/269 125/125/125
f 270/270/270 269/269/269 273/273/273
f 274/274/274 270/270/270 273/273/273
f 127/127/127 274/274/274 273/273/273
f 129/129/129 274/274/274 127/127/127
f 275/275/275 274/274/274 129/129/129
f 276/276/276 275/275/275 129/129/129
f 131/131/131 276/276/276 129/129/129
f 277/277/277 276/276/276 131/131/131
f 133/133/133 277/277/277 131/131/131
f 125/125/125 127/127/127 273/273/273
f 111/111/111 114/114/114 109/109/109
f 123/123/123 116/116/116 118/118/118
f 278/278/278 277/277/277 279/279/279
f 276/276/276 277/277/277 278/278/278
f 280/280/280 281/281/281 282/282/282
f 283/283/283 280/280/280 282/282/282
f 137/137/137 280/280/280 283/283/283
f 133/133/133 137/137/137 283/283/283
f 135/135/135 137/137/137 133/133/133
f 280/280/280 137/137/137 139/139/139
f 142/142/142 280/280/280 139/139/139
f 281/281/281 280/280/280 142/142/142
f 144/144/144 281/281/281 142/142/142
f 146/146/146 148/148/148 189/189/189
f 191/191/191 146/146/146 189/189/189
f 144/144/144 146/146/146 191/191/191
f 281/281/281 144/144/144 191/191/191
f 193/193/193 281/281/281 191/191/191
f 282/282/282 281/281/281 193/193/193
f 195/195/195 282/282/282 193/193/193
f 283/283/283 282/282/282 195/195/195
f 284/284/284 283/283/283 195/195/195
f 133/133/133 283/283/283 284/284/284
f 285/285/285 133/133/133 284/284/284
f 277/277/277 133/133/133 285/285/285
f 286/286/286 277/277/277 285/285/285
f 279/279/279 277/277/277 286/286/286
f 287/287/287 279/279/279 286/286/286
f 288/288/288 279/279/279 287/287/287
f 205/205/205 288/288/288 287/287/287
f 203/203/203 205/205/205 287/287/287
f 201/201/201 203/203/203 287/287/287
f 199/199/199 201/201/201 287/287/287
f 286/286/286 199/199/199 287/287/287
f 285/285/285 199/199/199 286/286/286
f 197/197/197 199/199/199 285/285/285
f 195/195/195 197/197/197 285/285/285
f 284/284/284 195/195/195 285/285/285
f 218/218/218 220/220/220 289/289/289
f 290/290/290 218/218/218 289/289/289
f 216/216/216 218/218/218 290/290/290
f 291/291/291 216/216/216 290/290/290
f 289/289/289 291/291/291 290/290/290
f 224/224/224 226/226/226 292/292/292
f 293/293/293 224/224/224 292/292/292
f 222/222/222 224/224/224 293/293/293
f 220/220/220 222/222/222 293/293/293
f 294/294/294 220/220/220 293/293/293
f 289/289/289 220/220/220 294/294/294
f 295/295/295 289/289/289 294/294/294
f 296/296/296 295/295/295 294/294/294
f 297/297/297 296/296/296 294/294/294
f 298/298/298 297/297/297 294/294/294
f 299/299/299 297/297/297 298/298/298
f 300/300/300 299/299/299 298/298/298
f 301/301/301 299/299/299 300/300/300
f 298/298/298 292/292/292 300/300/300
f 293/293/293 292/292/292 298/298/298
f 294/294/294 293/293/293 298/298/298
f 178/178/178 171/171/171 175/175/175
f 169/169/169 171/171/171 178/178/178
f 168/168/168 169/169/169 178/178/178
f 180/180/180 168/168/168 178/178/178
f 166/166/166 168/168/168 180/180/180
f 164/164/164 166/166/166 180/180/180
f 182/182/182 164/164/164 180/180/180
f 162/162/162 164/164/164 182/182/182
f 184/184/184 162/162/162 182/182/182
f 160/160/160 162/162/162 184/184/184
f 302/302/302 303/303/303 304/304/304
f 305/305/305 302/302/302 304/304/304
f 306/306/306 302/302/302 305/305/305
f 307/307/307 308/308/308 309/309/309
f 310/310/310 307/307/307 309/309/309
f 311/311/311 307/307/307 310/310/310
f 312/312/312 311/311/311 310/310/310
f 313/313/313 311/311/311 312/312/312
f 314/314/314 313/313/313 312/312/312
f 315/315/315 313/313/313 314/314/314
f 316/316/316 315/315/315 314/314/314
f 317/317/317 315/315/315 316/316/316
f 318/318/318 317/317/317 316/316/316
f 319/319/319 317/317/317 318/318/318
f 320/320/320 319/319/319 318/318/318
f 321/321/321 319/319/319 320/320/320
f 322/322/322 321/321/321 320/320/320
f 323/323/323 322/322/322 320/320/320
f 324/324/324 322/322/322 323/323/323
f 325/325/325 324/324/324 323/323/323
f 326/326/326 324/324/324 325/325/325
f 327/327/327 326/326/326 325/325/325
f 328/328/328 327/327/327 325/325/325
f 329/329/329 328/328/328 325/325/325
f 330/330/330 329/329/329 325/325/325
f 331/331/331 329/329/329 330/330/330
f 332/332/332 331/331/331 330/330/330
f 333/333/333 331/331/331 332/332/332
f 334/334/334 333/333/333 332/332/332
f 335/335/335 333/333/333 334/334/334
f 336/336/336 335/335/335 334/334/334
f 337/337/337 335/335/335 336/336/336
f 338/338/338 337/337/337 336/336/336
f 339/339/339 337/337/337 338/338/338
f 340/340/340 339/339/339 338/338/338
f 341/341/341 339/339/339 340/340/340
f 342/342/342 341/341/341 340/340/340
f 343/343/343 342/342/342 340/340/340
f 344/344/344 342/342/342 343/343/343
f 345/345/345 344/344/344 343/343/343
f 346/346/346 344/344/344 345/345/345
f 347/347/347 346/346/346 345/345/345
f 348/348/348 347/347/347 345/345/345
f 349/349/349 347/347/347 348/348/348
f 350/350/350 349/349/349 348/348/348
f 351/351/351 349/349/349 350/350/350
f 352/352/352 351/351/351 350/350/350
f 353/353/353 351/351/351 352/352/352
f 354/354/354 353/353/353 352/352/352
f 355/355/355 353/353/353 354/354/354
f 356/356/356 355/355/355 354/354/354
f 357/357/357 355/355/355 356/356/356
f 358/358/358 357/357/357 356/356/356
f 359/359/359 357/357/357 358/358/358
f 360/360/360 359/359/359 358/358/358
f 306/306/306 359/359/359 360/360/360
f 361/361/361 306/306/306 360/360/360
f 302/302/302 306/306/306 361/361/361
f 362/362/362 302/302/302 361/361/361
f 303/303/303 302/302/302 362/362/362
f 363/363/363 303/303/303 362/362/362
f 364/364/364 363/363/363 362/362/362
f 365/365/365 363/363/363 364/364/364
f 366/366/366 365/365/365 364/364/364
f 367/367/367 366/366/366 364/364/364
f 368/368/368 367/367/367 364/364/364
f 369/369/369 367/367/367 368/368/368
f 370/370/370 369/369/369 368/368/368
f 371/371/371 369/369/369 370/370/370
f 372/372/372 371/371/371 370/370/370
f 373/373/373 371/371/371 372/372/372
f 374/374/374 373/373/373 372/372/372
f 375/375/375 373/373/373 374/374/374
f 376/376/376 375/375/375 374/374/374
f 377/377/377 375/375/375 376/376/376
f 378/378/378 377/377/377 376/376/376
f 379/379/379 378/378/378 376/376/376
f 380/380/380 378/378/378 379/379/379
f 381/381/381 380/380/380 379/379/379
f 382/382/382 380/380/380 381/381/381
f 383/383/383 382/382/382 381/381/381
f 384/384/384 382/382/382 383/383/383
f 385/385/385 384/384/384 383/383/383
f 386/386/386 384/384/384 385/385/385
f 387/387/387 386/386/386 385/385/385
f 321/321/321 386/386/386 387/387/387
f 319/319/319 321/321/321 387/387/387
f 317/317/317 319/319/319 387/387/387
f 315/315/315 317/317/317 387/387/387
f 388/388/388 315/315/315 387/387/387
f 313/313/313 315/315/315 388/388/388
f 389/389/389 313/313/313 388/388/388
f 390/390/390 313/313/313 389/389/389
f 391/391/391 390/390/390 389/389/389
f 392/392/392 390/390/390 391/391/391
f 379/379/379 392/392/392 391/391/391
f 376/376/376 392/392/392 379/379/379
f 393/393/393 392/392/392 376/376/376
f 374/374/374 393/393/393 376/376/376
f 394/394/394 393/393/393 374/374/374
f 370/370/370 394/394/394 374/374/374
f 395/395/395 394/394/394 370/370/370
f 368/368/368 395/395/395 370/370/370
f 396/396/396 395/395/395 368/368/368
f 364/364/364 396/396/396 368/368/368
f 362/362/362 396/396/396 364/364/364
f 397/397/397 396/396/396 362/362/362
f 361/361/361 397/397/397 362/362/362
f 398/398/398 397/397/397 361/361/361
f 360/360/360 398/398/398 361/361/361
f 399/399/399 398/398/398 360/360/360
f 358/358/358 399/399/399 360/360/360
f 400/400/400 399/399/399 358/358/358
f 356/356/356 400/400/400 358/358/358
f 308/308/308 400/400/400 356/356/356
f 354/354/354 308/308/308 356/356/356
f 309/309/309 308/308/308 354/354/354
f 352/352/352 309/309/309 354/354/354
f 401/401/401 309/309/309 352/352/352
f 350/350/350 401/401/401 352/352/352
f 402/402/402 401/401/401 350/350/350
f 348/348/348 402/402/402 350/350/350
f 403/403/403 402/402/402 348/348/348
f 345/345/345 403/403/403 348/348/348
f 343/343/343 403/403/403 345/345/345
f 404/404/404 403/403/403 343/343/343
f 405/405/405 404/404/404 343/343/343
f 406/406/406 404/404/404 405/405/405
f 336/336/336 406/406/406 405/405/405
f 407/407/407 406/406/406 336/336/336
f 334/334/334 407/407/407 336/336/336
f 408/408/408 407/407/407 334/334/334
f 332/332/332 408/408/408 334/334/334
f 318/318/318 408/408/408 332/332/332
f 409/409/409 318/318/318 332/332/332
f 320/320/320 318/318/318 409/409/409
f 323/323/323 320/320/320 409/409/409
f 330/330/330 323/323/323 409/409/409
f 325/325/325 323/323/323 330/330/330
f 330/330/330 409/409/409 332/332/332
f 405/405/405 338/338/338 336/336/336
f 340/340/340 338/338/338 405/405/405
f 343/343/343 340/340/340 405/405/405
f 401/401/401 310/310/310 309/309/309
f 410/410/410 310/310/310 401/401/401
f 402/402/402 410/410/410 401/401/401
f 411/411/411 410/410/410 402/402/402
f 403/403/403 411/411/411 402/402/402
f 404/404/404 411/411/411 403/403/403
f 406/406/406 411/411/411 404/404/404
f 412/412/412 411/411/411 406/406/406
f 407/407/407 412/412/412 406/406/406
f 316/316/316 412/412/412 407/407/407
f 408/408/408 316/316/316 407/407/407
f 318/318/318 316/316/316 408/408/408
f 410/410/410 411/411/411 412/412/412
f 312/312/312 310/310/310 410/410/410
f 412/412/412 312/312/312 410/410/410
f 314/314/314 312/312/312 412/412/412
f 316/316/316 314/314/314 412/412/412
f 413/413/413 394/394/394 395/395/395
f 398/398/398 399/399/399 414/414/414
f 415/415/415 398/398/398 414/414/414
f 397/397/397 398/398/398 415/415/415
f 396/396/396 397/397/397 415/415/415
f 395/395/395 396/396/396 415/415/415
f 413/413/413 395/395/395 415/415/415
f 416/416/416 413/413/413 415/415/415
f 394/394/394 413/413/413 416/416/416
f 417/417/417 394/394/394 416/416/416
f 393/393/393 394/394/394 417/417/417
f 392/392/392 393/393/393 417/417/417
f 418/418/418 392/392/392 417/417/417
f 390/390/390 392/392/392 418/418/418
f 419/419/419 390/390/390 418/418/418
f 420/420/420 390/390/390 419/419/419
f 421/421/421 420/420/420 419/419/419
f 307/307/307 420/420/420 421/421/421
f 400/400/400 307/307/307 421/421/421
f 308/308/308 307/307/307 400/400/400
f 415/415/415 414/414/414 416/416/416
f 421/421/421 399/399/399 400/400/400
f 414/414/414 399/399/399 421/421/421
f 419/419/419 414/414/414 421/421/421
f 416/416/416 414/414/414 419/419/419
f 418/418/418 416/416/416 419/419/419
f 417/417/417 416/416/416 418/418/418
f 311/311/311 420/420/420 307/307/307
f 390/390/390 420/420/420 311/311/311
f 313/313/313 390/390/390 311/311/311
f 370/370/370 374/374/374 372/372/372
f 422/422/422 341/341/341 423/423/423
f 339/339/339 341/341/341 422/422/422
f 424/424/424 339/339/339 422/422/422
f 337/337/337 339/339/339 424/424/424
f 425/425/425 337/337/337 424/424/424
f 335/335/335 337/337/337 425/425/425
f 426/426/426 335/335/335 425/425/425
f 333/333/333 335/335/335 426/426/426
f 331/331/331 333/333/333 426/426/426
f 427/427/427 331/331/331 426/426/426
f 329/329/329 331/331/331 427/427/427
f 369/369/369 428/428/428 367/367/367
f 429/429/429 428/428/428 369/369/369
f 430/430/430 429/429/429 369/369/369
f 371/371/371 430/430/430 369/369/369
f 431/431/431 430/430/430 371/371/371
f 432/432/432 431/431/431 371/371/371
f 373/373/373 432/432/432 371/371/371
f 433/433/433 432/432/432 373/373/373
f 434/434/434 432/432/432 433/433/433
f 435/435/435 434/434/434 433/433/433
f 436/436/436 435/435/435 433/433/433
f 373/373/373 436/436/436 433/433/433
f 375/375/375 436/436/436 373/373/373
f 437/437/437 436/436/436 375/375/375
f 377/377/377 437/437/437 375/375/375
f 381/381/381 379/379/379 391/391/391
f 389/389/389 381/381/381 391/391/391
f 383/383/383 381/381/381 389/389/389
f 388/388/388 383/383/383 389/389/389
f 385/385/385 383/383/383 388/388/388
f 387/387/387 385/385/385 388/388/388
f 438/438/438 439/439/439 440/440/440
f 441/441/441 442/442/442 443/443/443
f 444/444/444 441/441/441 443/443/443
f 445/445/445 441/441/441 444/444/444
f 446/446/446 441/441/441 445/445/445
f 447/447/447 446/446/446 445/445/445
f 448/448/448 446/446/446 447/447/447
f 449/449/449 448/448/448 447/447/447
f 450/450/450 448/448/448 449/449/449
f 451/451/451 450/450/450 449/449/449
f 452/452/452 450/450/450 451/451/451
f 453/453/453 452/452/452 451/451/451
f 454/454/454 452/452/452 453/453/453
f 455/455/455 454/454/454 453/453/453
f 456/456/456 454/454/454 455/455/455
f 457/457/457 456/456/456 455/455/455
f 458/458/458 456/456/456 457/457/457
f 459/459/459 458/458/458 457/457/457
f 460/460/460 458/458/458 459/459/459
f 461/461/461 458/458/458 460/460/460
f 462/462/462 461/461/461 460/460/460
f 463/463/463 461/461/461 462/462/462
f 464/464/464 463/463/463 462/462/462
f 465/465/465 463/463/463 464/464/464
f 466/466/466 465/465/465 464/464/464
f 467/467/467 465/465/465 466/466/466
f 468/468/468 467/467/467 466/466/466
f 469/469/469 467/467/467 468/468/468
f 470/470/470 469/469/469 468/468/468
f 471/471/471 469/469/469 470/470/470
f 472/472/472 469/469/469 471/471/471
f 473/473/473 472/472/472 471/471/471
f 474/474/474 472/472/472 473/473/473
f 439/439/439 474/474/474 473/473/473
f 475/475/475 474/474/474 439/439/439
f 438/438/438 475/475/475 439/439/439
f 476/476/476 475/475/475 438/438/438
f 477/477/477 476/476/476 438/438/438
f 478/478/478 476/476/476 477/477/477
f 479/479/479 476/476/476 478/478/478
f 480/480/480 479/479/479 478/478/478
f 481/481/481 479/479/479 480/480/480
f 482/482/482 481/481/481 480/480/480
f 483/483/483 481/481/481 482/482/482
f 484/484/484 483/483/483 482/482/482
f 485/485/485 483/483/483 484/484/484
f 486/486/486 485/485/485 484/484/484
f 487/487/487 485/485/485 486/486/486
f 488/488/488 487/487/487 486/486/486
f 489/489/489 487/487/487 488/488/488
f 490/490/490 489/489/489 488/488/488
f 491/491/491 489/489/489 490/490/490
f 492/492/492 491/491/491 490/490/490
f 493/493/493 491/491/491 492/492/492
f 494/494/494 493/493/493 492/492/492
f 495/495/495 493/493/493 494/494/494
f 496/496/496 495/495/495 494/494/494
f 497/497/497 495/495/495 496/496/496
f 498/498/498 497/497/497 496/496/496
f 499/499/499 497/497/497 498/498/498
f 500/500/500 499/499/499 498/498/498
f 501/501/501 499/499/499 500/500/500
f 502/502/502 499/499/499 501/501/501
f 503/503/503 502/502/502 501/501/501
f 504/504/504 502/502/502 503/503/503
f 505/505/505 504/504/504 503/503/503
f 506/506/506 504/504/504 505/505/505
f 441/441/441 506/506/506 505/505/505
f 446/446/446 506/506/506 441/441/441
f 507/507/507 506/506/506 446/446/446
f 508/508/508 507/507/507 446/446/446
f 509/509/509 507/507/507 508/508/508
f 510/510/510 509/509/509 508/508/508
f 511/511/511 509/509/509 510/510/510
f 512/512/512 511/511/511 510/510/510
f 513/513/513 511/511/511 512/512/512
f 456/456/456 513/513/513 512/512/512
f 514/514/514 513/513/513 456/456/456
f 515/515/515 514/514/514 456/456/456
f 516/516/516 514/514/514 515/515/515
f 461/461/461 516/516/516 515/515/515
f 463/463/463 516/516/516 461/461/461
f 517/517/517 516/516/516 463/463/463
f 465/465/465 517/517/517 463/463/463
f 518/518/518 517/517/517 465/465/465
f 519/519/519 518/518/518 465/465/465
f 520/520/520 518/518/518 519/519/519
f 521/521/521 520/520/520 519/519/519
f 522/522/522 520/520/520 521/521/521
f 523/523/523 522/522/522 521/521/521
f 524/524/524 522/522/522 523/523/523
f 525/525/525 524/524/524 523/523/523
f 526/526/526 524/524/524 525/525/525
f 479/479/479 526/526/526 525/525/525
f 481/481/481 526/526/526 479/479/479
f 527/527/527 526/526/526 481/481/481
f 483/483/483 527/527/527 481/481/481
f 528/528/528 527/527/527 483/483/483
f 529/529/529 528/528/528 483/483/483
f 530/530/530 528/528/528 529/529/529
f 531/531/531 530/530/530 529/529/529
f 532/532/532 530/530/530 531/531/531
f 533/533/533 532/532/532 531/531/531
f 534/534/534 532/532/532 533/533/533
f 491/491/491 534/534/534 533/533/533
f 493/493/493 534/534/534 491/491/491
f 535/535/535 534/534/534 493/493/493
f 495/495/495 535/535/535 493/493/493
f 536/536/536 535/535/535 495/495/495
f 497/497/497 536/536/536 495/495/495
f 537/537/537 536/536/536 497/497/497
f 499/499/499 537/537/537 497/497/497
f 538/538/538 537/537/537 499/499/499
f 502/502/502 538/538/538 499/499/499
f 506/506/506 538/538/538 502/502/502
f 504/504/504 506/506/506 502/502/502
f 532/532/532 539/539/539 530/530/530
f 485/485/485 529/529/529 483/483/483
f 487/487/487 529/529/529 485/485/485
f 531/531/531 529/529/529 487/487/487
f 489/489/489 531/531/531 487/487/487
f 533/533/533 531/531/531 489/489/489
f 491/491/491 533/533/533 489/489/489
f 506/506/506 507/507/507 509/509/509
f 538/538/538 506/506/506 509/509/509
f 537/537/537 538/538/538 509/509/509
f 540/540/540 537/537/537 509/509/509
f 536/536/536 537/537/537 540/540/540
f 541/541/541 536/536/536 540/540/540
f 535/535/535 536/536/536 541/541/541
f 542/542/542 535/535/535 541/541/541
f 534/534/534 535/535/535 542/542/542
f 532/532/532 534/534/534 542/542/542
f 543/543/543 532/532/532 542/542/542
f 539/539/539 532/532/532 543/543/543
f 544/544/544 539/539/539 543/543/543
f 520/520/520 539/539/539 544/544/544
f 518/518/518 520/520/520 544/544/544
f 517/517/517 518/518/518 544/544/544
f 545/545/545 517/517/517 544/544/544
f 516/516/516 517/517/517 545/545/545
f 514/514/514 516/516/516 545/545/545
f 546/546/546 514/514/514 545/545/545
f 511/511/511 514/514/514 546/546/546
f 540/540/540 511/511/511 546/546/546
f 509/509/509 511/511/511 540/540/540
f 546/546/546 541/541/541 540/540/540
f 542/542/542 541/541/541 546/546/546
f 543/543/543 542/542/542 546/546/546
f 545/545/545 543/543/543 546/546/546
f 544/544/544 543/543/543 545/545/545
f 514/514/514 511/511/511 513/513/513
f 520/520/520 522/522/522 547/547/547
f 539/539/539 520/520/520 547/547/547
f 530/530/530 539/539/539 547/547/547
f 528/528/528 530/530/530 547/547/547
f 548/548/548 528/528/528 547/547/547
f 527/527/527 528/528/528 548/548/548
f 524/524/524 527/527/527 548/548/548
f 526/526/526 527/527/527 524/524/524
f 522/522/522 548/548/548 547/547/547
f 524/524/524 548/548/548 522/522/522
f 510/510/510 508/508/508 512/512/512
f 508/508/508 446/446/446 448/448/448
f 450/450/450 508/508/508 448/448/448
f 512/512/512 508/508/508 450/450/450
f 454/454/454 512/512/512 450/450/450
f 456/456/456 512/512/512 454/454/454
f 454/454/454 450/450/450 452/452/452
f 515/515/515 456/456/456 458/458/458
f 461/461/461 515/515/515 458/458/458
f 549/549/549 503/503/503 550/550/550
f 505/505/505 503/503/503 549/549/549
f 442/442/442 505/505/505 549/549/549
f 441/441/441 505/505/505 442/442/442
f 525/525/525 476/476/476 479/479/479
f 475/475/475 476/476/476 525/525/525
f 474/474/474 475/475/475 525/525/525
f 523/523/523 474/474/474 525/525/525
f 472/472/472 474/474/474 523/523/523
f 469/469/469 472/472/472 523/523/523
f 521/521/521 469/469/469 523/523/523
f 519/519/519 469/469/469 521/521/521
f 467/467/467 469/469/469 519/519/519
f 465/465/465 467/467/467 519/519/519
f 551/551/551 552/552/552 553/553/553
f 554/554/554 551/551/551 553/553/553
f 555/555/555 551/551/551 554/554/554
f 482/482/482 480/480/480 555/555/555
f 554/554/554 482/482/482 555/555/555
f 484/484/484 482/482/482 554/554/554
f 553/553/553 484/484/484 554/554/554
f 486/486/486 484/484/484 553/553/553
f 480/480/480 478/478/478 556/556/556
f 557/557/557 480/480/480 556/556/556
f 555/555/555 480/480/480 557/557/557
f 558/558/558 555/555/555 557/557/557
f 551/551/551 555/555/555 558/558/558
f 559/559/559 551/551/551 558/558/558
f 552/552/552 551/551/551 559/559/559
f 560/560/560 552/552/552 559/559/559
f 561/561/561 552/552/552 560/560/560
f 562/562/562 552/552/552 561/561/561
f 553/553/553 552/552/552 562/562/562
f 563/563/563 553/553/553 562/562/562
f 486/486/486 553/553/553 563/563/563
f 488/488/488 486/486/486 563/563/563
f 455/455/455 459/459/459 457/457/457
f 564/564/564 459/459/459 455/455/455
f 453/453/453 564/564/564 455/455/455
f 565/565/565 564/564/564 453/453/453
f 566/566/566 565/565/565 453/453/453
f 567/567/567 565/565/565 566/566/566
f 568/568/568 567/567/567 566/566/566
f 569/569/569 568/568/568 566/566/566
f 453/453/453 569/569/569 566/566/566
f 451/451/451 569/569/569 453/453/453
f 570/570/570 569/569/569 451/451/451
f 571/571/571 570/570/570 451/451/451
f 572/572/572 571/571/571 451/451/451
f 449/449/449 572/572/572 451/451/451
f 573/573/573 572/572/572 449/449/449
f 447/447/447 573/573/573 449/449/449
f 574/574/574 575/575/575 576/576/576
f 575/575/575 577/577/577 578/578/578
f 579/579/579 577/577/577 575/575/575
f 574/574/574 579/579/579 575/575/575
f 580/580/580 579/579/579 574/574/574
f 581/581/581 579/579/579 580/580/580
f 582/582/582 581/581/581 580/580/580
f 583/583/583 581/581/581 582/582/582
f 584/584/584 583/583/583 582/582/582
f 585/585/585 583/583/583 584/584/584
f 586/586/586 585/585/585 584/584/584
f 587/587/587 585/585/585 586/586/586
f 588/588/588 587/587/587 586/586/586
f 589/589/589 587/587/587 588/588/588
f 590/590/590 589/589/589 588/588/588
f 591/591/591 589/589/589 590/590/590
f 592/592/592 591/591/591 590/590/590
f 593/593/593 591/591/591 592/592/592
f 594/594/594 593/593/593 592/592/592
f 595/595/595 593/593/593 594/594/594
f 596/596/596 595/595/595 594/594/594
f 597/597/597 595/595/595 596/596/596
f 598/598/598 597/597/597 596/596/596
f 599/599/599 597/597/597 598/598/598
f 600/600/600 597/597/597 599/599/599
f 601/601/601 600/600/600 599/599/599
f 602/602/602 600/600/600 601/601/601
f 603/603/603 602/602/602 601/601/601
f 604/604/604 602/602/602 603/603/603
f 605/605/605 604/604/604 603/603/603
f 606/606/606 604/604/604 605/605/605
f 607/607/607 604/604/604 606/606/606
f 608/608/608 607/607/607 606/606/606
f 609/609/609 577/577/577 579/579/579
f 581/581/581 609/609/609 579/579/579
f 610/610/610 609/609/609 581/581/581
f 583/583/583 610/610/610 581/581/581
f 611/611/611 610/610/610 583/583/583
f 585/585/585 611/611/611 583/583/583
f 612/612/612 611/611/611 585/585/585
f 587/587/587 612/612/612 585/585/585
f 613/613/613 612/612/612 587/587/587
f 589/589/589 613/613/613 587/587/587
f 591/591/591 613/613/613 589/589/589
f 614/614/614 613/613/613 591/591/591
f 593/593/593 614/614/614 591/591/591
f 615/615/615 614/614/614 593/593/593
f 616/616/616 615/615/615 593/593/593
f 595/595/595 616/616/616 593/593/593
f 597/597/597 616/616/616 595/595/595
f 617/617/617 616/616/616 597/597/597
f 618/618/618 617/617/617 597/597/597
f 619/619/619 618/618/618 597/597/597
f 600/600/600 619/619/619 597/597/597
f 602/602/602 619/619/619 600/600/600
f 620/620/620 619/619/619 602/602/602
f 604/604/604 620/620/620 602/602/602
f 607/607/607 620/620/620 604/604/604
f 621/621/621 622/622/622 623/623/623
f 624/624/624 622/622/622 621/621/621
f 625/625/625 624/624/624 621/621/621
f 626/626/626 625/625/625 621/621/621
f 627/627/627 626/626/626 621/621/621
f 628/628/628 627/627/627 621/621/621
f 629/629/629 628/628/628 621/621/621
f 630/630/630 629/629/629 621/621/621
f 631/631/631 632/632/632 633/633/633
f 634/634/634 631/631/631 633/633/633
f 635/635/635 631/631/631 634/634/634
f 636/636/636 631/631/631 635/635/635
f 637/637/637 631/631/631 636/636/636
f 638/638/638 631/631/631 637/637/637
f 639/639/639 631/631/631 638/638/638
f 640/640/640 631/631/631 639/639/639
o Mesh-013_MeshData-013.001
v -0.111853 15.791280 0.245628
v -0.000556 15.740169 0.379462
v -0.068434 15.743215 0.369527
v -0.000556 15.815641 0.272785
v 0.067323 15.743215 0.369527
v -0.125472 15.785648 0.050120
v -0.194824 15.725160 0.018218
v -0.179190 15.726199 0.193803
v -0.134942 15.710495 0.297952
v 0.076634 15.500898 0.289530
v 0.120896 15.525309 0.257494
v 0.164476 15.531344 0.149098
v 0.088361 15.475157 0.173646
v -0.000556 15.489261 0.290187
v -0.000556 15.452719 0.177495
v -0.077745 15.500898 0.289530
v -0.089472 15.475157 0.173646
v -0.122007 15.525309 0.257494
v -0.165588 15.531344 0.149098
v -0.097223 15.482303 0.008752
v -0.175844 15.544994 -0.014810
v -0.075705 15.523050 -0.134346
v -0.092714 15.610247 -0.222434
v -0.168728 15.641227 -0.006544
v -0.122467 15.696500 -0.224109
v -0.180820 15.667008 -0.020435
v -0.176190 15.674389 0.014339
v -0.229496 15.690974 0.005146
v -0.280567 15.656231 0.028774
v -0.221940 15.697707 0.121246
v -0.249773 15.660338 0.197193
v -0.193917 15.728684 0.208616
v -0.233224 15.641299 0.234955
v -0.229514 15.637460 0.267214
v -0.210813 15.587298 0.294724
v -0.147168 15.533074 0.276637
v -0.102584 15.510728 0.332146
v -0.083036 15.569099 0.362892
v -0.076188 15.504040 0.341561
v -0.043485 15.564762 0.370135
v -0.004033 15.492283 0.362615
v -0.000556 15.562365 0.384871
v 0.073819 15.507869 0.341498
v 0.042374 15.564762 0.370135
v 0.081925 15.569169 0.362890
v 0.100775 15.514557 0.332081
v 0.209701 15.590699 0.294670
v 0.146056 15.532795 0.276643
v 0.232113 15.641309 0.234955
v 0.187910 15.548093 0.221658
v 0.248661 15.660338 0.197193
v 0.229642 15.572457 0.135077
v 0.279456 15.656231 0.028774
v 0.261009 15.634542 -0.006194
v 0.179708 15.667008 -0.020435
v 0.233355 15.643203 -0.013763
v 0.167617 15.641227 -0.006544
v 0.121355 15.696500 -0.224109
v 0.091602 15.610247 -0.222434
v -0.000556 15.679313 -0.237912
v -0.000556 15.625045 -0.201928
v -0.126885 15.728692 -0.197949
v -0.094986 15.779330 -0.102392
v -0.000556 15.797025 0.066608
v 0.110741 15.791280 0.245628
v 0.133831 15.710495 0.297952
v 0.178079 15.726199 0.193803
v 0.124360 15.785648 0.050120
v 0.193712 15.725160 0.018218
v 0.093875 15.779330 -0.102392
v 0.125773 15.728692 -0.197949
v -0.000556 15.762730 -0.186086
v -0.000556 15.787317 -0.085417
v 0.175078 15.674389 0.014339
v 0.192806 15.728684 0.208616
v 0.220828 15.697707 0.121246
v 0.228385 15.690974 0.005146
v -0.165888 15.671000 0.310142
v -0.155366 15.740169 0.288524
v -0.104707 15.709620 0.389929
v -0.102622 15.770001 0.368615
v -0.040505 15.746421 0.424471
v -0.059371 15.770642 0.394231
v -0.000561 15.730396 0.435490
v -0.000556 15.775162 0.411419
v 0.039383 15.746421 0.424471
v 0.058242 15.770642 0.394231
v 0.101483 15.770001 0.368615
v 0.103596 15.709620 0.389929
v 0.154254 15.740659 0.288513
v 0.164804 15.674872 0.310159
v 0.228402 15.637460 0.267214
v -0.000556 15.506850 -0.130627
v 0.174732 15.544994 -0.014810
v 0.074593 15.523050 -0.134346
v 0.096111 15.482303 0.008752
v -0.000556 15.468879 0.014514
v -0.234466 15.643203 -0.013763
v -0.262121 15.634542 -0.006194
v -0.230753 15.572457 0.135077
v -0.189021 15.548093 0.221658
v 0.186937 16.290520 0.315473
v 0.214425 16.377684 0.315474
v 0.191456 16.344355 0.293838
v 0.224488 16.312813 0.326393
v 0.259707 16.393839 0.321303
v 0.182437 16.266052 0.312686
v 0.172703 16.267929 0.311742
v 0.175717 16.304459 0.301981
v 0.169539 16.245508 0.308910
v 0.177861 16.228624 0.309283
v 0.321710 16.235649 0.331408
v 0.358112 16.239595 0.313210
v 0.361122 16.267498 0.314279
v 0.324840 16.272013 0.332990
v 0.264687 16.236727 0.335765
v 0.261673 16.269447 0.337644
v 0.223110 16.237032 0.325859
v 0.223692 16.264442 0.327724
v 0.225030 16.277893 0.327184
v 0.260168 16.320620 0.332393
v 0.321225 16.396000 0.317762
v 0.321589 16.322958 0.330859
v 0.362862 16.384747 0.300923
v 0.363151 16.316298 0.314640
v 0.390949 16.370743 0.284602
v 0.391159 16.304670 0.288876
v 0.406878 16.355240 0.265194
v 0.407135 16.296782 0.273103
v 0.428521 16.317310 0.236561
v 0.427942 16.283787 0.242615
v 0.406790 16.267502 0.266367
v 0.427649 16.253475 0.243284
v 0.407362 16.253433 0.264872
v 0.407619 16.238600 0.261348
v 0.395368 16.230942 0.277403
v 0.395631 16.200468 0.266966
v 0.373025 16.190464 0.286698
v 0.373289 16.152311 0.289262
v 0.345240 16.139893 0.305693
v 0.344965 16.183676 0.307166
v 0.313458 16.134392 0.311541
v 0.319489 16.181881 0.315803
v 0.264341 16.136759 0.319757
v 0.265263 16.187252 0.329562
v 0.221712 16.157263 0.303932
v 0.222243 16.193384 0.320703
v 0.199237 16.168947 0.303907
v 0.199637 16.200321 0.306818
v 0.177692 16.182692 0.295596
v 0.178098 16.208958 0.304430
v 0.200150 16.228045 0.316770
v 0.194059 16.240896 0.313209
v 0.222922 16.223438 0.322352
v 0.266297 16.223740 0.332564
v 0.320165 16.219196 0.327132
v 0.344455 16.220211 0.318067
v 0.371317 16.224693 0.296909
v 0.393869 16.252148 0.286260
v 0.390890 16.274940 0.286100
v 0.362877 16.286495 0.315296
v 0.325408 16.289545 0.330203
v 0.259792 16.289976 0.336450
v 0.400240 16.167767 0.265470
v 0.407254 16.209946 0.253538
v 0.427295 16.225304 0.233822
v 0.410314 16.182022 0.250552
v 0.427062 16.212009 0.227155
v -0.147168 15.533074 0.276637
v -0.230753 15.572457 0.135077
v -0.189021 15.548093 0.221658
v -0.128439 15.637073 0.272271
v -0.145870 15.635550 0.273894
v -0.047056 15.626667 0.357297
v -0.168869 15.645436 0.168151
v -0.206281 15.640483 0.159673
v -0.178358 15.650947 0.059584
v -0.224755 15.654028 0.058675
v -0.183248 15.657331 0.010293
v -0.228799 15.659119 0.003496
v -0.168728 15.641227 -0.006544
v -0.234466 15.643203 -0.013763
v -0.262121 15.634542 -0.006194
v -0.082960 15.623724 0.342623
v -0.102584 15.510728 0.332146
v -0.047059 15.622704 0.369976
v -0.076188 15.504040 0.341561
v -0.000556 15.619649 0.375985
v -0.004033 15.492283 0.362615
v 0.045948 15.622704 0.369976
v 0.073819 15.507869 0.341498
v 0.081849 15.627184 0.342567
v 0.100775 15.514557 0.332081
v 0.144759 15.635559 0.273894
v 0.146056 15.532795 0.276643
v 0.205169 15.640483 0.159673
v 0.187910 15.548093 0.221658
v 0.229642 15.572457 0.135077
v 0.223644 15.654028 0.058675
v 0.261009 15.634542 -0.006194
v 0.227688 15.659119 0.003496
v 0.233355 15.643203 -0.013763
v 0.182136 15.657331 0.010293
v 0.167617 15.641227 -0.006544
v -0.000556 15.625510 0.360983
v 0.045944 15.626667 0.357297
v 0.127328 15.637073 0.272271
v 0.167757 15.645436 0.168151
v 0.177839 15.652640 0.059726
v -0.178903 15.659180 0.026486
v -0.229496 15.690974 0.005146
v -0.176190 15.674389 0.014339
v -0.155366 15.740169 0.288524
v -0.170422 15.633891 0.243529
v -0.147476 15.629455 0.279460
v -0.193917 15.728684 0.208616
v -0.206291 15.643564 0.166711
v -0.221940 15.697707 0.121246
v -0.221205 15.655844 0.020901
v -0.169628 15.649676 0.170297
v -0.125705 15.632056 0.281243
v -0.087685 15.627593 0.359670
v -0.102622 15.770001 0.368615
v -0.059371 15.770642 0.394231
v -0.045443 15.627869 0.379786
v -0.000556 15.775162 0.411419
v -0.000556 15.630025 0.384915
v 0.058242 15.770642 0.394231
v 0.044332 15.627869 0.379786
v 0.101483 15.770001 0.368615
v 0.086574 15.627593 0.359670
v 0.154254 15.740659 0.288513
v 0.146365 15.629455 0.279460
v 0.192806 15.728684 0.208616
v 0.169310 15.633902 0.243529
v 0.220828 15.697707 0.121246
v 0.205179 15.643564 0.166711
v 0.220093 15.655844 0.020901
v 0.177792 15.659180 0.026486
v 0.175078 15.674389 0.014339
v 0.228385 15.690974 0.005146
v 0.168516 15.649676 0.170297
v 0.124594 15.632056 0.281243
v 0.082001 15.630699 0.347579
v 0.043825 15.630806 0.362440
v -0.000556 15.630104 0.374778
v -0.044937 15.630806 0.362440
v -0.083112 15.630699 0.347579
v -0.194824 15.725160 0.018218
v -0.178903 15.659180 0.026486
v -0.176190 15.674389 0.014339
v -0.179190 15.726199 0.193803
v -0.169628 15.649676 0.170297
v -0.125705 15.632056 0.281243
v -0.134942 15.710495 0.297952
v -0.083112 15.630699 0.347579
v -0.068434 15.743215 0.369527
v -0.044937 15.630806 0.362440
v -0.000556 15.630104 0.374778
v -0.000556 15.740169 0.379462
v 0.043825 15.630806 0.362440
v 0.067323 15.743215 0.369527
v 0.133831 15.710495 0.297952
v 0.082001 15.630699 0.347579
v 0.124594 15.632056 0.281243
v 0.168516 15.649676 0.170297
v 0.178079 15.726199 0.193803
v 0.193712 15.725160 0.018218
v 0.175078 15.674389 0.014339
v 0.177792 15.659180 0.026486
v 0.177839 15.652640 0.059726
v 0.182136 15.657331 0.010293
v 0.167617 15.641227 -0.006544
v 0.174732 15.544994 -0.014810
v 0.167757 15.645436 0.168151
v 0.164476 15.531344 0.149098
v 0.127328 15.637073 0.272271
v 0.120896 15.525309 0.257494
v 0.045944 15.626667 0.357297
v 0.076634 15.500898 0.289530
v -0.000556 15.625510 0.360983
v -0.000556 15.489261 0.290187
v -0.047056 15.626667 0.357297
v -0.077745 15.500898 0.289530
v -0.128439 15.637073 0.272271
v -0.122007 15.525309 0.257494
v -0.168869 15.645436 0.168151
v -0.165588 15.531344 0.149098
v -0.178358 15.650947 0.059584
v -0.175844 15.544994 -0.014810
v -0.183248 15.657331 0.010293
v -0.168728 15.641227 -0.006544
v -0.407957 16.355240 0.265194
v -0.408214 16.296782 0.273103
v -0.392027 16.370743 0.284602
v -0.392238 16.304670 0.288876
v -0.363940 16.384747 0.300923
v -0.407868 16.267502 0.266367
v -0.428728 16.253466 0.243284
v -0.429021 16.283777 0.242615
v -0.429600 16.317310 0.236561
v -0.200315 16.168947 0.303907
v -0.178770 16.182692 0.295596
v -0.179177 16.208958 0.304430
v -0.200715 16.200321 0.306818
v -0.222790 16.157263 0.303932
v -0.223321 16.193384 0.320703
v -0.265419 16.136759 0.319757
v -0.266342 16.187252 0.329562
v -0.314533 16.134407 0.312242
v -0.320567 16.181881 0.315803
v -0.346316 16.139908 0.306431
v -0.346039 16.183666 0.307151
v -0.374347 16.152296 0.289417
v -0.374099 16.190453 0.286677
v -0.401312 16.167755 0.265466
v -0.396707 16.200468 0.266966
v -0.411387 16.182022 0.250551
v -0.408332 16.209946 0.253538
v -0.428140 16.212059 0.227154
v -0.428373 16.225313 0.233822
v -0.408697 16.238600 0.261348
v -0.408440 16.253433 0.264872
v -0.391969 16.274940 0.286100
v -0.364229 16.316298 0.314640
v -0.322303 16.396000 0.317762
v -0.322668 16.322958 0.330859
v -0.260785 16.393839 0.321303
v -0.261246 16.320620 0.332393
v -0.215503 16.377684 0.315474
v -0.225567 16.312813 0.326393
v -0.192534 16.344355 0.293838
v -0.188015 16.290520 0.315473
v -0.176795 16.304459 0.301981
v -0.173781 16.267929 0.311742
v -0.183515 16.266052 0.312686
v -0.170617 16.245508 0.308910
v -0.178939 16.228624 0.309283
v -0.195137 16.240896 0.313209
v -0.201228 16.228045 0.316770
v -0.224000 16.223438 0.322352
v -0.267376 16.223740 0.332564
v -0.321243 16.219196 0.327132
v -0.345534 16.220211 0.318067
v -0.372396 16.224693 0.296909
v -0.396447 16.230942 0.277403
v -0.394948 16.252148 0.286260
v -0.363956 16.286495 0.315296
v -0.326486 16.289545 0.330203
v -0.260870 16.289976 0.336450
v -0.226109 16.277893 0.327184
v -0.224770 16.264442 0.327724
v -0.224189 16.237032 0.325859
v -0.265766 16.236727 0.335765
v -0.322788 16.235649 0.331408
v -0.359190 16.239595 0.313210
v -0.362201 16.267498 0.314279
v -0.325919 16.272013 0.332990
v -0.262751 16.269447 0.337644
vt 0.873000 0.603300
vt 0.838900 0.586200
vt 0.869100 0.587200
vt 0.836900 0.601800
vt 0.869100 0.587200
vt 0.875500 0.631100
vt 0.903800 0.632300
vt 0.899900 0.605000
vt 0.888700 0.590300
vt 0.855000 0.767100
vt 0.872100 0.764300
vt 0.885700 0.750200
vt 0.856900 0.753200
vt 0.828100 0.767800
vt 0.826700 0.754000
vt 0.855000 0.767100
vt 0.856900 0.753200
vt 0.872100 0.764300
vt 0.885700 0.750200
vt 0.859400 0.731000
vt 0.891100 0.728500
vt 0.856400 0.709200
vt 0.874500 0.697500
vt 0.907200 0.703900
vt 0.908200 0.692400
vt 0.939000 0.711700
vt 0.913600 0.668000
vt 0.940400 0.705800
vt 0.943800 0.736100
vt 0.974600 0.759200
vt 0.941400 0.758400
vt 0.971700 0.778900
vt 0.935500 0.775800
vt 0.934100 0.789700
vt 0.913100 0.792600
vt 0.887200 0.776100
vt 0.879400 0.782300
vt 0.896000 0.796500
vt 0.866200 0.785900
vt 0.881800 0.801600
vt 0.847700 0.791100
vt 0.866700 0.805900
vt 0.866200 0.785900
vt 0.881800 0.801600
vt 0.896000 0.796500
vt 0.879400 0.782300
vt 0.913100 0.792600
vt 0.887200 0.776100
vt 0.935500 0.775800
vt 0.897000 0.766000
vt 0.941400 0.758400
vt 0.908200 0.750500
vt 0.943800 0.736100
vt 0.911100 0.728000
vt 0.939000 0.711700
vt 0.917500 0.705300
vt 0.907200 0.703900
vt 0.908200 0.692400
vt 0.874500 0.697500
vt 0.835900 0.677000
vt 0.832500 0.689900
vt 0.878900 0.669400
vt 0.872100 0.653800
vt 0.837400 0.629600
vt 0.873000 0.603300
vt 0.888700 0.590300
vt 0.899900 0.605000
vt 0.875500 0.631100
vt 0.903800 0.632300
vt 0.872100 0.653800
vt 0.878900 0.669400
vt 0.838400 0.663100
vt 0.837900 0.650900
vt 0.913600 0.668000
vt 0.971700 0.778900
vt 0.974600 0.759200
vt 0.940400 0.705800
vt 0.955100 0.801600
vt 0.965800 0.790300
vt 0.961900 0.808300
vt 0.972200 0.799700
vt 0.968800 0.815600
vt 0.983400 0.810900
vt 0.976100 0.822900
vt 0.991700 0.818000
vt 0.968800 0.815600
vt 0.983400 0.810900
vt 0.972200 0.799700
vt 0.961900 0.808300
vt 0.965800 0.790300
vt 0.955100 0.801600
vt 0.934100 0.789700
vt 0.841800 0.720500
vt 0.891100 0.728500
vt 0.856400 0.709200
vt 0.859400 0.731000
vt 0.826700 0.731700
vt 0.917500 0.705300
vt 0.911100 0.728000
vt 0.908200 0.750500
vt 0.897000 0.766000
vt 0.089200 0.926300
vt 0.115200 0.960000
vt 0.089200 0.948100
vt 0.115200 0.933200
vt 0.142600 0.965100
vt 0.089200 0.915300
vt 0.077400 0.920400
vt 0.077400 0.932500
vt 0.076800 0.909400
vt 0.080100 0.902800
vt 0.190800 0.905500
vt 0.218900 0.908300
vt 0.220900 0.918500
vt 0.193200 0.920200
vt 0.146700 0.905800
vt 0.144200 0.918700
vt 0.114600 0.906000
vt 0.114900 0.914600
vt 0.115200 0.921000
vt 0.142600 0.938700
vt 0.190100 0.965700
vt 0.190100 0.939100
vt 0.222300 0.962800
vt 0.222300 0.937300
vt 0.243900 0.957600
vt 0.243900 0.933200
vt 0.256100 0.951700
vt 0.256100 0.930800
vt 0.272500 0.939200
vt 0.272500 0.925900
vt 0.256100 0.918600
vt 0.272500 0.913600
vt 0.256600 0.913100
vt 0.257100 0.907900
vt 0.247600 0.904500
vt 0.247600 0.893700
vt 0.230600 0.889500
vt 0.229000 0.874300
vt 0.209100 0.869000
vt 0.209100 0.886400
vt 0.185200 0.866900
vt 0.189600 0.885600
vt 0.147800 0.869500
vt 0.147800 0.887300
vt 0.114400 0.875800
vt 0.114400 0.889600
vt 0.096900 0.880200
vt 0.096900 0.892300
vt 0.080100 0.885500
vt 0.080100 0.895500
vt 0.096900 0.902600
vt 0.092700 0.907700
vt 0.114400 0.900800
vt 0.147800 0.900100
vt 0.189600 0.898600
vt 0.209100 0.899400
vt 0.229000 0.901800
vt 0.246300 0.913200
vt 0.243900 0.921000
vt 0.222300 0.925100
vt 0.194500 0.926900
vt 0.142600 0.926700
vt 0.247600 0.880800
vt 0.257100 0.897500
vt 0.272500 0.903300
vt 0.257100 0.886600
vt 0.272500 0.898400
vt 0.120600 0.734900
vt 0.224000 0.741700
vt 0.164100 0.738300
vt 0.106200 0.768800
vt 0.120100 0.761200
vt 0.035400 0.768600
vt 0.160400 0.768700
vt 0.195900 0.758700
vt 0.214600 0.770000
vt 0.233200 0.760700
vt 0.261000 0.771200
vt 0.270500 0.761500
vt 0.283700 0.772200
vt 0.298600 0.761400
vt 0.290800 0.742200
vt 0.066200 0.762300
vt 0.077600 0.729000
vt 0.034400 0.762500
vt 0.049100 0.726800
vt 0.000400 0.762500
vt 0.000400 0.725300
vt 0.034400 0.762500
vt 0.049100 0.726800
vt 0.066200 0.762300
vt 0.077600 0.729000
vt 0.120100 0.761200
vt 0.120600 0.734900
vt 0.195900 0.758700
vt 0.164100 0.738300
vt 0.224000 0.741700
vt 0.233200 0.760700
vt 0.290800 0.742200
vt 0.270500 0.761500
vt 0.298600 0.761400
vt 0.261000 0.771200
vt 0.283700 0.772200
vt 0.000400 0.768700
vt 0.035400 0.768600
vt 0.106200 0.768800
vt 0.160400 0.768700
vt 0.214600 0.770000
vt 0.320100 0.775900
vt 0.339100 0.791000
vt 0.340100 0.776000
vt 0.114200 0.815200
vt 0.164900 0.780600
vt 0.128300 0.780800
vt 0.160500 0.818100
vt 0.202900 0.781500
vt 0.223900 0.810700
vt 0.319800 0.790800
vt 0.204700 0.775100
vt 0.128700 0.774900
vt 0.079500 0.780400
vt 0.070200 0.810100
vt 0.042800 0.811000
vt 0.032800 0.781500
vt -0.002100 0.818100
vt -0.000900 0.780800
vt 0.042800 0.811000
vt 0.032800 0.781500
vt 0.070200 0.810100
vt 0.079500 0.780400
vt 0.114200 0.815200
vt 0.128300 0.780800
vt 0.160500 0.818100
vt 0.164900 0.780600
vt 0.223900 0.810700
vt 0.202900 0.781500
vt 0.319800 0.790800
vt 0.320100 0.775900
vt 0.340100 0.776000
vt 0.339100 0.791000
vt 0.204700 0.775100
vt 0.128700 0.774900
vt 0.079500 0.775400
vt 0.032800 0.776100
vt -0.000900 0.776500
vt 0.032800 0.776100
vt 0.079500 0.775400
vt 0.291000 0.806400
vt 0.320100 0.790500
vt 0.319800 0.798600
vt 0.190200 0.811200
vt 0.204800 0.780900
vt 0.128500 0.780600
vt 0.108000 0.807400
vt 0.079500 0.781200
vt 0.041800 0.816700
vt 0.032800 0.782000
vt -0.000900 0.782500
vt -0.002100 0.818200
vt 0.032800 0.782000
vt 0.041800 0.816700
vt 0.108000 0.807400
vt 0.079500 0.781200
vt 0.128500 0.780600
vt 0.204800 0.780900
vt 0.190200 0.811200
vt 0.291000 0.806400
vt 0.319800 0.798600
vt 0.320100 0.790500
vt 0.214600 0.759600
vt 0.261000 0.760600
vt 0.241600 0.753100
vt 0.226600 0.731400
vt 0.160400 0.759800
vt 0.160600 0.730200
vt 0.106200 0.760700
vt 0.103400 0.733400
vt 0.035400 0.763100
vt 0.063600 0.726800
vt 0.000400 0.763200
vt 0.000400 0.725600
vt 0.035400 0.763100
vt 0.063600 0.726800
vt 0.106200 0.760700
vt 0.103400 0.733400
vt 0.160400 0.759800
vt 0.160600 0.730200
vt 0.214600 0.759600
vt 0.226600 0.731400
vt 0.261000 0.760600
vt 0.241600 0.753100
vt 0.081900 0.951700
vt 0.081900 0.930800
vt 0.094200 0.957600
vt 0.094200 0.933200
vt 0.115900 0.962800
vt 0.081900 0.918600
vt 0.065700 0.913600
vt 0.065700 0.925900
vt 0.065600 0.939200
vt 0.241200 0.880200
vt 0.258100 0.885500
vt 0.258100 0.895500
vt 0.241200 0.892300
vt 0.223800 0.875800
vt 0.223800 0.889600
vt 0.190300 0.869500
vt 0.190300 0.887300
vt 0.153000 0.866900
vt 0.148600 0.885600
vt 0.129000 0.869000
vt 0.129000 0.886400
vt 0.109100 0.874300
vt 0.107500 0.889500
vt 0.090600 0.880800
vt 0.090600 0.893700
vt 0.081100 0.886600
vt 0.081100 0.897500
vt 0.065700 0.898400
vt 0.065700 0.903300
vt 0.081100 0.907900
vt 0.081400 0.913100
vt 0.094200 0.921000
vt 0.115900 0.937300
vt 0.148100 0.965700
vt 0.148100 0.939100
vt 0.195600 0.965100
vt 0.195600 0.938700
vt 0.223000 0.960000
vt 0.223000 0.933200
vt 0.249000 0.948100
vt 0.249000 0.926300
vt 0.260700 0.932500
vt 0.260700 0.920400
vt 0.249000 0.915300
vt 0.261200 0.909400
vt 0.258100 0.902800
vt 0.245500 0.907700
vt 0.241200 0.902600
vt 0.223800 0.900800
vt 0.190300 0.900100
vt 0.148600 0.898600
vt 0.129000 0.899400
vt 0.109100 0.901800
vt 0.090600 0.904500
vt 0.091800 0.913200
vt 0.115900 0.925100
vt 0.143700 0.926900
vt 0.195600 0.926700
vt 0.223000 0.921000
vt 0.223300 0.914600
vt 0.223500 0.906000
vt 0.191400 0.905800
vt 0.147300 0.905500
vt 0.119300 0.908300
vt 0.117200 0.918500
vt 0.144900 0.920200
vt 0.194000 0.918700
vn 0.5294 -0.8039 -0.2710
vn 0.0541 -0.8505 -0.5233
vn 0.2359 -0.8793 -0.4137
vn 0.0178 -0.9605 -0.2778
vn -0.3290 -0.7832 -0.5276
vn 0.4103 -0.9102 0.0568
vn 0.8632 -0.4724 0.1782
vn 0.7437 -0.6452 -0.1749
vn 0.7088 -0.5880 -0.3898
vn -0.3343 0.9143 -0.2288
vn -0.5746 0.7969 -0.1866
vn -0.6008 0.7976 -0.0546
vn -0.4313 0.8938 -0.1230
vn -0.0224 0.9580 -0.2859
vn -0.0006 0.9940 -0.1090
vn 0.3531 0.8973 -0.2649
vn 0.4248 0.8998 -0.0992
vn 0.6042 0.7650 -0.2231
vn 0.6123 0.7882 -0.0621
vn 0.3794 0.9129 0.1505
vn 0.7886 0.5444 0.2860
vn 0.4844 0.7857 0.3847
vn 0.5933 0.3393 0.7300
vn 0.7413 0.3197 0.5902
vn 0.6089 -0.1690 0.7750
vn 0.6610 -0.3410 0.6684
vn 0.6965 -0.5810 0.4211
vn 0.4810 -0.5580 0.6762
vn 0.9799 -0.0752 0.1847
vn 0.6930 -0.7180 -0.0650
vn 0.9425 -0.1796 -0.2820
vn 0.7946 -0.5190 -0.3150
vn 0.9724 0.0506 -0.2280
vn 0.9623 -0.1215 -0.2433
vn 0.7426 0.6663 0.0673
vn 0.6835 0.7112 -0.1642
vn 0.4925 0.4011 -0.7724
vn 0.3436 0.3082 -0.8871
vn 0.3266 0.3020 -0.8956
vn 0.2784 0.2882 -0.9162
vn 0.0196 0.2981 -0.9543
vn -0.0035 0.2971 -0.9548
vn -0.3243 0.3283 -0.8872
vn -0.2844 0.3010 -0.9102
vn -0.3475 0.3298 -0.8778
vn -0.4904 0.4146 -0.7666
vn -0.7505 0.6602 0.0310
vn -0.6865 0.6926 -0.2213
vn -0.9715 0.0530 -0.2309
vn -0.8158 0.4270 -0.3901
vn -0.9374 -0.1845 -0.2953
vn -0.8981 0.3858 -0.2111
vn -0.9490 -0.2095 0.2354
vn -0.7430 -0.3190 0.5884
vn -0.6610 -0.3410 0.6684
vn -0.3531 -0.5927 0.7239
vn -0.7413 0.3197 0.5902
vn -0.6089 -0.1690 0.7750
vn -0.5933 0.3393 0.7300
vn 0.0000 -0.0748 0.9972
vn 0.0000 0.5526 0.8334
vn 0.6343 -0.5561 0.5370
vn 0.3329 -0.9194 0.2093
vn -0.0127 -0.9978 0.0649
vn -0.5209 -0.8229 -0.2267
vn -0.7528 -0.4957 -0.4331
vn -0.7363 -0.6598 -0.1498
vn -0.4099 -0.9113 0.0404
vn -0.8622 -0.4763 0.1723
vn -0.3322 -0.9200 0.2081
vn -0.6343 -0.5561 0.5370
vn -0.0000 -0.8101 0.5863
vn -0.0014 -0.9902 0.1395
vn -0.6965 -0.5810 0.4211
vn -0.7953 -0.5213 -0.3093
vn -0.6930 -0.7180 -0.0650
vn -0.4810 -0.5580 0.6762
vn 0.7902 -0.3810 -0.4800
vn 0.8597 -0.2552 -0.4424
vn 0.7413 -0.2613 -0.6182
vn 0.7210 -0.2827 -0.6327
vn 0.0566 -0.7410 -0.6691
vn 0.3471 -0.5767 -0.7395
vn 0.0524 -0.5341 -0.8438
vn 0.0683 -0.5266 -0.8474
vn -0.2903 -0.5361 -0.7927
vn -0.3817 -0.5905 -0.7110
vn -0.7208 -0.2830 -0.6328
vn -0.7385 -0.2647 -0.6202
vn -0.8570 -0.2662 -0.4412
vn -0.7923 -0.3864 -0.4721
vn -0.9675 -0.1007 -0.2319
vn 0.0000 0.9591 0.2832
vn -0.7876 0.5477 0.2823
vn -0.4844 0.7857 0.3847
vn -0.3912 0.9072 0.1551
vn 0.0101 0.9868 0.1616
vn 0.3530 -0.5925 0.7241
vn 0.7851 -0.3424 0.5161
vn 0.9247 0.3319 -0.1865
vn 0.8154 0.4269 -0.3911
vn -0.4866 0.1336 0.8633
vn -0.3570 0.1666 0.9191
vn -0.8014 0.2738 0.5317
vn -0.2481 0.0716 0.9661
vn -0.0511 0.1465 0.9879
vn -0.2324 -0.0692 0.9702
vn -0.1784 -0.0351 0.9833
vn -0.1910 0.2681 0.9443
vn -0.1694 -0.0727 0.9829
vn -0.2682 -0.1076 0.9573
vn 0.2485 -0.1496 0.9570
vn 0.5597 -0.1536 0.8143
vn 0.5624 -0.0769 0.8233
vn 0.2521 0.0296 0.9672
vn -0.0785 -0.1540 0.9849
vn -0.0826 -0.0002 0.9966
vn -0.2863 -0.1400 0.9479
vn -0.3003 -0.0007 0.9539
vn -0.2940 0.0533 0.9543
vn -0.0936 0.1325 0.9868
vn 0.2171 0.1654 0.9620
vn 0.2096 0.1072 0.9719
vn 0.4669 0.1688 0.8681
vn 0.5241 0.0761 0.8483
vn 0.6715 0.1001 0.7342
vn 0.7064 0.0085 0.7078
vn 0.7967 0.0601 0.6013
vn 0.7702 -0.0189 0.6376
vn 0.8404 0.0789 0.5362
vn 0.8003 0.0006 0.5996
vn 0.7595 -0.0756 0.6461
vn 0.7438 -0.1022 0.6606
vn 0.7773 -0.0742 0.6248
vn 0.7734 -0.1589 0.6137
vn 0.7514 -0.1963 0.6300
vn 0.7278 -0.0630 0.6829
vn 0.6271 -0.0788 0.7750
vn 0.5441 0.0600 0.8369
vn 0.3392 -0.0106 0.9406
vn 0.4674 -0.1457 0.8720
vn 0.1941 -0.0897 0.9769
vn 0.2696 -0.2057 0.9407
vn -0.0704 -0.1667 0.9835
vn -0.0528 -0.1843 0.9814
vn -0.2890 -0.3323 0.8978
vn -0.3516 -0.1842 0.9179
vn -0.3665 -0.2185 0.9044
vn -0.3808 -0.1898 0.9050
vn -0.3326 -0.1758 0.9265
vn -0.2517 -0.2938 0.9222
vn -0.3211 -0.1267 0.9385
vn -0.3263 -0.0408 0.9444
vn -0.2903 -0.1782 0.9402
vn -0.0635 -0.1666 0.9840
vn 0.2336 -0.2553 0.9382
vn 0.4839 -0.2119 0.8491
vn 0.6343 -0.2215 0.7406
vn 0.7523 -0.0609 0.6560
vn 0.7274 -0.0250 0.6858
vn 0.5580 -0.0326 0.8292
vn 0.2389 0.0714 0.9684
vn -0.1138 0.0858 0.9898
vn 0.6949 0.0526 0.7172
vn 0.7580 -0.0795 0.6474
vn 0.7999 -0.1774 0.5732
vn 0.8051 0.0002 0.5931
vn 0.9014 -0.2066 0.3805
vn -0.7922 0.0761 0.6055
vn -0.8983 0.1891 0.3967
vn -0.0283 0.9586 0.2833
vn -0.0714 0.9849 0.1576
vn -0.5902 0.6492 0.4798
vn -0.1197 0.9467 0.2991
vn -0.1496 0.9835 0.1018
vn -0.6487 0.6932 0.3141
vn 0.0394 0.9926 0.1151
vn -0.3680 0.9133 0.1746
vn 0.0926 0.9474 -0.3065
vn -0.2318 0.9337 -0.2730
vn 0.1148 0.7506 -0.6507
vn -0.1896 0.7520 -0.6313
vn -0.7061 0.7079 -0.0175
vn -0.5385 0.5332 0.6524
vn -0.5972 -0.0177 0.8019
vn -0.2642 0.5002 0.8246
vn -0.3143 -0.1250 0.9411
vn -0.0140 0.4697 0.8827
vn -0.0303 -0.1250 0.9917
vn 0.2843 0.5121 0.8105
vn 0.3500 -0.0964 0.9318
vn 0.4103 0.7039 0.5798
vn 0.5549 0.0046 0.8319
vn 0.6025 0.6541 0.4573
vn 0.8003 0.0671 0.5958
vn 0.6707 0.6632 0.3321
vn 0.7629 0.2558 0.5938
vn 0.9048 0.2347 0.3553
vn 0.4967 0.8384 0.2244
vn 0.7007 0.7133 0.0151
vn 0.2227 0.9335 -0.2810
vn 0.1809 0.7577 -0.6270
vn -0.0713 0.9409 -0.3312
vn -0.0936 0.7586 -0.6448
vn 0.0087 0.9335 0.3584
vn 0.1081 0.9471 0.3021
vn 0.0786 0.9835 0.1627
vn 0.1416 0.9803 0.1380
vn -0.0279 0.9967 0.0763
vn 0.0626 -0.8601 -0.5062
vn -0.7113 -0.4616 -0.5300
vn -0.0566 -0.6169 -0.7850
vn -0.8399 -0.0968 0.5341
vn -0.5896 -0.7752 0.2267
vn -0.5176 -0.8065 0.2856
vn -0.9154 -0.0517 0.3993
vn -0.6360 -0.7600 0.1338
vn -0.9760 -0.1488 0.1587
vn -0.4977 -0.7297 -0.4688
vn 0.1718 -0.9702 -0.1707
vn 0.1342 -0.9798 -0.1480
vn -0.4172 -0.7706 0.4818
vn -0.6572 -0.1157 0.7448
vn -0.3829 -0.1183 0.9162
vn -0.1643 -0.7825 0.6006
vn 0.0140 -0.1590 0.9872
vn 0.0021 -0.7368 0.6761
vn 0.3736 -0.1501 0.9154
vn 0.1750 -0.7666 0.6179
vn 0.6493 -0.1280 0.7497
vn 0.4083 -0.7694 0.4912
vn 0.8436 -0.1085 0.5259
vn 0.5338 -0.7990 0.2768
vn 0.9136 -0.0955 0.3952
vn 0.5960 -0.7695 0.2293
vn 0.9711 -0.1520 0.1840
vn 0.6620 -0.7220 0.2010
vn 0.5181 -0.7344 -0.4384
vn -0.1360 -0.8818 -0.4516
vn -0.1021 -0.5429 -0.8336
vn 0.7325 -0.4149 -0.5397
vn -0.1718 -0.9733 -0.1522
vn -0.1331 -0.9798 -0.1495
vn -0.1710 -0.9689 -0.1786
vn -0.0520 -0.9849 -0.1654
vn -0.0294 -0.9993 -0.0246
vn 0.0724 -0.9845 -0.1600
vn 0.1668 -0.9684 -0.1857
vn 0.9723 0.2337 -0.0070
vn 0.9702 0.2270 0.0841
vn 0.8191 0.2616 0.5105
vn 0.9563 0.1893 -0.2230
vn 0.9675 0.1765 -0.1810
vn 0.8765 0.2038 -0.4362
vn 0.8446 0.1452 -0.5153
vn 0.6158 0.1304 -0.7771
vn 0.4253 0.0658 -0.9027
vn 0.3086 0.1240 -0.9431
vn -0.0217 0.0680 -0.9975
vn -0.0160 0.0621 -0.9979
vn -0.3808 0.0130 -0.9246
vn -0.4336 0.1467 -0.8891
vn -0.8244 0.1680 -0.5406
vn -0.5098 -0.1906 -0.8389
vn -0.8812 0.1955 -0.4305
vn -0.9625 0.1858 -0.1975
vn -0.9515 0.1926 -0.2401
vn -0.9570 0.2895 -0.0148
vn -0.9856 0.1683 -0.0148
vn -0.9688 -0.2352 -0.0780
vn -0.9936 0.1122 -0.0155
vn -0.7422 0.6701 -0.0009
vn -0.9831 0.1292 0.1294
vn -0.9999 0.0114 0.0083
vn -0.9722 0.0735 -0.2221
vn -0.9768 0.0655 -0.2041
vn -0.8414 0.1146 -0.5281
vn -0.8110 0.1531 -0.5646
vn -0.3458 0.3653 -0.8643
vn -0.3975 0.3588 -0.8445
vn 0.0007 0.4603 -0.8878
vn 0.0004 0.4605 -0.8876
vn 0.3545 0.3761 -0.8561
vn 0.4162 0.3233 -0.8499
vn 0.8333 0.1394 -0.5349
vn 0.7900 0.1216 -0.6009
vn 0.9699 0.0706 -0.2331
vn 0.9744 0.0706 -0.2134
vn 0.9951 0.0652 -0.0749
vn 0.9984 0.0500 0.0268
vn 0.9846 0.0262 0.1730
vn 0.6968 -0.1124 0.7084
vn -0.8140 0.0821 0.5751
vn -0.7496 -0.0393 0.6607
vn -0.6216 0.0635 0.7808
vn -0.6856 -0.0079 0.7280
vn -0.4906 0.1433 0.8596
vn -0.7243 -0.0983 0.6825
vn -0.7498 -0.1354 0.6476
vn -0.8334 0.0359 0.5516
vn -0.8439 0.0812 0.5304
vn 0.1523 -0.1282 0.9800
vn 0.4919 -0.2707 0.8275
vn 0.2436 -0.2128 0.9462
vn 0.3448 -0.2208 0.9124
vn 0.4157 -0.3125 0.8541
vn 0.3927 -0.2125 0.8948
vn 0.0717 -0.2327 0.9699
vn 0.0050 -0.1238 0.9923
vn -0.1927 -0.1240 0.9734
vn -0.2479 -0.1581 0.9558
vn -0.3597 -0.0464 0.9319
vn -0.4682 -0.1174 0.8758
vn -0.5835 0.0348 0.8114
vn -0.6400 -0.0620 0.7658
vn -0.6980 0.0667 0.7130
vn -0.7310 -0.0706 0.6787
vn -0.7830 0.0476 0.6203
vn -0.7883 -0.1029 0.6066
vn -0.7936 -0.1798 0.5813
vn -0.7611 -0.2430 0.6014
vn -0.7798 -0.1595 0.6054
vn -0.7773 -0.0742 0.6247
vn -0.7553 0.0155 0.6552
vn -0.5470 0.0821 0.8331
vn -0.2201 0.1786 0.9590
vn -0.1984 0.0875 0.9762
vn 0.0578 0.1576 0.9858
vn 0.0706 0.1272 0.9894
vn 0.3832 0.0998 0.9182
vn 0.3378 0.1287 0.9324
vn 0.6071 0.1741 0.7753
vn 0.4367 0.1664 0.8841
vn 0.5291 0.3306 0.7815
vn 0.2120 -0.0366 0.9766
vn 0.2193 -0.0808 0.9723
vn 0.1699 -0.0740 0.9827
vn 0.2469 -0.1319 0.9600
vn 0.3118 -0.0505 0.9488
vn 0.3020 -0.0320 0.9528
vn 0.2636 -0.1176 0.9574
vn 0.0454 -0.1869 0.9813
vn -0.2055 -0.2732 0.9398
vn -0.4837 -0.2071 0.8504
vn -0.6451 -0.2157 0.7330
vn -0.7427 -0.2020 0.6384
vn -0.7563 -0.0730 0.6502
vn -0.5439 -0.0223 0.8389
vn -0.2515 0.0682 0.9654
vn 0.0854 0.0825 0.9929
vn 0.2872 0.0339 0.9573
vn 0.2957 -0.0006 0.9553
vn 0.3096 -0.1586 0.9375
vn 0.0799 -0.1549 0.9847
vn -0.2477 -0.1502 0.9571
vn -0.5602 -0.1531 0.8141
vn -0.5253 -0.0778 0.8473
vn -0.2778 0.0379 0.9599
vn 0.0917 -0.0046 0.9958
usemtl Material-3990.000
s 1
f 641/641/641 642/642/642 643/643/643
f 644/644/644 645/645/645 642/642/642
f 641/641/641 644/644/644 642/642/642
f 646/646/646 644/644/644 641/641/641
f 647/647/647 646/646/646 641/641/641
f 648/648/648 647/647/647 641/641/641
f 643/643/643 648/648/648 641/641/641
f 649/649/649 648/648/648 643/643/643
f 650/650/650 651/651/651 652/652/652
f 653/653/653 650/650/650 652/652/652
f 654/654/654 650/650/650 653/653/653
f 655/655/655 654/654/654 653/653/653
f 656/656/656 654/654/654 655/655/655
f 657/657/657 656/656/656 655/655/655
f 658/658/658 656/656/656 657/657/657
f 659/659/659 658/658/658 657/657/657
f 660/660/660 659/659/659 657/657/657
f 661/661/661 659/659/659 660/660/660
f 662/662/662 661/661/661 660/660/660
f 663/663/663 661/661/661 662/662/662
f 664/664/664 661/661/661 663/663/663
f 665/665/665 664/664/664 663/663/663
f 666/666/666 664/664/664 665/665/665
f 667/667/667 666/666/666 665/665/665
f 668/668/668 666/666/666 667/667/667
f 669/669/669 666/666/666 668/668/668
f 670/670/670 669/669/669 668/668/668
f 671/671/671 669/669/669 670/670/670
f 672/672/672 671/671/671 670/670/670
f 673/673/673 671/671/671 672/672/672
f 674/674/674 673/673/673 672/672/672
f 675/675/675 673/673/673 674/674/674
f 676/676/676 673/673/673 675/675/675
f 677/677/677 676/676/676 675/675/675
f 678/678/678 677/677/677 675/675/675
f 679/679/679 677/677/677 678/678/678
f 680/680/680 679/679/679 678/678/678
f 681/681/681 679/679/679 680/680/680
f 682/682/682 681/681/681 680/680/680
f 683/683/683 681/681/681 682/682/682
f 684/684/684 683/683/683 682/682/682
f 685/685/685 683/683/683 684/684/684
f 686/686/686 683/683/683 685/685/685
f 687/687/687 686/686/686 685/685/685
f 688/688/688 686/686/686 687/687/687
f 689/689/689 688/688/688 687/687/687
f 690/690/690 688/688/688 689/689/689
f 691/691/691 690/690/690 689/689/689
f 692/692/692 690/690/690 691/691/691
f 693/693/693 692/692/692 691/691/691
f 694/694/694 692/692/692 693/693/693
f 695/695/695 694/694/694 693/693/693
f 696/696/696 694/694/694 695/695/695
f 697/697/697 696/696/696 695/695/695
f 698/698/698 697/697/697 695/695/695
f 699/699/699 697/697/697 698/698/698
f 700/700/700 699/699/699 698/698/698
f 701/701/701 699/699/699 700/700/700
f 663/663/663 701/701/701 700/700/700
f 665/665/665 663/663/663 700/700/700
f 702/702/702 665/665/665 700/700/700
f 667/667/667 665/665/665 702/702/702
f 647/647/647 667/667/667 702/702/702
f 703/703/703 647/647/647 702/702/702
f 646/646/646 647/647/647 703/703/703
f 704/704/704 646/646/646 703/703/703
f 644/644/644 646/646/646 704/704/704
f 705/705/705 644/644/644 704/704/704
f 645/645/645 644/644/644 705/705/705
f 706/706/706 645/645/645 705/705/705
f 707/707/707 706/706/706 705/705/705
f 708/708/708 707/707/707 705/705/705
f 709/709/709 707/707/707 708/708/708
f 710/710/710 709/709/709 708/708/708
f 711/711/711 709/709/709 710/710/710
f 712/712/712 711/711/711 710/710/710
f 700/700/700 711/711/711 712/712/712
f 702/702/702 700/700/700 712/712/712
f 703/703/703 702/702/702 712/712/712
f 713/713/713 703/703/703 712/712/712
f 704/704/704 703/703/703 713/713/713
f 708/708/708 704/704/704 713/713/713
f 705/705/705 704/704/704 708/708/708
f 713/713/713 710/710/710 708/708/708
f 712/712/712 710/710/710 713/713/713
f 709/709/709 711/711/711 714/714/714
f 691/691/691 689/689/689 715/715/715
f 716/716/716 691/691/691 715/715/715
f 693/693/693 691/691/691 716/716/716
f 717/717/717 693/693/693 716/716/716
f 695/695/695 693/693/693 717/717/717
f 714/714/714 695/695/695 717/717/717
f 698/698/698 695/695/695 714/714/714
f 711/711/711 698/698/698 714/714/714
f 700/700/700 698/698/698 711/711/711
f 718/718/718 674/674/674 672/672/672
f 719/719/719 718/718/718 672/672/672
f 720/720/720 718/718/718 719/719/719
f 721/721/721 720/720/720 719/719/719
f 722/722/722 720/720/720 721/721/721
f 723/723/723 722/722/722 721/721/721
f 724/724/724 722/722/722 723/723/723
f 725/725/725 724/724/724 723/723/723
f 726/726/726 724/724/724 725/725/725
f 727/727/727 726/726/726 725/725/725
f 728/728/728 726/726/726 727/727/727
f 729/729/729 726/726/726 728/728/728
f 730/730/730 729/729/729 728/728/728
f 731/731/731 729/729/729 730/730/730
f 715/715/715 731/731/731 730/730/730
f 732/732/732 731/731/731 715/715/715
f 689/689/689 732/732/732 715/715/715
f 687/687/687 732/732/732 689/689/689
f 660/660/660 733/733/733 662/662/662
f 734/734/734 697/697/697 699/699/699
f 735/735/735 734/734/734 699/699/699
f 736/736/736 734/734/734 735/735/735
f 733/733/733 736/736/736 735/735/735
f 737/737/737 736/736/736 733/733/733
f 660/660/660 737/737/737 733/733/733
f 657/657/657 737/737/737 660/660/660
f 655/655/655 737/737/737 657/657/657
f 736/736/736 737/737/737 655/655/655
f 653/653/653 736/736/736 655/655/655
f 734/734/734 736/736/736 653/653/653
f 652/652/652 734/734/734 653/653/653
f 666/666/666 738/738/738 664/664/664
f 739/739/739 738/738/738 666/666/666
f 669/669/669 739/739/739 666/666/666
f 671/671/671 739/739/739 669/669/669
f 740/740/740 739/739/739 671/671/671
f 741/741/741 740/740/740 671/671/671
f 673/673/673 741/741/741 671/671/671
f 676/676/676 741/741/741 673/673/673
f 742/742/742 743/743/743 744/744/744
f 745/745/745 746/746/746 743/743/743
f 742/742/742 745/745/745 743/743/743
f 747/747/747 745/745/745 742/742/742
f 748/748/748 744/744/744 749/749/749
f 742/742/742 744/744/744 748/748/748
f 750/750/750 742/742/742 748/748/748
f 747/747/747 742/742/742 750/750/750
f 751/751/751 747/747/747 750/750/750
f 752/752/752 753/753/753 754/754/754
f 755/755/755 752/752/752 754/754/754
f 756/756/756 752/752/752 755/755/755
f 757/757/757 756/756/756 755/755/755
f 758/758/758 756/756/756 757/757/757
f 759/759/759 758/758/758 757/757/757
f 747/747/747 758/758/758 759/759/759
f 760/760/760 747/747/747 759/759/759
f 745/745/745 747/747/747 760/760/760
f 761/761/761 745/745/745 760/760/760
f 746/746/746 745/745/745 761/761/761
f 762/762/762 746/746/746 761/761/761
f 763/763/763 762/762/762 761/761/761
f 764/764/764 762/762/762 763/763/763
f 765/765/765 764/764/764 763/763/763
f 766/766/766 764/764/764 765/765/765
f 767/767/767 766/766/766 765/765/765
f 768/768/768 766/766/766 767/767/767
f 769/769/769 768/768/768 767/767/767
f 770/770/770 768/768/768 769/769/769
f 771/771/771 770/770/770 769/769/769
f 772/772/772 771/771/771 769/769/769
f 773/773/773 771/771/771 772/772/772
f 774/774/774 773/773/773 772/772/772
f 775/775/775 773/773/773 774/774/774
f 776/776/776 775/775/775 774/774/774
f 777/777/777 775/775/775 776/776/776
f 778/778/778 777/777/777 776/776/776
f 779/779/779 777/777/777 778/778/778
f 780/780/780 779/779/779 778/778/778
f 781/781/781 780/780/780 778/778/778
f 782/782/782 780/780/780 781/781/781
f 783/783/783 782/782/782 781/781/781
f 784/784/784 782/782/782 783/783/783
f 785/785/785 784/784/784 783/783/783
f 786/786/786 784/784/784 785/785/785
f 787/787/787 786/786/786 785/785/785
f 788/788/788 786/786/786 787/787/787
f 789/789/789 788/788/788 787/787/787
f 790/790/790 788/788/788 789/789/789
f 791/791/791 790/790/790 789/789/789
f 792/792/792 791/791/791 789/789/789
f 751/751/751 791/791/791 792/792/792
f 793/793/793 751/751/751 792/792/792
f 747/747/747 751/751/751 793/793/793
f 758/758/758 747/747/747 793/793/793
f 792/792/792 758/758/758 793/793/793
f 794/794/794 758/758/758 792/792/792
f 789/789/789 794/794/794 792/792/792
f 787/787/787 794/794/794 789/789/789
f 795/795/795 794/794/794 787/787/787
f 785/785/785 795/795/795 787/787/787
f 796/796/796 795/795/795 785/785/785
f 783/783/783 796/796/796 785/785/785
f 797/797/797 796/796/796 783/783/783
f 781/781/781 797/797/797 783/783/783
f 798/798/798 797/797/797 781/781/781
f 778/778/778 798/798/798 781/781/781
f 776/776/776 798/798/798 778/778/778
f 799/799/799 798/798/798 776/776/776
f 774/774/774 799/799/799 776/776/776
f 800/800/800 799/799/799 774/774/774
f 772/772/772 800/800/800 774/774/774
f 769/769/769 800/800/800 772/772/772
f 767/767/767 800/800/800 769/769/769
f 801/801/801 800/800/800 767/767/767
f 765/765/765 801/801/801 767/767/767
f 802/802/802 801/801/801 765/765/765
f 763/763/763 802/802/802 765/765/765
f 803/803/803 802/802/802 763/763/763
f 761/761/761 803/803/803 763/763/763
f 760/760/760 803/803/803 761/761/761
f 759/759/759 803/803/803 760/760/760
f 757/757/757 803/803/803 759/759/759
f 802/802/802 803/803/803 757/757/757
f 755/755/755 802/802/802 757/757/757
f 801/801/801 802/802/802 755/755/755
f 754/754/754 801/801/801 755/755/755
f 800/800/800 801/801/801 754/754/754
f 799/799/799 800/800/800 754/754/754
f 753/753/753 799/799/799 754/754/754
f 798/798/798 799/799/799 753/753/753
f 797/797/797 798/798/798 753/753/753
f 752/752/752 797/797/797 753/753/753
f 796/796/796 797/797/797 752/752/752
f 795/795/795 796/796/796 752/752/752
f 756/756/756 795/795/795 752/752/752
f 794/794/794 795/795/795 756/756/756
f 758/758/758 794/794/794 756/756/756
f 777/777/777 779/779/779 804/804/804
f 805/805/805 777/777/777 804/804/804
f 775/775/775 777/777/777 805/805/805
f 773/773/773 775/775/775 805/805/805
f 806/806/806 773/773/773 805/805/805
f 807/807/807 806/806/806 805/805/805
f 808/808/808 806/806/806 807/807/807
f 804/804/804 807/807/807 805/805/805
f 809/809/809 810/810/810 811/811/811
f 812/812/812 813/813/813 814/814/814
f 815/815/815 813/813/813 812/812/812
f 816/816/816 813/813/813 815/815/815
f 817/817/817 816/816/816 815/815/815
f 818/818/818 816/816/816 817/817/817
f 819/819/819 818/818/818 817/817/817
f 820/820/820 818/818/818 819/819/819
f 821/821/821 820/820/820 819/819/819
f 822/822/822 820/820/820 821/821/821
f 823/823/823 820/820/820 822/822/822
f 818/818/818 820/820/820 823/823/823
f 816/816/816 818/818/818 823/823/823
f 810/810/810 816/816/816 823/823/823
f 813/813/813 816/816/816 810/810/810
f 809/809/809 813/813/813 810/810/810
f 824/824/824 813/813/813 809/809/809
f 825/825/825 824/824/824 809/809/809
f 826/826/826 824/824/824 825/825/825
f 827/827/827 826/826/826 825/825/825
f 828/828/828 826/826/826 827/827/827
f 829/829/829 828/828/828 827/827/827
f 830/830/830 828/828/828 829/829/829
f 831/831/831 830/830/830 829/829/829
f 832/832/832 830/830/830 831/831/831
f 833/833/833 832/832/832 831/831/831
f 834/834/834 832/832/832 833/833/833
f 835/835/835 834/834/834 833/833/833
f 836/836/836 834/834/834 835/835/835
f 837/837/837 836/836/836 835/835/835
f 838/838/838 836/836/836 837/837/837
f 839/839/839 836/836/836 838/838/838
f 840/840/840 839/839/839 838/838/838
f 841/841/841 839/839/839 840/840/840
f 842/842/842 841/841/841 840/840/840
f 843/843/843 841/841/841 842/842/842
f 844/844/844 843/843/843 842/842/842
f 834/834/834 830/830/830 832/832/832
f 814/814/814 813/813/813 824/824/824
f 826/826/826 814/814/814 824/824/824
f 845/845/845 814/814/814 826/826/826
f 828/828/828 845/845/845 826/826/826
f 846/846/846 845/845/845 828/828/828
f 830/830/830 846/846/846 828/828/828
f 847/847/847 846/846/846 830/830/830
f 834/834/834 847/847/847 830/830/830
f 836/836/836 847/847/847 834/834/834
f 848/848/848 847/847/847 836/836/836
f 839/839/839 848/848/848 836/836/836
f 849/849/849 848/848/848 839/839/839
f 841/841/841 849/849/849 839/839/839
f 843/843/843 849/849/849 841/841/841
f 850/850/850 851/851/851 852/852/852
f 853/853/853 854/854/854 855/855/855
f 856/856/856 854/854/854 853/853/853
f 857/857/857 854/854/854 856/856/856
f 858/858/858 857/857/857 856/856/856
f 851/851/851 857/857/857 858/858/858
f 859/859/859 857/857/857 851/851/851
f 850/850/850 859/859/859 851/851/851
f 860/860/860 859/859/859 850/850/850
f 857/857/857 859/859/859 860/860/860
f 861/861/861 857/857/857 860/860/860
f 854/854/854 857/857/857 861/861/861
f 855/855/855 854/854/854 861/861/861
f 862/862/862 855/855/855 861/861/861
f 853/853/853 855/855/855 862/862/862
f 863/863/863 853/853/853 862/862/862
f 864/864/864 863/863/863 862/862/862
f 865/865/865 864/864/864 862/862/862
f 866/866/866 864/864/864 865/865/865
f 867/867/867 866/866/866 865/865/865
f 868/868/868 866/866/866 867/867/867
f 869/869/869 868/868/868 867/867/867
f 870/870/870 868/868/868 869/869/869
f 871/871/871 870/870/870 869/869/869
f 872/872/872 870/870/870 871/871/871
f 873/873/873 872/872/872 871/871/871
f 874/874/874 872/872/872 873/873/873
f 875/875/875 874/874/874 873/873/873
f 876/876/876 874/874/874 875/875/875
f 877/877/877 876/876/876 875/875/875
f 878/878/878 876/876/876 877/877/877
f 879/879/879 878/878/878 877/877/877
f 880/880/880 878/878/878 879/879/879
f 881/881/881 878/878/878 880/880/880
f 876/876/876 878/878/878 881/881/881
f 882/882/882 879/879/879 877/877/877
f 875/875/875 882/882/882 877/877/877
f 883/883/883 882/882/882 875/875/875
f 873/873/873 883/883/883 875/875/875
f 871/871/871 883/883/883 873/873/873
f 884/884/884 883/883/883 871/871/871
f 869/869/869 884/884/884 871/871/871
f 885/885/885 884/884/884 869/869/869
f 886/886/886 885/885/885 869/869/869
f 867/867/867 886/886/886 869/869/869
f 887/887/887 886/886/886 867/867/867
f 865/865/865 887/887/887 867/867/867
f 862/862/862 887/887/887 865/865/865
f 888/888/888 887/887/887 862/862/862
f 861/861/861 888/888/888 862/862/862
f 889/889/889 890/890/890 891/891/891
f 892/892/892 890/890/890 889/889/889
f 893/893/893 890/890/890 892/892/892
f 894/894/894 893/893/893 892/892/892
f 895/895/895 894/894/894 892/892/892
f 896/896/896 894/894/894 895/895/895
f 897/897/897 896/896/896 895/895/895
f 898/898/898 896/896/896 897/897/897
f 899/899/899 898/898/898 897/897/897
f 900/900/900 899/899/899 897/897/897
f 901/901/901 899/899/899 900/900/900
f 902/902/902 901/901/901 900/900/900
f 903/903/903 901/901/901 902/902/902
f 904/904/904 901/901/901 903/903/903
f 905/905/905 904/904/904 903/903/903
f 906/906/906 905/905/905 903/903/903
f 907/907/907 906/906/906 903/903/903
f 908/908/908 906/906/906 907/907/907
f 909/909/909 906/906/906 908/908/908
f 910/910/910 906/906/906 909/909/909
f 911/911/911 912/912/912 913/913/913
f 914/914/914 911/911/911 913/913/913
f 915/915/915 911/911/911 914/914/914
f 916/916/916 915/915/915 914/914/914
f 917/917/917 915/915/915 916/916/916
f 918/918/918 917/917/917 916/916/916
f 919/919/919 917/917/917 918/918/918
f 920/920/920 919/919/919 918/918/918
f 921/921/921 919/919/919 920/920/920
f 922/922/922 921/921/921 920/920/920
f 923/923/923 921/921/921 922/922/922
f 924/924/924 923/923/923 922/922/922
f 925/925/925 923/923/923 924/924/924
f 926/926/926 925/925/925 924/924/924
f 927/927/927 925/925/925 926/926/926
f 928/928/928 927/927/927 926/926/926
f 929/929/929 927/927/927 928/928/928
f 930/930/930 929/929/929 928/928/928
f 931/931/931 929/929/929 930/930/930
f 932/932/932 931/931/931 930/930/930
f 933/933/933 934/934/934 935/935/935
f 936/936/936 937/937/937 935/935/935
f 934/934/934 936/936/936 935/935/935
f 938/938/938 936/936/936 934/934/934
f 939/939/939 938/938/938 934/934/934
f 940/940/940 939/939/939 934/934/934
f 933/933/933 940/940/940 934/934/934
f 941/941/941 940/940/940 933/933/933
f 942/942/942 943/943/943 944/944/944
f 945/945/945 942/942/942 944/944/944
f 946/946/946 942/942/942 945/945/945
f 947/947/947 946/946/946 945/945/945
f 948/948/948 946/946/946 947/947/947
f 949/949/949 948/948/948 947/947/947
f 950/950/950 948/948/948 949/949/949
f 951/951/951 950/950/950 949/949/949
f 952/952/952 950/950/950 951/951/951
f 953/953/953 952/952/952 951/951/951
f 954/954/954 952/952/952 953/953/953
f 955/955/955 954/954/954 953/953/953
f 956/956/956 954/954/954 955/955/955
f 957/957/957 956/956/956 955/955/955
f 958/958/958 956/956/956 957/957/957
f 959/959/959 958/958/958 957/957/957
f 960/960/960 958/958/958 959/959/959
f 961/961/961 960/960/960 959/959/959
f 962/962/962 961/961/961 959/959/959
f 939/939/939 961/961/961 962/962/962
f 963/963/963 939/939/939 962/962/962
f 938/938/938 939/939/939 963/963/963
f 964/964/964 938/938/938 963/963/963
f 936/936/936 938/938/938 964/964/964
f 965/965/965 936/936/936 964/964/964
f 937/937/937 936/936/936 965/965/965
f 966/966/966 937/937/937 965/965/965
f 967/967/967 966/966/966 965/965/965
f 968/968/968 966/966/966 967/967/967
f 969/969/969 968/968/968 967/967/967
f 970/970/970 968/968/968 969/969/969
f 971/971/971 970/970/970 969/969/969
f 972/972/972 970/970/970 971/971/971
f 973/973/973 972/972/972 971/971/971
f 974/974/974 972/972/972 973/973/973
f 975/975/975 974/974/974 973/973/973
f 976/976/976 975/975/975 973/973/973
f 977/977/977 975/975/975 976/976/976
f 978/978/978 977/977/977 976/976/976
f 979/979/979 978/978/978 976/976/976
f 980/980/980 978/978/978 979/979/979
f 981/981/981 980/980/980 979/979/979
f 947/947/947 980/980/980 981/981/981
f 949/949/949 947/947/947 981/981/981
f 982/982/982 949/949/949 981/981/981
f 951/951/951 949/949/949 982/982/982
f 983/983/983 951/951/951 982/982/982
f 953/953/953 951/951/951 983/983/983
f 984/984/984 953/953/953 983/983/983
f 955/955/955 953/953/953 984/984/984
f 985/985/985 955/955/955 984/984/984
f 957/957/957 955/955/955 985/985/985
f 986/986/986 957/957/957 985/985/985
f 959/959/959 957/957/957 986/986/986
f 962/962/962 959/959/959 986/986/986
f 963/963/963 962/962/962 986/986/986
f 987/987/987 963/963/963 986/986/986
f 964/964/964 963/963/963 987/987/987
f 988/988/988 964/964/964 987/987/987
f 965/965/965 964/964/964 988/988/988
f 967/967/967 965/965/965 988/988/988
f 989/989/989 967/967/967 988/988/988
f 969/969/969 967/967/967 989/989/989
f 990/990/990 969/969/969 989/989/989
f 971/971/971 969/969/969 990/990/990
f 991/991/991 971/971/971 990/990/990
f 973/973/973 971/971/971 991/991/991
f 976/976/976 973/973/973 991/991/991
f 992/992/992 976/976/976 991/991/991
f 993/993/993 976/976/976 992/992/992
f 994/994/994 993/993/993 992/992/992
f 982/982/982 993/993/993 994/994/994
f 983/983/983 982/982/982 994/994/994
f 995/995/995 983/983/983 994/994/994
f 984/984/984 983/983/983 995/995/995
f 996/996/996 984/984/984 995/995/995
f 985/985/985 984/984/984 996/996/996
f 986/986/986 985/985/985 996/996/996
f 987/987/987 986/986/986 996/996/996
f 997/997/997 987/987/987 996/996/996
f 988/988/988 987/987/987 997/997/997
f 989/989/989 988/988/988 997/997/997
f 998/998/998 989/989/989 997/997/997
f 990/990/990 989/989/989 998/998/998
f 999/999/999 990/990/990 998/998/998
f 991/991/991 990/990/990 999/999/999
f 992/992/992 991/991/991 999/999/999
f 994/994/994 992/992/992 999/999/999
f 995/995/995 994/994/994 999/999/999
f 998/998/998 995/995/995 999/999/999
f 996/996/996 995/995/995 998/998/998
f 997/997/997 996/996/996 998/998/998
f 981/981/981 993/993/993 982/982/982
f 979/979/979 993/993/993 981/981/981
f 976/976/976 993/993/993 979/979/979
f 945/945/945 980/980/980 947/947/947
f 978/978/978 980/980/980 945/945/945
f 944/944/944 978/978/978 945/945/945
o Mesh-006_MeshData-006.001
v -0.231551 10.430474 0.849776
v -0.000668 10.760028 0.707682
v -0.211055 10.760141 0.714470
v 0.004745 10.425189 0.847902
v 0.411960 10.762363 0.662466
v 0.510404 10.435117 0.790752
v 0.894218 10.762973 0.531354
v -0.211055 10.760141 0.714470
v -0.501345 10.438943 0.791836
v -0.231551 10.430474 0.849776
v -0.413552 10.762294 0.662483
v -1.034139 10.459960 0.632619
v -0.895097 10.762814 0.530514
v -1.540262 10.528261 0.275717
v -1.307338 10.779066 0.225921
v -1.746668 10.498835 -0.323521
v -1.478605 10.805524 -0.324290
v -1.496102 10.527093 -0.959822
v -1.244064 10.834552 -0.917447
v -0.887893 10.550496 -1.540277
v -0.684184 10.866962 -1.329515
v 0.000778 10.517325 -1.639683
v -0.001200 10.836596 -1.422587
v 0.889912 10.544811 -1.538686
v 0.682924 10.867021 -1.329594
v 1.569943 10.527733 -0.985906
v 1.242741 10.834057 -0.916755
v 1.480003 10.796386 -0.324622
v 1.831571 10.508636 -0.333659
v 1.306037 10.779066 0.225919
v 1.548158 10.517175 0.279986
v 1.042673 10.452191 0.632343
v 0.535268 9.580566 0.861792
v -0.003782 9.568580 0.924920
v 0.865226 9.776208 -1.651441
v -0.003340 9.733747 -1.765117
v 1.710692 9.753476 -1.092626
v 1.988293 9.751822 -0.334942
v 1.667359 9.648395 0.307708
v 1.091689 9.584280 0.740915
v -0.016265 15.139059 -1.289351
v -0.274305 15.502832 -1.110621
v 0.002559 15.511322 -1.205166
v -0.510320 15.095877 -1.146420
v -0.445830 15.466240 -0.973518
v -0.623161 15.102297 -1.025545
v -0.789989 15.066879 -0.779265
v -0.543823 15.402173 -0.683612
v -0.482011 15.288670 -0.319715
v -0.577890 14.925801 -0.415703
v -0.480277 14.818617 -0.152058
v -0.224803 15.172407 -0.088573
v -0.217243 14.736627 -0.040851
v 0.232866 15.172377 -0.088549
v 0.289955 14.717223 0.078375
v 0.052165 15.120019 0.005249
v 0.002302 15.132926 -0.059040
v 0.002302 15.132926 -0.059040
v -0.047825 15.120019 0.005249
v -0.285879 14.717223 0.078375
v 0.002302 15.132926 -0.059040
v -0.224803 15.172407 -0.088573
v -0.217243 14.736627 -0.040851
v 0.212799 14.753223 -0.012100
v 0.232866 15.172377 -0.088549
v 0.002559 15.511322 -1.205166
v 0.526928 15.093823 -1.147449
v -0.016265 15.139059 -1.289351
v 0.278998 15.503181 -1.110638
v 0.629166 15.102297 -1.025545
v 0.450658 15.466250 -0.973518
v 0.795994 15.066879 -0.779265
v 0.548930 15.402233 -0.683610
v 0.488119 15.290760 -0.310883
v 0.574783 14.924681 -0.415678
v 0.490901 14.818617 -0.152051
v 0.212799 14.753223 -0.012100
v 0.412131 10.762763 0.663366
v 0.894579 10.763441 0.532162
v 0.510581 10.435369 0.791703
v 0.004805 10.425431 0.848872
v -0.000608 10.760408 0.708604
v -0.231646 10.430716 0.850742
v -0.211144 10.760532 0.715386
v 0.535447 9.580666 0.862771
v -0.003723 9.568666 0.925914
v 1.043068 10.452492 0.633212
v 1.548850 10.517579 0.280584
v 1.306615 10.779707 0.226426
v 1.832430 10.509148 -0.333621
v 1.480659 10.797135 -0.324601
v 1.570648 10.528211 -0.986431
v 1.243305 10.834778 -0.917162
v 0.683211 10.867655 -1.330313
v 0.890247 10.545222 -1.539533
v -0.001198 10.837168 -1.423406
v 0.000779 10.517704 -1.640612
v -0.684495 10.867577 -1.330238
v -0.888246 10.550906 -1.541117
v -1.244702 10.835192 -0.917875
v -1.496829 10.527561 -0.960331
v -1.479348 10.806184 -0.324303
v -1.747543 10.499315 -0.323512
v -1.307955 10.779677 0.226416
v -1.540974 10.528665 0.276291
v -0.895457 10.763282 0.531321
v -1.034534 10.460260 0.633487
v -0.413774 10.762703 0.663370
v -0.501570 10.439204 0.792777
v -0.211144 10.760532 0.715386
v -0.231646 10.430716 0.850742
v 1.092106 9.584397 0.741816
v 1.668111 9.648538 0.308351
v 1.989272 9.752017 -0.334893
v 1.711473 9.753662 -1.093221
v 0.865587 9.776366 -1.652360
v -0.003339 9.733895 -1.766105
v -0.480621 14.819195 -0.151317
v -0.224625 15.171434 -0.088703
v -0.217386 14.736998 -0.039934
v -0.482412 15.287757 -0.319813
v -0.578368 14.926503 -0.415179
v -0.790620 15.067652 -0.779178
v -0.544020 15.401803 -0.682705
v -0.446436 15.466107 -0.972733
v -0.623667 15.103079 -1.025921
v -0.510653 15.096603 -1.147017
v -0.274855 15.502001 -1.110683
v -0.016274 15.139846 -1.289976
v 0.002534 15.510751 -1.204345
v 0.052040 15.119274 0.004593
v 0.289511 14.716875 0.077551
v 0.233038 15.171467 -0.088162
v 0.002272 15.132385 -0.058198
v -0.047698 15.119274 0.004594
v 0.002272 15.132385 -0.058198
v -0.285447 14.716866 0.077549
v -0.217386 14.736998 -0.039934
v -0.224625 15.171434 -0.088703
v 0.002272 15.132385 -0.058198
v 0.212924 14.753604 -0.011184
v 0.233038 15.171467 -0.088162
v 0.491285 14.819184 -0.151323
v 0.212924 14.753604 -0.011184
v 0.487502 15.290207 -0.311444
v 0.575275 14.925373 -0.415158
v 0.796629 15.067652 -0.779179
v 0.549109 15.401894 -0.682687
v 0.450212 15.465747 -0.972782
v 0.629675 15.103080 -1.025916
v 0.279544 15.502340 -1.110705
v 0.527254 15.094570 -1.148036
v 0.002534 15.510751 -1.204345
v -0.016274 15.139846 -1.289976
vt 0.001400 0.970400
vt 0.013700 0.997900
vt 0.001400 0.997900
vt 0.016000 0.970400
vt 0.044800 0.997900
vt 0.047100 0.970400
vt 0.082600 0.997900
vt 0.612300 0.997900
vt 0.595700 0.970400
vt 0.612300 0.970400
vt 0.595700 0.997500
vt 0.558100 0.970400
vt 0.558100 0.997900
vt 0.513700 0.970400
vt 0.513700 0.997900
vt 0.465800 0.970400
vt 0.465800 0.997900
vt 0.414800 0.970400
vt 0.414800 0.997900
vt 0.357900 0.970400
vt 0.357900 0.997900
vt 0.304900 0.970400
vt 0.304900 0.997900
vt 0.255100 0.970400
vt 0.255100 0.997900
vt 0.205600 0.970400
vt 0.205600 0.997900
vt 0.162100 0.997900
vt 0.162100 0.970400
vt 0.121500 0.997900
vt 0.121500 0.970400
vt 0.082600 0.970400
vt 0.048000 0.905300
vt 0.016900 0.905300
vt 0.255100 0.905300
vt 0.304900 0.905300
vt 0.205600 0.905300
vt 0.162100 0.905300
vt 0.121500 0.905300
vt 0.082600 0.905300
vt 0.712900 0.602300
vt 0.731400 0.589400
vt 0.731400 0.602800
vt 0.712900 0.583700
vt 0.731400 0.580600
vt 0.712900 0.577100
vt 0.712900 0.562700
vt 0.731400 0.564900
vt 0.731400 0.540000
vt 0.712900 0.540800
vt 0.712900 0.526100
vt 0.731400 0.517300
vt 0.712900 0.513200
vt 0.772000 0.517800
vt 0.791500 0.514200
vt 0.774400 0.507100
vt 0.772000 0.504600
vt 0.731400 0.504200
vt 0.733400 0.506600
vt 0.750500 0.514200
vt 0.015200 0.277300
vt 0.002400 0.277300
vt 0.002400 0.249500
vt 0.028400 0.249500
vt 0.028400 0.277300
vt 0.772000 0.604000
vt 0.753900 0.584200
vt 0.753900 0.604200
vt 0.772000 0.590600
vt 0.753900 0.577600
vt 0.772000 0.581500
vt 0.753900 0.563500
vt 0.772000 0.565900
vt 0.772000 0.540000
vt 0.753900 0.541500
vt 0.753900 0.527100
vt 0.753900 0.513400
vt 0.044800 0.997900
vt 0.082600 0.997900
vt 0.047100 0.970400
vt 0.016000 0.970400
vt 0.013700 0.997900
vt 0.001400 0.970400
vt 0.001400 0.997900
vt 0.048000 0.905300
vt 0.016900 0.905300
vt 0.082600 0.970400
vt 0.121500 0.970400
vt 0.121500 0.997900
vt 0.162100 0.970400
vt 0.162100 0.997900
vt 0.205600 0.970400
vt 0.205600 0.997900
vt 0.255100 0.997900
vt 0.255100 0.970400
vt 0.304900 0.997900
vt 0.304900 0.970400
vt 0.357900 0.997900
vt 0.357900 0.970400
vt 0.414800 0.997900
vt 0.414800 0.970400
vt 0.465800 0.997900
vt 0.465800 0.970400
vt 0.513700 0.997900
vt 0.513700 0.970400
vt 0.558100 0.997900
vt 0.558100 0.970400
vt 0.595700 0.997500
vt 0.595700 0.970400
vt 0.612300 0.997900
vt 0.612300 0.970400
vt 0.082600 0.905300
vt 0.121500 0.905300
vt 0.162100 0.905300
vt 0.205600 0.905300
vt 0.255100 0.905300
vt 0.304900 0.905300
vt 0.712900 0.526100
vt 0.731400 0.517300
vt 0.712900 0.513200
vt 0.731400 0.540000
vt 0.712900 0.540800
vt 0.712900 0.562700
vt 0.731400 0.564900
vt 0.731400 0.580600
vt 0.712900 0.577100
vt 0.712900 0.583700
vt 0.731400 0.589400
vt 0.712900 0.602300
vt 0.731400 0.602800
vt 0.774400 0.507100
vt 0.791500 0.514200
vt 0.772000 0.517800
vt 0.772000 0.504600
vt 0.733400 0.506600
vt 0.731400 0.504200
vt 0.750500 0.514200
vt 0.002400 0.249500
vt 0.002400 0.277300
vt 0.015200 0.277300
vt 0.028400 0.249500
vt 0.028400 0.277300
vt 0.753900 0.527100
vt 0.753900 0.513400
vt 0.772000 0.540000
vt 0.753900 0.541500
vt 0.753900 0.563500
vt 0.772000 0.565900
vt 0.772000 0.581500
vt 0.753900 0.577600
vt 0.772000 0.590600
vt 0.753900 0.584200
vt 0.772000 0.604000
vt 0.753900 0.604200
vn 0.0207 0.3836 0.9233
vn 0.0620 0.3837 0.9214
vn 0.0301 0.3779 0.9253
vn 0.0763 0.2865 0.9550
vn 0.1592 0.4008 0.9022
vn 0.1903 0.2452 0.9506
vn 0.3444 0.4534 0.8221
vn -0.2057 0.4009 0.8927
vn -0.2226 0.4062 0.8863
vn -0.1824 0.3830 0.9055
vn -0.2320 0.4136 0.8804
vn -0.3704 0.4464 0.8146
vn -0.3439 0.4525 0.8228
vn -0.6291 0.6486 0.4284
vn -0.5941 0.6351 0.4936
vn -0.7456 0.6663 -0.0073
vn -0.7532 0.6577 -0.0096
vn -0.6820 0.6145 -0.3966
vn -0.6335 0.6210 -0.4614
vn -0.3273 0.6371 -0.6978
vn -0.2450 0.6375 -0.7304
vn -0.0020 0.5661 -0.8243
vn -0.0048 0.5648 -0.8252
vn 0.4150 0.4185 -0.8078
vn 0.2578 0.6333 -0.7297
vn 0.7188 0.4649 -0.5170
vn 0.5564 0.6966 -0.4530
vn 0.6386 0.7695 -0.0044
vn 0.8779 0.4783 0.0230
vn 0.5650 0.6494 0.5089
vn 0.7061 0.3987 0.5852
vn 0.4023 0.2785 0.8721
vn 0.1746 0.1021 0.9793
vn 0.1139 0.0878 0.9896
vn 0.3541 0.1490 -0.9232
vn 0.1217 0.1402 -0.9826
vn 0.7662 0.2164 -0.6050
vn 0.9796 0.1877 0.0715
vn 0.7476 0.1234 0.6525
vn 0.3952 0.1280 0.9096
vn -0.3020 0.2392 -0.9228
vn -0.4210 0.3064 -0.8537
vn -0.3211 0.2243 -0.9201
vn -0.5334 0.3640 -0.7636
vn -0.7116 0.4846 -0.5087
vn -0.7249 0.4301 -0.5381
vn -0.8919 0.4484 0.0585
vn -0.8143 0.5746 0.0815
vn -0.7961 0.2661 0.5436
vn -0.8807 0.1109 0.4605
vn -0.6226 0.1660 0.7648
vn -0.7148 -0.4502 0.5352
vn -0.3623 0.0952 0.9272
vn 0.7370 -0.3767 0.5612
vn -0.3451 -0.3610 -0.8664
vn -0.1002 -0.7741 -0.6251
vn 0.1256 -0.9494 -0.2879
vn -0.7149 -0.4500 0.5352
vn -0.1272 -0.9486 -0.2897
vn 0.1028 -0.7733 -0.6257
vn 0.3500 -0.3636 -0.8633
vn -0.0251 0.1248 0.9919
vn -0.1100 0.1063 0.9882
vn -0.0833 0.0917 0.9923
vn -0.0144 0.1148 0.9933
vn 0.0956 0.1742 0.9801
vn 0.2858 0.2304 -0.9302
vn 0.5507 0.3900 -0.7380
vn 0.2632 0.2001 -0.9438
vn 0.4343 0.3294 -0.8384
vn 0.7228 0.4448 -0.5288
vn 0.7099 0.4771 -0.5181
vn 0.8947 0.4429 0.0576
vn 0.8130 0.5772 0.0765
vn 0.8006 0.2540 0.5427
vn 0.8933 0.0851 0.4414
vn 0.6573 0.1807 0.7317
vn 0.7369 -0.3767 0.5613
vn 0.4177 0.1436 0.8972
vn -0.1593 -0.4008 -0.9022
vn -0.3445 -0.4533 -0.8221
vn -0.1903 -0.2452 -0.9506
vn -0.0763 -0.2865 -0.9550
vn -0.0619 -0.3837 -0.9214
vn -0.0207 -0.3836 -0.9233
vn -0.0300 -0.3779 -0.9254
vn -0.1746 -0.1022 -0.9793
vn -0.1139 -0.0879 -0.9896
vn -0.4023 -0.2785 -0.8721
vn -0.7061 -0.3987 -0.5852
vn -0.5651 -0.6494 -0.5089
vn -0.8779 -0.4783 -0.0230
vn -0.6387 -0.7695 0.0044
vn -0.7188 -0.4648 0.5170
vn -0.5564 -0.6965 0.4530
vn -0.2579 -0.6333 0.7297
vn -0.4150 -0.4185 0.8079
vn 0.0048 -0.5648 0.8252
vn 0.0020 -0.5661 0.8243
vn 0.2450 -0.6375 0.7305
vn 0.3273 -0.6371 0.6979
vn 0.6336 -0.6210 0.4615
vn 0.6820 -0.6144 0.3966
vn 0.7532 -0.6577 0.0096
vn 0.7457 -0.6663 0.0072
vn 0.5942 -0.6351 -0.4935
vn 0.6291 -0.6485 -0.4286
vn 0.3440 -0.4525 -0.8228
vn 0.3704 -0.4463 -0.8146
vn 0.2320 -0.4135 -0.8804
vn 0.2226 -0.4062 -0.8863
vn 0.2057 -0.4009 -0.8927
vn 0.1824 -0.3830 -0.9056
vn -0.3953 -0.1281 -0.9096
vn -0.7477 -0.1235 -0.6525
vn -0.9796 -0.1877 -0.0715
vn -0.7662 -0.2164 0.6050
vn -0.3541 -0.1491 0.9232
vn -0.1218 -0.1403 0.9826
vn 0.6213 -0.1685 -0.7652
vn 0.7173 0.4411 -0.5394
vn 0.3617 -0.0981 -0.9271
vn 0.7953 -0.2676 -0.5440
vn 0.8804 -0.1122 -0.4608
vn 0.8909 -0.4504 -0.0590
vn 0.8132 -0.5760 -0.0836
vn 0.7116 -0.4869 0.5065
vn 0.7242 -0.4323 0.5373
vn 0.5330 -0.3662 0.7627
vn 0.4205 -0.3094 0.8529
vn 0.3007 -0.2420 0.9225
vn 0.3179 -0.2286 0.9202
vn 0.0990 0.7721 0.6277
vn 0.3416 0.3591 0.8686
vn -0.7459 0.3625 -0.5587
vn -0.1222 0.9477 0.2948
vn -0.1035 0.7716 0.6276
vn 0.1232 0.9472 0.2959
vn 0.7174 0.4411 -0.5393
vn -0.3488 0.3627 0.8642
vn 0.0847 -0.0929 -0.9921
vn 0.1140 -0.1090 -0.9875
vn 0.0259 -0.1264 -0.9916
vn 0.0137 -0.1157 -0.9932
vn -0.0974 -0.1758 -0.9796
vn -0.6567 -0.1836 -0.7315
vn -0.4174 -0.1452 -0.8970
vn -0.7998 -0.2565 -0.5427
vn -0.8924 -0.0889 -0.4424
vn -0.8931 -0.4461 -0.0584
vn -0.8118 -0.5787 -0.0779
vn -0.7102 -0.4813 0.5138
vn -0.7221 -0.4483 0.5269
vn -0.4334 -0.3315 0.8380
vn -0.5498 -0.3921 0.7375
vn -0.2845 -0.2329 0.9299
vn -0.2632 -0.2043 0.9428
usemtl Material-3670.000
s 1
f 1000/1000/1000 1001/1001/1001 1002/1002/1002
f 1003/1003/1003 1001/1001/1001 1000/1000/1000
f 1004/1004/1004 1001/1001/1001 1003/1003/1003
f 1005/1005/1005 1004/1004/1004 1003/1003/1003
f 1006/1006/1006 1004/1004/1004 1005/1005/1005
f 1007/1007/1007 1008/1008/1008 1009/1009/1009
f 1010/1010/1010 1008/1008/1008 1007/1007/1007
f 1011/1011/1011 1008/1008/1008 1010/1010/1010
f 1012/1012/1012 1011/1011/1011 1010/1010/1010
f 1013/1013/1013 1011/1011/1011 1012/1012/1012
f 1014/1014/1014 1013/1013/1013 1012/1012/1012
f 1015/1015/1015 1013/1013/1013 1014/1014/1014
f 1016/1016/1016 1015/1015/1015 1014/1014/1014
f 1017/1017/1017 1015/1015/1015 1016/1016/1016
f 1018/1018/1018 1017/1017/1017 1016/1016/1016
f 1019/1019/1019 1017/1017/1017 1018/1018/1018
f 1020/1020/1020 1019/1019/1019 1018/1018/1018
f 1021/1021/1021 1019/1019/1019 1020/1020/1020
f 1022/1022/1022 1021/1021/1021 1020/1020/1020
f 1023/1023/1023 1021/1021/1021 1022/1022/1022
f 1024/1024/1024 1023/1023/1023 1022/1022/1022
f 1025/1025/1025 1023/1023/1023 1024/1024/1024
f 1026/1026/1026 1025/1025/1025 1024/1024/1024
f 1027/1027/1027 1025/1025/1025 1026/1026/1026
f 1028/1028/1028 1025/1025/1025 1027/1027/1027
f 1029/1029/1029 1028/1028/1028 1027/1027/1027
f 1030/1030/1030 1028/1028/1028 1029/1029/1029
f 1006/1006/1006 1030/1030/1030 1029/1029/1029
f 1031/1031/1031 1030/1030/1030 1006/1006/1006
f 1005/1005/1005 1031/1031/1031 1006/1006/1006
f 1032/1032/1032 1031/1031/1031 1005/1005/1005
f 1003/1003/1003 1032/1032/1032 1005/1005/1005
f 1033/1033/1033 1032/1032/1032 1003/1003/1003
f 1034/1034/1034 1035/1035/1035 1023/1023/1023
f 1025/1025/1025 1034/1034/1034 1023/1023/1023
f 1036/1036/1036 1034/1034/1034 1025/1025/1025
f 1028/1028/1028 1036/1036/1036 1025/1025/1025
f 1037/1037/1037 1036/1036/1036 1028/1028/1028
f 1030/1030/1030 1037/1037/1037 1028/1028/1028
f 1038/1038/1038 1037/1037/1037 1030/1030/1030
f 1039/1039/1039 1038/1038/1038 1030/1030/1030
f 1031/1031/1031 1039/1039/1039 1030/1030/1030
f 1032/1032/1032 1039/1039/1039 1031/1031/1031
f 1040/1040/1040 1041/1041/1041 1042/1042/1042
f 1043/1043/1043 1041/1041/1041 1040/1040/1040
f 1044/1044/1044 1041/1041/1041 1043/1043/1043
f 1045/1045/1045 1044/1044/1044 1043/1043/1043
f 1046/1046/1046 1044/1044/1044 1045/1045/1045
f 1047/1047/1047 1044/1044/1044 1046/1046/1046
f 1048/1048/1048 1047/1047/1047 1046/1046/1046
f 1049/1049/1049 1048/1048/1048 1046/1046/1046
f 1050/1050/1050 1048/1048/1048 1049/1049/1049
f 1051/1051/1051 1048/1048/1048 1050/1050/1050
f 1052/1052/1052 1051/1051/1051 1050/1050/1050
f 1053/1053/1053 1054/1054/1054 1055/1055/1055
f 1056/1056/1056 1053/1053/1053 1055/1055/1055
f 1051/1051/1057 1057/1057/1058 1058/1058/1059
f 1059/1059/1060 1051/1051/1057 1058/1058/1059
f 1060/1060/1061 1061/1061/1062 1062/1062/1063
f 1063/1063/1064 1060/1060/1061 1062/1062/1063
f 1064/1064/1065 1060/1060/1061 1063/1063/1064
f 1065/1065/1066 1066/1066/1067 1067/1067/1068
f 1068/1068/1069 1066/1066/1067 1065/1065/1066
f 1069/1069/1070 1066/1066/1067 1068/1068/1069
f 1070/1070/1071 1069/1069/1070 1068/1068/1069
f 1071/1071/1072 1069/1069/1070 1070/1070/1071
f 1072/1072/1073 1071/1071/1072 1070/1070/1071
f 1073/1073/1074 1071/1071/1072 1072/1072/1073
f 1074/1074/1075 1071/1071/1072 1073/1073/1074
f 1075/1075/1076 1074/1074/1075 1073/1073/1074
f 1053/1053/1077 1075/1075/1076 1073/1073/1074
f 1076/1076/1078 1075/1075/1076 1053/1053/1077
f 1077/1077/1079 1078/1078/1080 1079/1079/1081
f 1080/1080/1082 1077/1077/1079 1079/1079/1081
f 1081/1081/1083 1077/1077/1079 1080/1080/1082
f 1082/1082/1084 1081/1081/1083 1080/1080/1082
f 1083/1083/1085 1081/1081/1083 1082/1082/1084
f 1084/1084/1086 1085/1085/1087 1080/1080/1082
f 1079/1079/1081 1084/1084/1086 1080/1080/1082
f 1086/1086/1088 1084/1084/1086 1079/1079/1081
f 1078/1078/1080 1086/1086/1088 1079/1079/1081
f 1087/1087/1089 1086/1086/1088 1078/1078/1080
f 1088/1088/1090 1087/1087/1089 1078/1078/1080
f 1089/1089/1091 1087/1087/1089 1088/1088/1090
f 1090/1090/1092 1089/1089/1091 1088/1088/1090
f 1091/1091/1093 1089/1089/1091 1090/1090/1092
f 1092/1092/1094 1091/1091/1093 1090/1090/1092
f 1093/1093/1095 1091/1091/1093 1092/1092/1094
f 1094/1094/1096 1091/1091/1093 1093/1093/1095
f 1095/1095/1097 1094/1094/1096 1093/1093/1095
f 1096/1096/1098 1094/1094/1096 1095/1095/1097
f 1097/1097/1099 1096/1096/1098 1095/1095/1097
f 1098/1098/1100 1096/1096/1098 1097/1097/1099
f 1099/1099/1101 1098/1098/1100 1097/1097/1099
f 1100/1100/1102 1098/1098/1100 1099/1099/1101
f 1101/1101/1103 1100/1100/1102 1099/1099/1101
f 1102/1102/1104 1100/1100/1102 1101/1101/1103
f 1103/1103/1105 1102/1102/1104 1101/1101/1103
f 1104/1104/1106 1102/1102/1104 1103/1103/1105
f 1105/1105/1107 1104/1104/1106 1103/1103/1105
f 1106/1106/1108 1104/1104/1106 1105/1105/1107
f 1107/1107/1109 1106/1106/1108 1105/1105/1107
f 1108/1108/1110 1106/1106/1108 1107/1107/1109
f 1109/1109/1111 1108/1108/1110 1107/1107/1109
f 1110/1110/1112 1108/1108/1110 1109/1109/1111
f 1111/1111/1113 1084/1084/1086 1086/1086/1088
f 1087/1087/1089 1111/1111/1113 1086/1086/1088
f 1112/1112/1114 1111/1111/1113 1087/1087/1089
f 1113/1113/1115 1112/1112/1114 1087/1087/1089
f 1089/1089/1091 1113/1113/1115 1087/1087/1089
f 1114/1114/1116 1113/1113/1115 1089/1089/1091
f 1091/1091/1093 1114/1114/1116 1089/1089/1091
f 1115/1115/1117 1114/1114/1116 1091/1091/1093
f 1094/1094/1096 1115/1115/1117 1091/1091/1093
f 1116/1116/1118 1115/1115/1117 1094/1094/1096
f 1117/1117/1119 1118/1118/1120 1119/1119/1121
f 1120/1120/1122 1118/1118/1120 1117/1117/1119
f 1121/1121/1123 1120/1120/1122 1117/1117/1119
f 1122/1122/1124 1120/1120/1122 1121/1121/1123
f 1123/1123/1125 1120/1120/1122 1122/1122/1124
f 1124/1124/1126 1123/1123/1125 1122/1122/1124
f 1125/1125/1127 1124/1124/1126 1122/1122/1124
f 1126/1126/1128 1124/1124/1126 1125/1125/1127
f 1127/1127/1129 1124/1124/1126 1126/1126/1128
f 1128/1128/1130 1127/1127/1129 1126/1126/1128
f 1129/1129/1131 1127/1127/1129 1128/1128/1130
f 1130/1130/1132 1131/1131/1133 1132/1132/1134
f 1133/1133/1135 1130/1130/1132 1132/1132/1134
f 1134/1134/1136 1135/1135/1137 1118/1118/1138
f 1136/1136/1139 1134/1134/1136 1118/1118/1138
f 1137/1137/1140 1138/1138/1141 1139/1139/1142
f 1140/1140/1143 1137/1137/1140 1139/1139/1142
f 1141/1141/1144 1140/1140/1143 1139/1139/1142
f 1142/1142/1145 1143/1143/1146 1132/1132/1134
f 1144/1144/1147 1142/1142/1145 1132/1132/1134
f 1145/1145/1148 1142/1142/1145 1144/1144/1147
f 1146/1146/1149 1145/1145/1148 1144/1144/1147
f 1147/1147/1150 1146/1146/1149 1144/1144/1147
f 1148/1148/1151 1146/1146/1149 1147/1147/1150
f 1149/1149/1152 1146/1146/1149 1148/1148/1151
f 1150/1150/1153 1149/1149/1152 1148/1148/1151
f 1151/1151/1154 1149/1149/1152 1150/1150/1153
f 1152/1152/1155 1151/1151/1154 1150/1150/1153
f 1153/1153/1156 1151/1151/1154 1152/1152/1155
o Mesh-014_MeshData-014.001
v 0.173503 15.627786 0.349760
v 0.173330 15.629792 0.331400
v 0.210851 15.612358 0.331038
v 0.042374 15.564762 0.370135
v 0.036152 15.601408 0.374382
v 0.081925 15.569169 0.362890
v -0.000556 15.592437 0.379746
v -0.000556 15.562365 0.384871
v -0.037263 15.601608 0.374377
v -0.043485 15.564762 0.370135
v -0.073003 15.602570 0.366052
v -0.083036 15.569099 0.362892
v -0.147539 15.597656 0.334211
v -0.210813 15.587298 0.294724
v -0.205457 15.611294 0.305303
v -0.229514 15.637460 0.267214
v -0.206828 15.610502 0.327695
v -0.183387 15.617867 0.336253
v -0.161489 15.614070 0.356242
v -0.072044 15.624472 0.383117
v -0.112889 15.621912 0.381414
v -0.075110 15.623525 0.402681
v -0.032663 15.623039 0.390537
v -0.038301 15.619451 0.405633
v -0.000556 15.620699 0.393604
v -0.000556 15.617448 0.417901
v 0.031552 15.623039 0.390537
v 0.032452 15.620389 0.383926
v 0.068015 15.616200 0.376543
v 0.071892 15.605370 0.365989
v 0.146428 15.601404 0.334149
v 0.209701 15.590699 0.294670
v 0.204345 15.612675 0.305294
v 0.228402 15.637460 0.267214
v 0.206018 15.610129 0.327986
v 0.216331 15.609268 0.305405
v 0.209150 15.623127 0.299545
v 0.168319 15.638787 0.323150
v 0.093350 15.660255 0.380622
v 0.103596 15.709620 0.389929
v 0.039383 15.746421 0.424471
v 0.027193 15.680211 0.385475
v -0.000561 15.730396 0.435490
v -0.000556 15.676551 0.399221
v -0.040505 15.746421 0.424471
v -0.028305 15.680211 0.385475
v -0.104707 15.709620 0.389929
v -0.094461 15.660255 0.380622
v -0.165888 15.671000 0.310142
v -0.169845 15.635954 0.323085
v -0.210251 15.621878 0.299550
v -0.174442 15.627932 0.331419
v -0.211962 15.610940 0.330647
v -0.174614 15.627777 0.349737
v -0.090238 15.637560 0.396545
v -0.122654 15.631406 0.410105
v -0.079574 15.632101 0.424000
v -0.042956 15.632608 0.433592
v -0.030120 15.641760 0.410166
v -0.022486 15.630432 0.432026
v -0.000556 15.628166 0.432686
v -0.000556 15.641933 0.415621
v 0.021375 15.630452 0.432025
v 0.029008 15.641760 0.410166
v 0.041844 15.632608 0.433592
v 0.089126 15.637560 0.396545
v 0.078462 15.632101 0.424000
v 0.121543 15.631406 0.410105
v 0.079440 15.644523 0.387288
v 0.026084 15.658207 0.395720
v -0.000556 15.659713 0.403054
v -0.027196 15.658207 0.395720
v -0.080552 15.644523 0.387288
v 0.164804 15.674872 0.310159
v -0.217443 15.609239 0.304581
v 0.070932 15.624462 0.383117
v 0.037190 15.619451 0.405633
v 0.073999 15.623525 0.402681
v 0.111777 15.621912 0.381414
v 0.160378 15.614240 0.356260
v 0.182277 15.618539 0.336258
v -0.069126 15.616210 0.376543
v -0.033564 15.620529 0.383923
v -0.000556 15.618657 0.385636
vt 0.060400 0.186500
vt 0.061800 0.186500
vt 0.071200 0.186500
vt 0.019800 0.186000
vt 0.020500 0.186000
vt 0.037400 0.186000
vt 0.004600 0.186000
vt 0.004500 0.186000
vt 0.020500 0.186000
vt 0.019800 0.186000
vt 0.037500 0.186000
vt 0.037400 0.186000
vt 0.061100 0.186000
vt 0.058400 0.186000
vt 0.062200 0.186000
vt 0.081200 0.186500
vt 0.069800 0.186500
vt 0.061200 0.186500
vt 0.060200 0.186500
vt 0.034400 0.186500
vt 0.045300 0.186500
vt 0.033100 0.187000
vt 0.021000 0.186500
vt 0.020100 0.187000
vt 0.004600 0.186500
vt 0.004500 0.187000
vt 0.021000 0.186500
vt 0.020900 0.186500
vt 0.036400 0.186500
vt 0.037500 0.186000
vt 0.061100 0.186000
vt 0.058400 0.186000
vt 0.062200 0.186000
vt 0.081200 0.186500
vt 0.069800 0.186500
vt 0.078400 0.186500
vt 0.071200 0.186500
vt 0.060600 0.187000
vt 0.036600 0.187000
vt 0.032600 0.187500
vt 0.015700 0.188000
vt 0.016800 0.187000
vt 0.004500 0.188000
vt 0.004600 0.187000
vt 0.015700 0.188000
vt 0.016800 0.187000
vt 0.032600 0.187500
vt 0.036600 0.187000
vt 0.057800 0.187500
vt 0.060600 0.187000
vt 0.071200 0.186500
vt 0.061800 0.186500
vt 0.071200 0.186500
vt 0.060400 0.186500
vt 0.035700 0.186500
vt 0.047300 0.186500
vt 0.033000 0.186500
vt 0.023500 0.186500
vt 0.016300 0.186500
vt 0.015700 0.186500
vt 0.004500 0.186500
vt 0.004500 0.186500
vt 0.015700 0.186500
vt 0.016300 0.186500
vt 0.023500 0.186500
vt 0.035700 0.186500
vt 0.033000 0.186500
vt 0.047300 0.186500
vt 0.036700 0.186500
vt 0.016700 0.187000
vt 0.004600 0.187000
vt 0.016700 0.187000
vt 0.036700 0.186500
vt 0.057800 0.187500
vt 0.078400 0.186500
vt 0.034400 0.186500
vt 0.020100 0.187000
vt 0.033100 0.187000
vt 0.045300 0.186500
vt 0.060200 0.186500
vt 0.061200 0.186500
vt 0.036400 0.186500
vt 0.020900 0.186500
vt 0.004600 0.186500
vn -0.2818 -0.9533 -0.1086
vn -0.4598 -0.8315 -0.3118
vn -0.5177 -0.8087 -0.2792
vn -0.2084 0.0343 -0.9774
vn -0.1915 0.2304 -0.9541
vn -0.3523 -0.0060 -0.9359
vn -0.0590 0.0460 -0.9972
vn -0.0489 -0.1124 -0.9925
vn 0.2165 0.2487 -0.9441
vn 0.2631 0.0549 -0.9632
vn 0.2845 0.3018 -0.9099
vn 0.3129 0.0230 -0.9495
vn 0.4087 0.4136 -0.8136
vn 0.6709 0.1671 -0.7224
vn 0.6832 0.5953 -0.4229
vn 0.7772 -0.2753 -0.5658
vn -0.2831 0.9444 0.1675
vn -0.0799 0.9951 0.0576
vn -0.2384 0.8841 0.4018
vn 0.0750 0.9348 -0.3471
vn -0.0547 0.9843 -0.1676
vn -0.0059 0.9972 0.0747
vn 0.0737 0.9955 -0.0596
vn 0.0609 0.9705 0.2334
vn -0.0050 0.9990 -0.0446
vn -0.0123 0.9890 0.1472
vn -0.0323 0.9946 -0.0987
vn -0.0760 0.7574 -0.6485
vn -0.1731 0.6694 -0.7224
vn -0.2906 0.3463 -0.8920
vn -0.2462 0.7539 -0.6091
vn -0.6699 0.1735 -0.7219
vn -0.6464 0.6558 -0.3900
vn -0.7873 -0.2725 -0.5530
vn 0.3418 0.9113 0.2296
vn -0.1135 0.8160 0.5668
vn -0.3030 -0.8133 -0.4967
vn -0.6321 -0.4830 -0.6059
vn -0.3879 0.1259 -0.9131
vn -0.4676 0.2026 -0.8604
vn -0.2685 0.4738 -0.8387
vn -0.2513 0.1302 -0.9591
vn -0.0038 0.5624 -0.8269
vn 0.0270 0.1500 -0.9883
vn 0.2979 0.5213 -0.7997
vn 0.2858 0.1014 -0.9529
vn 0.3358 0.3456 -0.8763
vn 0.4416 0.0913 -0.8926
vn 0.6483 -0.2657 -0.7135
vn 0.5574 -0.5360 -0.6341
vn 0.2766 -0.8167 -0.5064
vn 0.4076 -0.8728 -0.2683
vn 0.5014 -0.8221 -0.2698
vn 0.2193 -0.9756 -0.0130
vn 0.1857 -0.9443 -0.2716
vn 0.1376 -0.9835 -0.1173
vn 0.0766 -0.9718 -0.2230
vn 0.0275 -0.9418 -0.3352
vn 0.1200 -0.8121 -0.5710
vn -0.0987 -0.8972 -0.4305
vn 0.0479 -0.8072 -0.5883
vn 0.0394 -0.7179 -0.6951
vn 0.0334 -0.8658 -0.4993
vn -0.1340 -0.8027 -0.5811
vn -0.0279 -0.9418 -0.3350
vn -0.1940 -0.9357 -0.2947
vn -0.0766 -0.9718 -0.2230
vn -0.1376 -0.9835 -0.1174
vn -0.3191 -0.6424 -0.6968
vn -0.2662 -0.5205 -0.8113
vn 0.0385 -0.4474 -0.8935
vn 0.2311 -0.5120 -0.8273
vn 0.3172 -0.5891 -0.7432
vn -0.7354 -0.3157 -0.5996
vn 0.1772 0.8119 0.5562
vn -0.1095 0.9344 -0.3390
vn -0.0030 0.9794 0.2021
vn -0.0294 0.9982 0.0523
vn 0.0548 0.9852 -0.1623
vn 0.2450 0.8705 0.4269
vn 0.1117 0.9883 0.1042
vn 0.1977 0.5898 -0.7830
vn 0.1282 0.7117 -0.6907
vn -0.0184 0.7071 -0.7068
usemtl Material-3990.000
s 1
f 1154/1154/1157 1155/1155/1158 1156/1156/1159
f 1157/1157/1160 1158/1158/1161 1159/1159/1162
f 1160/1160/1163 1158/1158/1161 1157/1157/1160
f 1161/1161/1164 1160/1160/1163 1157/1157/1160
f 1162/1162/1165 1160/1160/1163 1161/1161/1164
f 1163/1163/1166 1162/1162/1165 1161/1161/1164
f 1164/1164/1167 1162/1162/1165 1163/1163/1166
f 1165/1165/1168 1164/1164/1167 1163/1163/1166
f 1166/1166/1169 1164/1164/1167 1165/1165/1168
f 1167/1167/1170 1166/1166/1169 1165/1165/1168
f 1168/1168/1171 1166/1166/1169 1167/1167/1170
f 1169/1169/1172 1168/1168/1171 1167/1167/1170
f 1170/1170/1173 1168/1168/1171 1169/1169/1172
f 1171/1171/1174 1168/1168/1171 1170/1170/1173
f 1172/1172/1175 1171/1171/1174 1170/1170/1173
f 1173/1173/1176 1171/1171/1174 1172/1172/1175
f 1174/1174/1177 1173/1173/1176 1172/1172/1175
f 1175/1175/1178 1173/1173/1176 1174/1174/1177
f 1176/1176/1179 1173/1173/1176 1175/1175/1178
f 1177/1177/1180 1176/1176/1179 1175/1175/1178
f 1178/1178/1181 1176/1176/1179 1177/1177/1180
f 1179/1179/1182 1178/1178/1181 1177/1177/1180
f 1180/1180/1183 1178/1178/1181 1179/1179/1182
f 1181/1181/1184 1178/1178/1181 1180/1180/1183
f 1182/1182/1185 1181/1181/1184 1180/1180/1183
f 1183/1183/1186 1181/1181/1184 1182/1182/1185
f 1184/1184/1187 1183/1183/1186 1182/1182/1185
f 1185/1185/1188 1183/1183/1186 1184/1184/1187
f 1186/1186/1189 1185/1185/1188 1184/1184/1187
f 1187/1187/1190 1185/1185/1188 1186/1186/1189
f 1188/1188/1191 1187/1187/1190 1186/1186/1189
f 1189/1189/1192 1187/1187/1190 1188/1188/1191
f 1156/1156/1159 1187/1187/1190 1189/1189/1192
f 1190/1190/1193 1187/1187/1190 1156/1156/1159
f 1155/1155/1158 1190/1190/1193 1156/1156/1159
f 1191/1191/1194 1190/1190/1193 1155/1155/1158
f 1192/1192/1195 1191/1191/1194 1155/1155/1158
f 1193/1193/1196 1191/1191/1194 1192/1192/1195
f 1194/1194/1197 1193/1193/1196 1192/1192/1195
f 1195/1195/1198 1194/1194/1197 1192/1192/1195
f 1196/1196/1199 1194/1194/1197 1195/1195/1198
f 1197/1197/1200 1196/1196/1199 1195/1195/1198
f 1198/1198/1201 1196/1196/1199 1197/1197/1200
f 1199/1199/1202 1198/1198/1201 1197/1197/1200
f 1200/1200/1203 1198/1198/1201 1199/1199/1202
f 1201/1201/1204 1200/1200/1203 1199/1199/1202
f 1202/1202/1205 1200/1200/1203 1201/1201/1204
f 1203/1203/1206 1202/1202/1205 1201/1201/1204
f 1204/1204/1207 1202/1202/1205 1203/1203/1206
f 1205/1205/1208 1204/1204/1207 1203/1203/1206
f 1206/1206/1209 1204/1204/1207 1205/1205/1208
f 1207/1207/1210 1206/1206/1209 1205/1205/1208
f 1208/1208/1211 1207/1207/1210 1205/1205/1208
f 1209/1209/1212 1207/1207/1210 1208/1208/1211
f 1210/1210/1213 1209/1209/1212 1208/1208/1211
f 1211/1211/1214 1210/1210/1213 1208/1208/1211
f 1212/1212/1215 1211/1211/1214 1208/1208/1211
f 1213/1213/1216 1211/1211/1214 1212/1212/1215
f 1214/1214/1217 1213/1213/1216 1212/1212/1215
f 1215/1215/1218 1214/1214/1217 1212/1212/1215
f 1216/1216/1219 1214/1214/1217 1215/1215/1218
f 1217/1217/1220 1216/1216/1219 1215/1215/1218
f 1218/1218/1221 1216/1216/1219 1217/1217/1220
f 1219/1219/1222 1218/1218/1221 1217/1217/1220
f 1220/1220/1223 1218/1218/1221 1219/1219/1222
f 1221/1221/1224 1220/1220/1223 1219/1219/1222
f 1154/1154/1157 1221/1221/1224 1219/1219/1222
f 1222/1222/1225 1154/1154/1157 1219/1219/1222
f 1155/1155/1158 1154/1154/1157 1222/1222/1225
f 1192/1192/1195 1155/1155/1158 1222/1222/1225
f 1195/1195/1198 1192/1192/1195 1222/1222/1225
f 1223/1223/1226 1195/1195/1198 1222/1222/1225
f 1197/1197/1200 1195/1195/1198 1223/1223/1226
f 1224/1224/1227 1197/1197/1200 1223/1223/1226
f 1199/1199/1202 1197/1197/1200 1224/1224/1227
f 1225/1225/1228 1199/1199/1202 1224/1224/1227
f 1201/1201/1204 1199/1199/1202 1225/1225/1228
f 1226/1226/1229 1201/1201/1204 1225/1225/1228
f 1203/1203/1206 1201/1201/1204 1226/1226/1229
f 1205/1205/1208 1203/1203/1206 1226/1226/1229
f 1208/1208/1211 1205/1205/1208 1226/1226/1229
f 1212/1212/1215 1208/1208/1211 1226/1226/1229
f 1225/1225/1228 1212/1212/1215 1226/1226/1229
f 1215/1215/1218 1212/1212/1215 1225/1225/1228
f 1224/1224/1227 1215/1215/1218 1225/1225/1228
f 1217/1217/1220 1215/1215/1218 1224/1224/1227
f 1223/1223/1226 1217/1217/1220 1224/1224/1227
f 1219/1219/1222 1217/1217/1220 1223/1223/1226
f 1222/1222/1225 1219/1219/1222 1223/1223/1226
f 1227/1227/1230 1187/1187/1190 1190/1190/1193
f 1191/1191/1194 1227/1227/1230 1190/1190/1193
f 1193/1193/1196 1227/1227/1230 1191/1191/1194
f 1169/1169/1172 1228/1228/1231 1170/1170/1173
f 1206/1206/1209 1228/1228/1231 1169/1169/1172
f 1204/1204/1207 1206/1206/1209 1169/1169/1172
f 1202/1202/1205 1204/1204/1207 1169/1169/1172
f 1229/1229/1232 1230/1230/1233 1231/1231/1234
f 1232/1232/1235 1229/1229/1232 1231/1231/1234
f 1233/1233/1236 1229/1229/1232 1232/1232/1235
f 1234/1234/1237 1229/1229/1232 1233/1233/1236
f 1188/1188/1191 1234/1234/1237 1233/1233/1236
f 1186/1186/1189 1234/1234/1237 1188/1188/1191
f 1184/1184/1187 1234/1234/1237 1186/1186/1189
f 1182/1182/1185 1234/1234/1237 1184/1184/1187
f 1229/1229/1232 1234/1234/1237 1182/1182/1185
f 1180/1180/1183 1229/1229/1232 1182/1182/1185
f 1230/1230/1233 1229/1229/1232 1180/1180/1183
f 1179/1179/1182 1230/1230/1233 1180/1180/1183
f 1171/1171/1174 1166/1166/1169 1168/1168/1171
f 1235/1235/1238 1166/1166/1169 1171/1171/1174
f 1173/1173/1176 1235/1235/1238 1171/1171/1174
f 1236/1236/1239 1235/1235/1238 1173/1173/1176
f 1176/1176/1179 1236/1236/1239 1173/1173/1176
f 1237/1237/1240 1236/1236/1239 1176/1176/1179
f 1178/1178/1181 1237/1237/1240 1176/1176/1179
f 1181/1181/1184 1237/1237/1240 1178/1178/1181
f 1158/1158/1161 1237/1237/1240 1181/1181/1184
f 1183/1183/1186 1158/1158/1161 1181/1181/1184
f 1159/1159/1162 1158/1158/1161 1183/1183/1186
f 1185/1185/1188 1159/1159/1162 1183/1183/1186
f 1160/1160/1163 1237/1237/1240 1158/1158/1161
f 1236/1236/1239 1237/1237/1240 1160/1160/1163
f 1162/1162/1165 1236/1236/1239 1160/1160/1163
f 1235/1235/1238 1236/1236/1239 1162/1162/1165
f 1164/1164/1167 1235/1235/1238 1162/1162/1165
f 1166/1166/1169 1235/1235/1238 1164/1164/1167
o Mesh-009_MeshData-009.001
v 3.756177 14.411427 -0.212361
v 3.454875 14.368197 -0.107242
v 3.749471 14.366825 -0.207040
v 3.901177 14.765314 -0.747367
v 3.824636 14.646589 -0.949726
v 3.840892 14.655318 -0.978520
v 3.919489 14.784344 -0.748085
v 3.831079 14.655951 -0.537537
v 3.848218 14.665965 -0.509691
v 3.731153 14.443934 -0.416695
v 3.742047 14.473668 -0.397032
v 3.749471 14.366825 -0.207040
v 3.462265 14.415018 -0.117438
v 3.154469 14.391467 -0.045310
v 3.168324 14.438168 -0.059023
v 2.859884 14.470282 0.061674
v 2.869624 14.516693 0.037800
v 2.535554 14.468816 0.124122
v 2.542047 14.517138 0.102060
v 2.272489 14.493441 0.206145
v 2.278474 14.542276 0.180654
v 1.987224 14.486956 0.261129
v 1.990014 14.537847 0.235459
v 1.877820 14.610416 0.003838
v 1.877157 14.573668 0.000761
v 1.688081 14.721165 -0.160391
v 1.680569 14.746247 -0.146455
v 1.536934 15.001424 -0.436735
v 1.527300 15.018033 -0.418896
v 1.431584 15.142833 -0.717339
v 1.419420 15.160613 -0.717553
v 1.525375 14.968688 -0.982150
v 1.521172 15.026813 -1.026260
v 1.670858 14.696149 -1.262321
v 1.662896 14.720580 -1.277139
v 1.854913 14.541350 -1.422441
v 1.855454 14.577931 -1.427201
v 1.956855 14.442835 -1.681917
v 1.960410 14.494844 -1.658682
v 2.254633 14.575927 -1.402671
v 2.250437 14.501549 -1.613172
v 2.516355 14.479820 -1.541790
v 2.509210 14.430552 -1.561423
v 2.835330 14.434615 -1.509267
v 2.845778 14.482063 -1.487840
v 3.133170 14.360530 -1.408070
v 3.147414 14.407794 -1.396930
v 3.435380 14.339877 -1.354559
v 3.443052 14.387116 -1.346736
v 3.732950 14.342827 -1.264054
v 3.739789 14.387619 -1.260974
v 3.446486 14.459122 -1.173459
v 3.731389 14.458182 -1.078965
v 3.560053 14.805648 -1.018598
v 3.602537 14.945993 -0.746801
v 3.568663 14.818165 -0.467723
v 3.460234 14.479097 -0.293826
v 3.170304 14.501305 -0.243927
v 2.869256 14.557438 -0.162308
v 2.559182 14.582673 -0.123998
v 2.940567 14.928783 -0.400189
v 2.611757 14.993902 -0.368769
v 2.952948 15.110951 -0.740393
v 2.639460 15.151302 -0.736410
v 2.930075 14.913550 -1.071429
v 2.600398 14.977401 -1.095485
v 2.851633 14.531831 -1.289871
v 2.540494 14.555525 -1.319584
v 2.329190 15.013132 -1.124074
v 1.981198 15.028895 -1.160259
v 2.001521 15.262789 -0.728970
v 1.730879 15.237183 -0.724159
v 1.726734 15.051728 -0.382449
v 1.994845 15.048727 -0.287089
v 2.341547 15.031084 -0.333374
v 2.328417 15.252906 -0.733854
v 2.625082 15.219470 -0.737732
v 1.716194 15.036412 -1.056805
v 2.276041 14.607031 -0.033034
v 3.155122 14.479250 -1.215233
v 3.237339 14.841919 -1.046319
v 3.279069 15.015381 -0.743321
v 3.246947 14.855883 -0.431608
v 3.263154 14.985644 -0.742397
v 1.987224 14.486956 0.261129
v 2.243694 14.451612 -1.636223
v 1.956855 14.442835 -1.681917
v 3.721136 14.429377 -1.057643
v 3.732950 14.342827 -1.264054
v -3.732950 14.342828 -1.264054
v -3.739789 14.387620 -1.260974
v -3.435381 14.339878 -1.354560
v -1.854913 14.541352 -1.422441
v -1.956855 14.442837 -1.681917
v -1.960410 14.494846 -1.658682
v -1.855454 14.577933 -1.427201
v -1.670858 14.696150 -1.262321
v -1.662896 14.720581 -1.277139
v -1.525375 14.968689 -0.982151
v -1.521172 15.026814 -1.026260
v -1.431584 15.142834 -0.717339
v -1.419420 15.160614 -0.717553
v -1.536934 15.001425 -0.436735
v -1.527300 15.018034 -0.418895
v -1.688081 14.721166 -0.160391
v -1.680569 14.746248 -0.146455
v -1.877157 14.573670 0.000761
v -1.877820 14.610418 0.003838
v -1.987224 14.486958 0.261129
v -1.990014 14.537848 0.235459
v -2.276041 14.607033 -0.033034
v -2.278474 14.542278 0.180654
v -2.542047 14.517140 0.102060
v -2.535555 14.468818 0.124122
v -2.859884 14.470283 0.061674
v -2.869624 14.516694 0.037800
v -3.154469 14.391468 -0.045310
v -3.168325 14.438169 -0.059022
v -3.454876 14.368198 -0.107242
v -3.462265 14.415019 -0.117438
v -3.749471 14.366826 -0.207040
v -3.756178 14.411427 -0.212361
v -3.460234 14.479099 -0.293826
v -3.742047 14.473669 -0.397032
v -3.568663 14.818166 -0.467723
v -3.848219 14.665966 -0.509691
v -3.919490 14.784345 -0.748085
v -3.901178 14.765315 -0.747367
v -3.824637 14.646590 -0.949726
v -3.840892 14.655319 -0.978520
v -3.721136 14.429378 -1.057643
v -3.731389 14.458183 -1.078966
v -3.732950 14.342828 -1.264054
v -3.443052 14.387116 -1.346736
v -3.133170 14.360531 -1.408070
v -3.147414 14.407795 -1.396930
v -2.835331 14.434616 -1.509267
v -2.845779 14.482064 -1.487840
v -2.509210 14.430554 -1.561423
v -2.516355 14.479822 -1.541790
v -2.243694 14.451614 -1.636223
v -2.250437 14.501551 -1.613172
v -1.956855 14.442837 -1.681917
v -2.254634 14.575929 -1.402671
v -2.329190 15.013134 -1.124074
v -2.600398 14.977403 -1.095485
v -2.328417 15.252908 -0.733854
v -2.625082 15.219472 -0.737732
v -2.341548 15.031087 -0.333374
v -2.611757 14.993904 -0.368769
v -2.559182 14.582675 -0.123998
v -2.869256 14.557439 -0.162308
v -3.170304 14.501306 -0.243927
v -3.246947 14.855884 -0.431608
v -3.602537 14.945994 -0.746801
v -3.560053 14.805649 -1.018598
v -3.446486 14.459123 -1.173458
v -3.155122 14.479251 -1.215233
v -2.851633 14.531832 -1.289871
v -2.540495 14.555527 -1.319584
v -2.930075 14.913551 -1.071429
v -2.952948 15.110952 -0.740393
v -2.639460 15.151304 -0.736409
v -2.940567 14.928784 -0.400189
v -3.263154 14.985645 -0.742397
v -3.279070 15.015382 -0.743320
v -3.237339 14.841920 -1.046320
v -1.994845 15.048729 -0.287089
v -1.726734 15.051729 -0.382449
v -1.730879 15.237185 -0.724159
v -1.716194 15.036414 -1.056805
v -1.981198 15.028897 -1.160259
v -2.001521 15.262791 -0.728970
v -2.272489 14.493443 0.206145
v -1.987224 14.486958 0.261129
v -3.831079 14.655952 -0.537537
v -3.731154 14.443935 -0.416695
v -3.749471 14.366826 -0.207040
v 2.489779 14.215285 -1.510334
v 2.484907 14.534553 -1.228965
v 2.852795 14.602074 -1.220843
v 2.751851 14.166751 -1.501996
v 2.377417 13.451891 -1.252058
v 2.714084 13.536337 -1.320724
v 2.637382 13.314219 -0.704209
v 2.377050 13.357627 -0.677891
v 2.329415 13.593434 -0.088890
v 2.571111 13.578388 -0.123400
v 2.526571 14.208425 0.119947
v 2.264809 14.213033 0.109657
v 2.264784 14.630112 -0.132985
v 2.490650 14.499406 -0.082774
v 3.549858 14.010814 -1.344763
v 3.298689 14.518502 -1.146269
v 3.601952 14.314918 -1.175487
v 3.282181 14.028608 -1.376104
v 3.537640 13.701567 -1.236979
v 3.273073 13.743032 -1.248272
v 3.250639 13.497823 -0.753395
v 3.473481 13.456304 -0.773619
v 3.497117 13.730764 -0.271390
v 3.245516 13.737897 -0.305342
v 3.304003 14.189395 -0.043998
v 3.544102 14.132925 -0.015128
v 3.348278 14.386663 -0.202536
v 3.564604 14.396270 -0.249128
v -2.489780 14.215287 -1.510334
v -2.852795 14.602075 -1.220843
v -2.484907 14.534554 -1.228964
v -2.751851 14.166752 -1.501996
v -2.377417 13.451893 -1.252058
v -2.714084 13.536338 -1.320724
v -2.637382 13.314221 -0.704209
v -2.377051 13.357629 -0.677891
v -2.329415 13.593436 -0.088890
v -2.571111 13.578390 -0.123400
v -2.526571 14.208426 0.119947
v -2.264809 14.213035 0.109657
v -2.490650 14.499409 -0.082774
v -2.264784 14.630114 -0.132986
v -3.544102 14.132926 -0.015128
v -3.348278 14.386664 -0.202536
v -3.564604 14.396271 -0.249128
v -3.301916 14.150026 0.018245
v -3.245516 13.737898 -0.305343
v -3.497117 13.730765 -0.271390
v -3.473481 13.456305 -0.773619
v -3.250640 13.497824 -0.753395
v -3.273073 13.743032 -1.248272
v -3.537640 13.701568 -1.236979
v -3.549858 14.010815 -1.344763
v -3.282181 14.028609 -1.376104
v -3.601952 14.314919 -1.175487
v -3.298690 14.518503 -1.146269
v 3.750319 14.366767 -0.206514
v 3.455138 14.368349 -0.106289
v 3.756886 14.411849 -0.211799
v 3.901879 14.764605 -0.747362
v 3.841781 14.655269 -0.978975
v 3.825425 14.645991 -0.949603
v 3.920481 14.784472 -0.748103
v 3.831863 14.655338 -0.537657
v 3.849122 14.665924 -0.509262
v 3.732081 14.443583 -0.416819
v 3.742944 14.473896 -0.396655
v 3.750319 14.366767 -0.206514
v 3.462492 14.415655 -0.116698
v 3.154763 14.391699 -0.044383
v 3.168611 14.438834 -0.058330
v 2.860161 14.470621 0.062574
v 2.869881 14.517416 0.038443
v 2.535794 14.469216 0.125009
v 2.542248 14.517883 0.102695
v 2.272721 14.493851 0.207026
v 2.278659 14.543020 0.181292
v 1.986780 14.487313 0.261948
v 1.989722 14.538511 0.236149
v 1.877396 14.610925 0.004592
v 1.876334 14.573610 0.001327
v 1.687229 14.720803 -0.160010
v 1.679897 14.746424 -0.145733
v 1.536063 15.000936 -0.436680
v 1.526570 15.018446 -0.418349
v 1.430683 15.142402 -0.717402
v 1.418492 15.160982 -0.717591
v 1.524435 14.968403 -0.982332
v 1.520515 15.027290 -1.026845
v 1.669998 14.695859 -1.262740
v 1.662253 14.720762 -1.277884
v 1.854073 14.541278 -1.422979
v 1.855006 14.578395 -1.427963
v 1.956385 14.443167 -1.682737
v 1.960095 14.495469 -1.659392
v 2.254766 14.576694 -1.403306
v 2.250601 14.502262 -1.613849
v 2.516535 14.480535 -1.542464
v 2.509421 14.430911 -1.562334
v 2.835578 14.434914 -1.510189
v 2.846014 14.482747 -1.488521
v 3.133434 14.360719 -1.409016
v 3.147677 14.408428 -1.397661
v 3.435613 14.339985 -1.355526
v 3.443254 14.387709 -1.347511
v 3.733782 14.342745 -1.264602
v 3.740479 14.388016 -1.261576
v 3.446670 14.459816 -1.174159
v 3.732274 14.458391 -1.079380
v 3.560323 14.806262 -1.019345
v 3.602880 14.946934 -0.746828
v 3.568955 14.818801 -0.467013
v 3.460439 14.479813 -0.293164
v 3.170531 14.502049 -0.243296
v 2.869468 14.558212 -0.161710
v 2.559360 14.583457 -0.123404
v 2.940798 14.929489 -0.399518
v 2.612141 14.994567 -0.368137
v 2.953202 15.111921 -0.740419
v 2.640182 15.151991 -0.736437
v 2.930285 14.914224 -1.072138
v 2.600761 14.978046 -1.096159
v 2.851825 14.532577 -1.290511
v 2.540654 14.556279 -1.320218
v 2.329314 15.013817 -1.124786
v 1.981135 15.029631 -1.160943
v 2.001488 15.263789 -0.728992
v 1.730687 15.238172 -0.724168
v 1.726526 15.052483 -0.381827
v 1.994803 15.049482 -0.286437
v 2.341693 15.031799 -0.332698
v 2.328529 15.253895 -0.733880
v 2.625804 15.220160 -0.737759
v 1.716026 15.037149 -1.057467
v 2.276192 14.607814 -0.032438
v 3.262749 14.986563 -0.742411
v 3.237323 14.842634 -1.047022
v 3.278603 15.016259 -0.743333
v 3.246952 14.856627 -0.430939
v 3.155329 14.479963 -1.215905
v 1.986780 14.487313 0.261948
v 3.722068 14.429041 -1.057533
v 3.733782 14.342745 -1.264602
v 2.243897 14.451982 -1.637127
v 1.956385 14.443167 -1.682737
v -3.435613 14.339986 -1.355526
v -3.740479 14.388018 -1.261576
v -3.733782 14.342746 -1.264602
v -1.854073 14.541280 -1.422979
v -1.960095 14.495471 -1.659393
v -1.956385 14.443169 -1.682737
v -1.855006 14.578397 -1.427963
v -1.669998 14.695860 -1.262740
v -1.662253 14.720763 -1.277884
v -1.524435 14.968404 -0.982332
v -1.520515 15.027290 -1.026845
v -1.430683 15.142403 -0.717401
v -1.418492 15.160983 -0.717591
v -1.536063 15.000937 -0.436680
v -1.526570 15.018447 -0.418349
v -1.687229 14.720804 -0.160011
v -1.679897 14.746425 -0.145733
v -1.876334 14.573612 0.001327
v -1.877396 14.610927 0.004592
v -1.986780 14.487315 0.261948
v -1.989722 14.538514 0.236149
v -2.276192 14.607816 -0.032438
v -2.278659 14.543022 0.181293
v -2.542248 14.517885 0.102695
v -2.535794 14.469218 0.125009
v -2.860161 14.470622 0.062574
v -2.869881 14.517417 0.038443
v -3.154763 14.391699 -0.044383
v -3.168611 14.438835 -0.058330
v -3.455138 14.368350 -0.106289
v -3.462492 14.415656 -0.116698
v -3.750320 14.366768 -0.206514
v -3.756886 14.411850 -0.211799
v -3.460439 14.479815 -0.293164
v -3.742944 14.473897 -0.396655
v -3.568956 14.818802 -0.467013
v -3.849122 14.665925 -0.509262
v -3.920481 14.784473 -0.748103
v -3.901879 14.764606 -0.747362
v -3.825425 14.645992 -0.949603
v -3.841781 14.655270 -0.978975
v -3.722068 14.429042 -1.057533
v -3.732274 14.458392 -1.079380
v -3.733782 14.342746 -1.264602
v -3.443255 14.387710 -1.347511
v -3.133434 14.360720 -1.409016
v -3.147678 14.408428 -1.397661
v -2.835579 14.434915 -1.510189
v -2.846015 14.482748 -1.488521
v -2.509421 14.430913 -1.562334
v -2.516535 14.480536 -1.542464
v -2.243898 14.451984 -1.637127
v -2.250601 14.502264 -1.613849
v -1.956385 14.443169 -1.682737
v -2.254766 14.576695 -1.403306
v -2.329314 15.013819 -1.124786
v -2.600762 14.978048 -1.096159
v -2.328530 15.253897 -0.733880
v -2.625805 15.220161 -0.737759
v -2.341694 15.031800 -0.332698
v -2.612141 14.994569 -0.368137
v -2.559360 14.583459 -0.123404
v -2.869468 14.558213 -0.161710
v -3.170531 14.502049 -0.243296
v -3.246952 14.856628 -0.430939
v -3.602881 14.946935 -0.746828
v -3.560323 14.806263 -1.019345
v -3.446670 14.459817 -1.174159
v -3.155329 14.479965 -1.215905
v -2.851825 14.532578 -1.290511
v -2.540654 14.556282 -1.320218
v -2.930286 14.914226 -1.072139
v -2.953202 15.111922 -0.740419
v -2.640182 15.151993 -0.736437
v -2.940798 14.929490 -0.399518
v -3.262749 14.986564 -0.742411
v -3.278603 15.016260 -0.743333
v -3.237323 14.842635 -1.047022
v -2.001488 15.263791 -0.728992
v -1.716026 15.037150 -1.057466
v -1.730687 15.238173 -0.724168
v -1.981135 15.029633 -1.160943
v -1.994803 15.049484 -0.286437
v -1.726526 15.052484 -0.381827
v -2.272721 14.493853 0.207026
v -1.986780 14.487315 0.261948
v -3.732082 14.443583 -0.416819
v -3.750320 14.366768 -0.206514
v -3.831864 14.655339 -0.537657
v 2.526612 14.208377 0.120945
v 2.264827 14.630651 -0.132140
v 2.490693 14.499935 -0.081930
v 2.264810 14.213165 0.110649
v 2.329401 13.592752 -0.088162
v 2.571172 13.577705 -0.122673
v 2.637350 13.313231 -0.704130
v 2.376898 13.356640 -0.677787
v 2.377368 13.451166 -1.252747
v 2.714108 13.535649 -1.321450
v 2.751839 14.166728 -1.502996
v 2.489777 14.215603 -1.511282
v 2.852804 14.602666 -1.221648
v 2.484803 14.535206 -1.229711
v 3.544106 14.133237 -0.014178
v 3.348369 14.387290 -0.201770
v 3.564735 14.396927 -0.248381
v 3.303929 14.189477 -0.043004
v 3.496974 13.730049 -0.270701
v 3.245373 13.737192 -0.304653
v 3.250492 13.496833 -0.753387
v 3.473334 13.455314 -0.773611
v 3.537574 13.700899 -1.237723
v 3.273006 13.742363 -1.249016
v 3.282291 14.028646 -1.377097
v 3.549969 14.010851 -1.345756
v 3.298860 14.518932 -1.147156
v 3.602122 14.315347 -1.176374
v -2.264810 14.213167 0.110649
v -2.490693 14.499937 -0.081930
v -2.264827 14.630652 -0.132141
v -2.526612 14.208379 0.120945
v -2.329402 13.592753 -0.088162
v -2.571172 13.577707 -0.122673
v -2.637350 13.313233 -0.704130
v -2.376898 13.356642 -0.677787
v -2.377369 13.451168 -1.252748
v -2.714108 13.535649 -1.321450
v -2.751839 14.166729 -1.502996
v -2.489777 14.215605 -1.511282
v -2.852804 14.602667 -1.221648
v -2.484803 14.535207 -1.229711
v -3.602122 14.315348 -1.176374
v -3.282292 14.028646 -1.377097
v -3.298860 14.518933 -1.147155
v -3.549969 14.010852 -1.345756
v -3.273007 13.742365 -1.249015
v -3.537574 13.700900 -1.237723
v -3.473334 13.455315 -0.773611
v -3.250492 13.496834 -0.753387
v -3.245448 13.737153 -0.304679
v -3.497049 13.730020 -0.270727
v -3.544205 14.133227 -0.014181
v -3.301992 14.150078 0.019240
v -3.348418 14.387311 -0.201794
v -3.564736 14.396928 -0.248381
vt 0.287400 0.016600
vt 0.230700 0.063500
vt 0.263200 0.014200
vt 0.531200 0.014200
vt 0.616700 0.012700
vt 0.622100 0.023900
vt 0.531200 0.024900
vt 0.445600 0.012700
vt 0.440200 0.023900
vt 0.362300 0.010300
vt 0.356700 0.022000
vt 0.300000 0.004900
vt 0.251700 0.066400
vt 0.193500 0.111800
vt 0.217900 0.114700
vt 0.155400 0.165500
vt 0.181300 0.167500
vt 0.120300 0.218800
vt 0.144900 0.221200
vt 0.089200 0.264200
vt 0.114600 0.266100
vt 0.062400 0.306600
vt 0.082700 0.313500
vt 0.191800 0.342800
vt 0.175200 0.356900
vt 0.245200 0.396000
vt 0.270500 0.385700
vt 0.393800 0.450700
vt 0.385300 0.438500
vt 0.529300 0.475600
vt 0.529300 0.459000
vt 0.671900 0.455100
vt 0.676300 0.435500
vt 0.812000 0.398400
vt 0.787100 0.386200
vt 0.871100 0.356000
vt 0.859400 0.343300
vt 0.980500 0.326700
vt 0.968800 0.315400
vt 0.856900 0.273900
vt 0.939500 0.267600
vt 0.911100 0.222700
vt 0.936000 0.220200
vt 0.903300 0.166500
vt 0.877400 0.168500
vt 0.868200 0.112800
vt 0.843800 0.114700
vt 0.833500 0.064000
vt 0.812500 0.066400
vt 0.802700 0.014200
vt 0.778800 0.016100
vt 0.749000 0.070300
vt 0.707500 0.022000
vt 0.629900 0.079600
vt 0.530800 0.083000
vt 0.432100 0.079100
vt 0.314000 0.070800
vt 0.285200 0.121600
vt 0.257100 0.173800
vt 0.234300 0.225600
vt 0.407200 0.185500
vt 0.395500 0.241700
vt 0.530800 0.193800
vt 0.530800 0.242200
vt 0.654300 0.186000
vt 0.666000 0.242200
vt 0.803200 0.173800
vt 0.824700 0.226100
vt 0.682100 0.287100
vt 0.701200 0.353000
vt 0.531200 0.349600
vt 0.533200 0.395500
vt 0.388400 0.397000
vt 0.361300 0.352100
vt 0.379200 0.286600
vt 0.530300 0.300300
vt 0.530300 0.253400
vt 0.672400 0.400900
vt 0.200700 0.273900
vt 0.776400 0.121600
vt 0.644500 0.133800
vt 0.530800 0.135300
vt 0.417200 0.133300
vt 0.530800 0.140100
vt 0.068400 0.327100
vt 0.964800 0.266100
vt 0.990700 0.308600
vt 0.701200 0.011700
vt 0.766100 0.005400
vt 0.802700 0.014200
vt 0.778800 0.016100
vt 0.833500 0.064000
vt 0.871100 0.356000
vt 0.980500 0.326700
vt 0.968800 0.315400
vt 0.859400 0.343300
vt 0.812000 0.398400
vt 0.787100 0.386200
vt 0.671900 0.455100
vt 0.676300 0.435500
vt 0.529300 0.475600
vt 0.529300 0.459000
vt 0.393800 0.450700
vt 0.385300 0.438500
vt 0.245200 0.396000
vt 0.270500 0.385700
vt 0.175200 0.356900
vt 0.191800 0.342800
vt 0.068400 0.327100
vt 0.082700 0.313500
vt 0.200700 0.273900
vt 0.114600 0.266100
vt 0.144900 0.221200
vt 0.120300 0.218800
vt 0.155400 0.165500
vt 0.181300 0.167500
vt 0.193500 0.111800
vt 0.217900 0.114700
vt 0.230700 0.063500
vt 0.251700 0.066400
vt 0.263200 0.014200
vt 0.287400 0.016600
vt 0.314000 0.070800
vt 0.356700 0.022000
vt 0.432100 0.079100
vt 0.440200 0.023900
vt 0.531200 0.024900
vt 0.531200 0.014200
vt 0.616700 0.012700
vt 0.622100 0.023900
vt 0.701200 0.011700
vt 0.707500 0.022000
vt 0.766100 0.005400
vt 0.812500 0.066400
vt 0.868200 0.112800
vt 0.843800 0.114700
vt 0.903300 0.166500
vt 0.877400 0.168500
vt 0.936000 0.220200
vt 0.911100 0.222700
vt 0.964800 0.266100
vt 0.939500 0.267600
vt 0.990700 0.308600
vt 0.856900 0.273900
vt 0.682100 0.287100
vt 0.666000 0.242200
vt 0.530300 0.300300
vt 0.530300 0.253400
vt 0.379200 0.286600
vt 0.395500 0.241700
vt 0.234300 0.225600
vt 0.257100 0.173800
vt 0.285200 0.121600
vt 0.417200 0.133300
vt 0.530800 0.083000
vt 0.629900 0.079600
vt 0.749000 0.070300
vt 0.776400 0.121600
vt 0.803200 0.173800
vt 0.824700 0.226100
vt 0.654300 0.186000
vt 0.530800 0.193800
vt 0.530800 0.242200
vt 0.407200 0.185500
vt 0.530800 0.140100
vt 0.530800 0.135300
vt 0.644500 0.133800
vt 0.361300 0.352100
vt 0.388400 0.397000
vt 0.533200 0.395500
vt 0.672400 0.400900
vt 0.701200 0.353000
vt 0.531200 0.349600
vt 0.089200 0.264200
vt 0.062400 0.306600
vt 0.445600 0.012700
vt 0.362300 0.010300
vt 0.300000 0.004900
vt 0.005800 0.043500
vt 0.005800 0.010300
vt 0.053400 0.005400
vt 0.053400 0.046400
vt 0.005800 0.107400
vt 0.053400 0.098100
vt 0.053400 0.150400
vt 0.005800 0.152800
vt 0.005800 0.203100
vt 0.053400 0.200700
vt 0.053400 0.252400
vt 0.005800 0.254400
vt 0.005800 0.297900
vt 0.053400 0.284700
vt 0.052800 0.040500
vt 0.006900 0.003900
vt 0.052800 0.013200
vt 0.006900 0.042500
vt 0.052800 0.076700
vt 0.006900 0.077600
vt 0.006900 0.119600
vt 0.052800 0.118200
vt 0.052800 0.163100
vt 0.006900 0.158700
vt 0.006900 0.198200
vt 0.052800 0.200200
vt 0.006900 0.228500
vt 0.052800 0.237300
vt 0.005800 0.043500
vt 0.053400 0.005400
vt 0.005800 0.010300
vt 0.053400 0.046400
vt 0.005800 0.107400
vt 0.053400 0.098100
vt 0.053400 0.150400
vt 0.005800 0.152800
vt 0.005800 0.203100
vt 0.053400 0.200700
vt 0.053400 0.252400
vt 0.005800 0.254400
vt 0.053400 0.284700
vt 0.005800 0.297900
vt 0.052800 0.200200
vt 0.006900 0.228500
vt 0.052800 0.237300
vt 0.006900 0.198200
vt 0.006900 0.158700
vt 0.052800 0.163100
vt 0.052800 0.118200
vt 0.006900 0.119600
vt 0.006900 0.077600
vt 0.052800 0.076700
vt 0.052800 0.040500
vt 0.006900 0.042500
vt 0.052800 0.013200
vt 0.006900 0.003900
vt 0.263200 0.014200
vt 0.230700 0.063500
vt 0.287400 0.016600
vt 0.531200 0.014200
vt 0.622100 0.023900
vt 0.616700 0.012700
vt 0.531200 0.024900
vt 0.445600 0.012700
vt 0.440200 0.023900
vt 0.362300 0.010300
vt 0.356700 0.022000
vt 0.300000 0.004900
vt 0.251700 0.066400
vt 0.193500 0.111800
vt 0.217900 0.114700
vt 0.155400 0.165500
vt 0.181300 0.167500
vt 0.120300 0.218800
vt 0.144900 0.221200
vt 0.089200 0.264200
vt 0.114600 0.266100
vt 0.062400 0.306600
vt 0.082700 0.313500
vt 0.191800 0.342800
vt 0.175200 0.356900
vt 0.245200 0.396000
vt 0.270500 0.385700
vt 0.393800 0.450700
vt 0.385300 0.438500
vt 0.529300 0.475600
vt 0.529300 0.459000
vt 0.671900 0.455100
vt 0.676300 0.435500
vt 0.812000 0.398400
vt 0.787100 0.386200
vt 0.871100 0.356000
vt 0.859400 0.343300
vt 0.980500 0.326700
vt 0.968800 0.315400
vt 0.856900 0.273900
vt 0.939500 0.267600
vt 0.911100 0.222700
vt 0.936000 0.220200
vt 0.903300 0.166500
vt 0.877400 0.168500
vt 0.868200 0.112800
vt 0.843800 0.114700
vt 0.833500 0.064000
vt 0.812500 0.066400
vt 0.802700 0.014200
vt 0.778800 0.016100
vt 0.749000 0.070300
vt 0.707500 0.022000
vt 0.629900 0.079600
vt 0.530800 0.083000
vt 0.432100 0.079100
vt 0.314000 0.070800
vt 0.285200 0.121600
vt 0.257100 0.173800
vt 0.234300 0.225600
vt 0.407200 0.185500
vt 0.395500 0.241700
vt 0.530800 0.193800
vt 0.530800 0.242200
vt 0.654300 0.186000
vt 0.666000 0.242200
vt 0.803200 0.173800
vt 0.824700 0.226100
vt 0.682100 0.287100
vt 0.701200 0.353000
vt 0.531200 0.349600
vt 0.533200 0.395500
vt 0.388400 0.397000
vt 0.361300 0.352100
vt 0.379200 0.286600
vt 0.530300 0.300300
vt 0.530300 0.253400
vt 0.672400 0.400900
vt 0.200700 0.273900
vt 0.530800 0.140100
vt 0.644500 0.133800
vt 0.530800 0.135300
vt 0.417200 0.133300
vt 0.776400 0.121600
vt 0.068400 0.327100
vt 0.701200 0.011700
vt 0.766100 0.005400
vt 0.964800 0.266100
vt 0.990700 0.308600
vt 0.833500 0.064000
vt 0.778800 0.016100
vt 0.802700 0.014200
vt 0.871100 0.356000
vt 0.968800 0.315400
vt 0.980500 0.326700
vt 0.859400 0.343300
vt 0.812000 0.398400
vt 0.787100 0.386200
vt 0.671900 0.455100
vt 0.676300 0.435500
vt 0.529300 0.475600
vt 0.529300 0.459000
vt 0.393800 0.450700
vt 0.385300 0.438500
vt 0.245200 0.396000
vt 0.270500 0.385700
vt 0.175200 0.356900
vt 0.191800 0.342800
vt 0.068400 0.327100
vt 0.082700 0.313500
vt 0.200700 0.273900
vt 0.114600 0.266100
vt 0.144900 0.221200
vt 0.120300 0.218800
vt 0.155400 0.165500
vt 0.181300 0.167500
vt 0.193500 0.111800
vt 0.217900 0.114700
vt 0.230700 0.063500
vt 0.251700 0.066400
vt 0.263200 0.014200
vt 0.287400 0.016600
vt 0.314000 0.070800
vt 0.356700 0.022000
vt 0.432100 0.079100
vt 0.440200 0.023900
vt 0.531200 0.024900
vt 0.531200 0.014200
vt 0.616700 0.012700
vt 0.622100 0.023900
vt 0.701200 0.011700
vt 0.707500 0.022000
vt 0.766100 0.005400
vt 0.812500 0.066400
vt 0.868200 0.112800
vt 0.843800 0.114700
vt 0.903300 0.166500
vt 0.877400 0.168500
vt 0.936000 0.220200
vt 0.911100 0.222700
vt 0.964800 0.266100
vt 0.939500 0.267600
vt 0.990700 0.308600
vt 0.856900 0.273900
vt 0.682100 0.287100
vt 0.666000 0.242200
vt 0.530300 0.300300
vt 0.530300 0.253400
vt 0.379200 0.286600
vt 0.395500 0.241700
vt 0.234300 0.225600
vt 0.257100 0.173800
vt 0.285200 0.121600
vt 0.417200 0.133300
vt 0.530800 0.083000
vt 0.629900 0.079600
vt 0.749000 0.070300
vt 0.776400 0.121600
vt 0.803200 0.173800
vt 0.824700 0.226100
vt 0.654300 0.186000
vt 0.530800 0.193800
vt 0.530800 0.242200
vt 0.407200 0.185500
vt 0.530800 0.140100
vt 0.530800 0.135300
vt 0.644500 0.133800
vt 0.531200 0.349600
vt 0.672400 0.400900
vt 0.533200 0.395500
vt 0.701200 0.353000
vt 0.361300 0.352100
vt 0.388400 0.397000
vt 0.089200 0.264200
vt 0.062400 0.306600
vt 0.362300 0.010300
vt 0.300000 0.004900
vt 0.445600 0.012700
vt 0.053400 0.252400
vt 0.005800 0.297900
vt 0.053400 0.284700
vt 0.005800 0.254400
vt 0.005800 0.203100
vt 0.053400 0.200700
vt 0.053400 0.150400
vt 0.005800 0.152800
vt 0.005800 0.107400
vt 0.053400 0.098100
vt 0.053400 0.046400
vt 0.005800 0.043500
vt 0.053400 0.005400
vt 0.005800 0.010300
vt 0.052800 0.200200
vt 0.006900 0.228500
vt 0.052800 0.237300
vt 0.006900 0.198200
vt 0.052800 0.163100
vt 0.006900 0.158700
vt 0.006900 0.119600
vt 0.052800 0.118200
vt 0.052800 0.076700
vt 0.006900 0.077600
vt 0.006900 0.042500
vt 0.052800 0.040500
vt 0.006900 0.003900
vt 0.052800 0.013200
vt 0.005800 0.254400
vt 0.053400 0.284700
vt 0.005800 0.297900
vt 0.053400 0.252400
vt 0.005800 0.203100
vt 0.053400 0.200700
vt 0.053400 0.150400
vt 0.005800 0.152800
vt 0.005800 0.107400
vt 0.053400 0.098100
vt 0.053400 0.046400
vt 0.005800 0.043500
vt 0.053400 0.005400
vt 0.005800 0.010300
vt 0.052800 0.013200
vt 0.006900 0.042500
vt 0.006900 0.003900
vt 0.052800 0.040500
vt 0.006900 0.077600
vt 0.052800 0.076700
vt 0.052800 0.118200
vt 0.006900 0.119600
vt 0.006900 0.158700
vt 0.052800 0.163100
vt 0.052800 0.200200
vt 0.006900 0.198200
vt 0.006900 0.228500
vt 0.052800 0.237300
vn 0.7649 0.4325 0.4774
vn 0.2546 0.1632 0.9532
vn 0.3204 0.0646 0.9451
vn 0.7197 -0.6942 0.0092
vn 0.7336 -0.6496 0.1996
vn 0.8761 0.0028 -0.4821
vn 0.9499 0.3127 -0.0008
vn 0.7333 -0.6440 -0.2181
vn 0.8969 0.0676 0.4370
vn 0.9422 -0.3296 -0.0604
vn 0.8846 0.1285 0.4483
vn 0.9754 -0.1737 -0.1358
vn 0.2300 0.6205 0.7497
vn 0.3022 0.1828 0.9356
vn 0.3020 0.6285 0.7168
vn 0.2614 0.3888 0.8835
vn 0.2482 0.7536 0.6086
vn 0.2508 0.3755 0.8922
vn 0.1997 0.7341 0.6490
vn 0.2215 0.4270 0.8767
vn 0.1817 0.7522 0.6333
vn 0.1612 0.4379 0.8845
vn -0.3398 0.6685 0.6616
vn -0.4759 0.4206 0.7724
vn -0.8275 -0.0146 0.5613
vn -0.8172 -0.4336 0.3798
vn -0.7210 0.0928 0.6867
vn -0.8568 -0.5151 0.0229
vn -0.8302 0.2544 0.4960
vn -0.8247 -0.5629 0.0541
vn -0.8852 0.4635 0.0408
vn -0.9429 -0.2467 -0.2239
vn -0.7071 0.4033 -0.5808
vn -0.8481 -0.4424 -0.2915
vn -0.7612 0.0549 -0.6462
vn -0.8558 -0.0691 -0.5126
vn -0.4860 0.3897 -0.7823
vn -0.8556 0.2311 -0.4632
vn -0.3394 0.6413 -0.6882
vn 0.1408 0.7728 -0.6189
vn 0.1658 0.7205 -0.6733
vn 0.1817 0.7072 -0.6833
vn 0.2152 0.3377 -0.9163
vn 0.2494 0.3508 -0.9026
vn 0.2364 0.7331 -0.6377
vn 0.2613 0.1577 -0.9523
vn 0.2552 0.6060 -0.7534
vn 0.2263 0.1255 -0.9659
vn 0.2083 0.5797 -0.7878
vn 0.2786 0.0315 -0.9599
vn 0.7547 0.4016 -0.5187
vn 0.1727 0.7073 -0.6854
vn 0.8839 0.1140 -0.4535
vn 0.2611 0.6338 -0.7281
vn 0.3379 0.9409 -0.0226
vn 0.3047 0.6646 0.6823
vn 0.2017 0.7287 0.6544
vn 0.2472 0.7255 0.6423
vn 0.2047 0.7963 0.5693
vn 0.1952 0.7653 0.6134
vn 0.2168 0.7017 0.6787
vn 0.2099 0.7108 0.6714
vn 0.2476 0.9677 -0.0473
vn 0.7572 0.6520 -0.0384
vn 0.2119 0.6758 -0.7060
vn 0.1929 0.6724 -0.7146
vn 0.2088 0.7559 -0.6205
vn 0.1687 0.7380 -0.6534
vn 0.1313 0.6933 -0.7086
vn -0.0502 0.7140 -0.6983
vn -0.0295 0.9993 -0.0239
vn -0.1640 0.9865 -0.0011
vn -0.2071 0.7660 0.6085
vn -0.0394 0.7342 0.6777
vn 0.1518 0.7306 0.6657
vn 0.0856 0.9960 -0.0257
vn 0.6000 0.7999 -0.0161
vn -0.1852 0.7391 -0.6477
vn 0.1439 0.8004 0.5820
vn 0.2024 0.7077 -0.6769
vn 0.1709 0.6572 -0.7341
vn -0.3390 0.9405 -0.0227
vn 0.2092 0.6862 0.6967
vn -0.4543 0.8904 -0.0282
vn -0.8498 0.2738 0.4504
vn 0.1979 0.3884 -0.9000
vn 0.1326 0.3967 -0.9083
vn 0.9523 -0.3030 0.0372
vn 0.9798 -0.1580 0.1223
vn -0.2907 0.0214 -0.9566
vn -0.7493 0.4098 -0.5202
vn -0.2246 0.1196 -0.9671
vn 0.8446 -0.0394 -0.5340
vn 0.8637 0.2536 -0.4356
vn 0.3608 0.6380 -0.6803
vn 0.5000 0.3855 -0.7755
vn 0.8261 -0.4514 -0.3373
vn 0.7336 0.0561 -0.6773
vn 0.9487 -0.2343 -0.2124
vn 0.7109 0.4070 -0.5736
vn 0.8353 -0.5498 -0.0097
vn 0.8918 0.4520 0.0201
vn 0.8573 -0.5146 0.0153
vn 0.8302 0.2587 0.4939
vn 0.8314 -0.4413 0.3376
vn 0.7353 0.0879 0.6720
vn 0.8393 -0.0452 0.5417
vn 0.4616 0.4251 0.7786
vn 0.8409 0.2525 0.4787
vn 0.3182 0.6721 0.6686
vn -0.1595 0.7999 0.5785
vn -0.1863 0.7502 0.6344
vn -0.2024 0.7373 0.6445
vn -0.2435 0.3788 0.8929
vn -0.2772 0.3913 0.8775
vn -0.2557 0.7611 0.5961
vn -0.2908 0.2006 0.9355
vn -0.2782 0.6393 0.7168
vn -0.2563 0.1691 0.9517
vn -0.2324 0.6147 0.7537
vn -0.3084 0.0748 0.9483
vn -0.7703 0.4242 0.4762
vn -0.1935 0.7376 0.6469
vn -0.8976 0.1339 0.4200
vn -0.2833 0.6660 0.6901
vn -0.8908 0.0240 0.4538
vn -0.9492 0.3117 -0.0431
vn -0.7196 -0.6944 -0.0002
vn -0.7402 -0.6340 0.2241
vn -0.8828 0.0471 -0.4674
vn -0.9439 -0.3271 0.0459
vn -0.8700 0.1074 -0.4811
vn -0.9793 -0.1681 0.1130
vn -0.2060 0.5857 -0.7839
vn -0.2727 0.1400 -0.9519
vn -0.2790 0.5951 -0.7537
vn -0.2334 0.3481 -0.9080
vn -0.2286 0.7250 -0.6497
vn -0.2226 0.3344 -0.9158
vn -0.1788 0.7038 -0.6876
vn -0.1936 0.3866 -0.9017
vn -0.1613 0.7226 -0.6722
vn -0.1332 0.3971 -0.9080
vn -0.1251 0.7731 -0.6219
vn -0.1304 0.6996 -0.7026
vn -0.1884 0.6794 -0.7092
vn -0.0857 0.9961 -0.0222
vn -0.5996 0.7993 -0.0389
vn -0.1529 0.7246 0.6720
vn -0.2147 0.7040 0.6769
vn -0.1885 0.7667 0.6137
vn -0.2275 0.7831 0.5788
vn -0.2229 0.7375 0.6375
vn -0.1932 0.6897 0.6979
vn -0.3377 0.9407 -0.0307
vn -0.2827 0.6327 -0.7209
vn -0.1807 0.6982 -0.6927
vn -0.2265 0.6955 -0.6819
vn -0.1863 0.7695 -0.6109
vn -0.1754 0.7365 -0.6533
vn -0.1950 0.6700 -0.7162
vn -0.2483 0.9687 -0.0044
vn -0.7576 0.6525 -0.0149
vn -0.2333 0.7069 0.6677
vn 0.4538 0.8911 0.0019
vn 0.3387 0.9408 -0.0094
vn -0.1868 0.6537 -0.7333
vn 0.0288 0.7450 0.6664
vn 0.2214 0.7626 0.6078
vn 0.1644 0.9862 -0.0191
vn 0.1706 0.7418 -0.6485
vn 0.0611 0.7028 -0.7088
vn 0.0295 0.9994 -0.0205
vn -0.2257 0.4287 0.8748
vn -0.1606 0.4375 0.8848
vn -0.7275 -0.6585 -0.1928
vn -0.9509 -0.3050 -0.0532
vn -0.9756 -0.1641 -0.1456
vn 0.0063 0.1734 -0.9848
vn -0.1040 0.6567 -0.7469
vn -0.0199 0.6110 -0.7914
vn 0.0369 0.1076 -0.9935
vn 0.0172 -0.7885 -0.6148
vn -0.0156 -0.5926 -0.8053
vn -0.0809 -0.9958 0.0424
vn -0.1504 -0.9802 0.1288
vn 0.0338 -0.6408 0.7669
vn 0.0534 -0.7225 0.6893
vn 0.0074 0.0828 0.9965
vn -0.0367 0.1262 0.9913
vn 0.0703 0.5449 0.8356
vn 0.1561 0.5775 0.8013
vn 0.1362 0.0626 -0.9887
vn 0.1788 0.4337 -0.8831
vn 0.2160 0.4464 -0.8684
vn 0.0945 0.0364 -0.9949
vn -0.0643 -0.6807 -0.7297
vn -0.0739 -0.6724 -0.7365
vn -0.1614 -0.9861 0.0395
vn -0.1866 -0.9816 -0.0413
vn -0.1335 -0.6915 0.7099
vn -0.1121 -0.7259 0.6786
vn -0.0808 0.0959 0.9921
vn -0.0960 0.0263 0.9950
vn 0.1011 0.6404 0.7614
vn 0.1317 0.6527 0.7461
vn -0.0063 0.1734 -0.9848
vn 0.0199 0.6110 -0.7914
vn 0.1040 0.6567 -0.7469
vn -0.0369 0.1076 -0.9935
vn -0.0172 -0.7885 -0.6148
vn 0.0156 -0.5926 -0.8053
vn 0.0809 -0.9958 0.0424
vn 0.1504 -0.9802 0.1288
vn -0.0338 -0.6408 0.7669
vn -0.0534 -0.7225 0.6893
vn 0.0169 0.1068 0.9941
vn 0.0102 0.1529 0.9882
vn -0.0614 0.5229 0.8502
vn -0.0984 0.5004 0.8602
vn -0.0994 0.0532 0.9936
vn -0.1379 0.6551 0.7429
vn -0.1317 0.6527 0.7461
vn -0.1352 -0.0185 0.9906
vn 0.0865 -0.7492 0.6566
vn 0.1146 -0.7036 0.7013
vn 0.1664 -0.9856 -0.0287
vn 0.1788 -0.9827 0.0477
vn 0.0537 -0.6444 -0.7628
vn 0.0704 -0.6543 -0.7530
vn -0.0962 0.0612 -0.9935
vn -0.1333 0.0261 -0.9907
vn -0.1733 0.4279 -0.8870
vn -0.1905 0.4117 -0.8912
vn -0.3212 -0.0640 -0.9449
vn -0.2548 -0.1657 -0.9527
vn -0.7631 -0.4345 -0.4784
vn -0.7291 0.6844 -0.0092
vn -0.8745 -0.0056 0.4850
vn -0.7404 0.6444 -0.1910
vn -0.9485 -0.3168 0.0009
vn -0.7405 0.6382 0.2105
vn -0.8953 -0.0704 -0.4399
vn -0.9438 0.3258 0.0557
vn -0.8833 -0.1313 -0.4501
vn -0.9766 0.1688 0.1330
vn -0.2301 -0.6216 -0.7488
vn -0.3023 -0.1856 -0.9350
vn -0.3020 -0.6295 -0.7159
vn -0.2615 -0.3901 -0.8829
vn -0.2481 -0.7540 -0.6081
vn -0.2506 -0.3773 -0.8915
vn -0.1995 -0.7347 -0.6483
vn -0.2210 -0.4283 -0.8762
vn -0.1813 -0.7527 -0.6329
vn -0.1610 -0.4375 -0.8847
vn 0.3386 -0.6690 -0.6616
vn 0.4748 -0.4233 -0.7716
vn 0.8254 0.0086 -0.5646
vn 0.8178 0.4268 -0.3862
vn 0.7186 -0.0959 -0.6888
vn 0.8648 0.5008 -0.0365
vn 0.8257 -0.2617 -0.4998
vn 0.8355 0.5470 -0.0528
vn 0.8824 -0.4688 -0.0397
vn 0.9432 0.2428 0.2269
vn 0.7060 -0.4048 0.5811
vn 0.8492 0.4354 0.2988
vn 0.7584 -0.0588 0.6491
vn 0.8536 0.0633 0.5170
vn 0.4848 -0.3924 0.7817
vn 0.8545 -0.2335 0.4640
vn 0.3385 -0.6418 0.6881
vn -0.1407 -0.7727 0.6190
vn -0.1656 -0.7210 0.6729
vn -0.1816 -0.7079 0.6826
vn -0.2151 -0.3396 0.9156
vn -0.2495 -0.3523 0.9020
vn -0.2363 -0.7335 0.6372
vn -0.2615 -0.1605 0.9518
vn -0.2552 -0.6070 0.7526
vn -0.2267 -0.1282 0.9655
vn -0.2085 -0.5806 0.7870
vn -0.2788 -0.0313 0.9598
vn -0.7530 -0.4032 0.5200
vn -0.1731 -0.7071 0.6855
vn -0.8828 -0.1166 0.4550
vn -0.2616 -0.6337 0.7280
vn -0.3381 -0.9408 0.0225
vn -0.3051 -0.6645 -0.6821
vn -0.2024 -0.7284 -0.6545
vn -0.2472 -0.7255 -0.6423
vn -0.2047 -0.7962 -0.5694
vn -0.1952 -0.7652 -0.6135
vn -0.2169 -0.7018 -0.6786
vn -0.2099 -0.7108 -0.6713
vn -0.2477 -0.9677 0.0474
vn -0.7568 -0.6525 0.0385
vn -0.2119 -0.6759 0.7059
vn -0.1929 -0.6726 0.7144
vn -0.2088 -0.7558 0.6206
vn -0.1687 -0.7379 0.6534
vn -0.1314 -0.6934 0.7085
vn 0.0502 -0.7140 0.6983
vn 0.0295 -0.9993 0.0239
vn 0.1646 -0.9864 0.0011
vn 0.2076 -0.7660 -0.6084
vn 0.0393 -0.7343 -0.6777
vn -0.1518 -0.7307 -0.6657
vn -0.0859 -0.9960 0.0257
vn -0.6005 -0.7995 0.0162
vn 0.1856 -0.7390 0.6476
vn -0.1437 -0.8003 -0.5821
vn 0.4540 -0.8906 0.0283
vn -0.1709 -0.6574 0.7339
vn 0.3400 -0.9401 0.0226
vn -0.2093 -0.6863 -0.6965
vn -0.2024 -0.7076 0.6770
vn 0.8487 -0.2761 -0.4511
vn -0.9537 0.2991 -0.0323
vn -0.9810 0.1531 -0.1193
vn -0.1977 -0.3896 0.8995
vn -0.1320 -0.3962 0.9086
vn 0.2248 -0.1221 0.9667
vn 0.7475 -0.4118 0.5212
vn 0.2914 -0.0208 0.9564
vn -0.8426 0.0336 0.5376
vn -0.3596 -0.6386 0.6804
vn -0.8626 -0.2560 0.4364
vn -0.4989 -0.3882 0.7749
vn -0.8271 0.4441 0.3445
vn -0.7311 -0.0597 0.6796
vn -0.9488 0.2306 0.2157
vn -0.7097 -0.4084 0.5741
vn -0.8455 0.5340 0.0092
vn -0.8888 -0.4578 -0.0199
vn -0.8653 0.5004 -0.0290
vn -0.8256 -0.2658 -0.4977
vn -0.8325 0.4345 -0.3438
vn -0.7330 -0.0914 -0.6741
vn -0.8370 0.0393 -0.5458
vn -0.4604 -0.4278 -0.7778
vn -0.8398 -0.2548 -0.4793
vn -0.3173 -0.6726 -0.6686
vn 0.1594 -0.7999 -0.5786
vn 0.1860 -0.7507 -0.6339
vn 0.2023 -0.7380 -0.6438
vn 0.2434 -0.3806 -0.8921
vn 0.2773 -0.3926 -0.8769
vn 0.2556 -0.7615 -0.5956
vn 0.2910 -0.2033 -0.9349
vn 0.2782 -0.6403 -0.7160
vn 0.2567 -0.1717 -0.9511
vn 0.2326 -0.6156 -0.7529
vn 0.3086 -0.0746 -0.9483
vn 0.7686 -0.4258 -0.4774
vn 0.1940 -0.7374 -0.6470
vn 0.8965 -0.1365 -0.4216
vn 0.2838 -0.6659 -0.6900
vn 0.8892 -0.0269 -0.4567
vn 0.9478 -0.3158 0.0431
vn 0.7289 0.6846 0.0009
vn 0.7472 0.6285 -0.2159
vn 0.8810 -0.0498 0.4704
vn 0.9453 0.3236 -0.0410
vn 0.8687 -0.1101 0.4829
vn 0.9804 0.1633 -0.1099
vn 0.2062 -0.5868 0.7830
vn 0.2728 -0.1428 0.9514
vn 0.2790 -0.5961 0.7528
vn 0.2335 -0.3495 0.9074
vn 0.2285 -0.7255 0.6492
vn 0.2224 -0.3363 0.9151
vn 0.1787 -0.7044 0.6869
vn 0.1933 -0.3880 0.9012
vn 0.1609 -0.7231 0.6717
vn 0.1330 -0.3968 0.9082
vn 0.1249 -0.7730 0.6220
vn 0.1304 -0.6996 0.7025
vn 0.1884 -0.6795 0.7091
vn 0.0860 -0.9960 0.0222
vn 0.6001 -0.7990 0.0388
vn 0.1530 -0.7247 -0.6718
vn 0.2147 -0.7042 -0.6768
vn 0.1885 -0.7667 -0.6137
vn 0.2275 -0.7830 -0.5789
vn 0.2230 -0.7374 -0.6376
vn 0.1932 -0.6899 -0.6977
vn 0.3380 -0.9406 0.0308
vn 0.2831 -0.6327 0.7208
vn 0.1814 -0.6978 0.6929
vn 0.2265 -0.6954 0.6820
vn 0.1863 -0.7694 0.6110
vn 0.1754 -0.7364 0.6534
vn 0.1951 -0.6701 0.7162
vn 0.2484 -0.9687 0.0043
vn 0.7572 -0.6531 0.0148
vn 0.2334 -0.7071 -0.6675
vn -0.4535 -0.8913 -0.0020
vn -0.3398 -0.9404 0.0095
vn 0.1869 -0.6539 0.7332
vn -0.0295 -0.9994 0.0205
vn -0.1711 -0.7418 0.6484
vn -0.1649 -0.9861 0.0190
vn -0.0610 -0.7028 0.7088
vn -0.0289 -0.7450 -0.6664
vn -0.2218 -0.7625 -0.6077
vn 0.2255 -0.4299 -0.8743
vn 0.1600 -0.4368 -0.8852
vn 0.9524 0.3009 0.0484
vn 0.9769 0.1590 0.1428
vn 0.7345 0.6530 0.1846
vn -0.0073 -0.0825 -0.9966
vn -0.0704 -0.5445 -0.8358
vn -0.1557 -0.5771 -0.8017
vn 0.0367 -0.1262 -0.9913
vn -0.0338 0.6409 -0.7669
vn -0.0534 0.7224 -0.6894
vn 0.0809 0.9958 -0.0424
vn 0.1503 0.9802 -0.1288
vn -0.0172 0.7885 0.6148
vn 0.0156 0.5927 0.8053
vn -0.0368 -0.1071 0.9936
vn -0.0063 -0.1737 0.9848
vn 0.0198 -0.6108 0.7915
vn 0.1040 -0.6566 0.7471
vn 0.0956 -0.0269 -0.9951
vn -0.1009 -0.6401 -0.7616
vn -0.1317 -0.6525 -0.7463
vn 0.0810 -0.0955 -0.9921
vn 0.1334 0.6915 -0.7100
vn 0.1122 0.7259 -0.6786
vn 0.1614 0.9861 -0.0395
vn 0.1866 0.9816 0.0413
vn 0.0643 0.6807 0.7298
vn 0.0739 0.6724 0.7365
vn -0.0945 -0.0363 0.9949
vn -0.1361 -0.0625 0.9887
vn -0.1787 -0.4336 0.8832
vn -0.2158 -0.4462 0.8685
vn -0.0102 -0.1529 -0.9882
vn 0.0615 -0.5226 -0.8504
vn 0.0983 -0.5003 -0.8603
vn -0.0169 -0.1063 -0.9942
vn 0.0338 0.6409 -0.7669
vn 0.0534 0.7224 -0.6894
vn -0.0809 0.9958 -0.0424
vn -0.1503 0.9802 -0.1288
vn 0.0172 0.7885 0.6148
vn -0.0156 0.5927 0.8053
vn 0.0368 -0.1071 0.9936
vn 0.0063 -0.1737 0.9848
vn -0.0198 -0.6108 0.7915
vn -0.1040 -0.6566 0.7471
vn 0.1733 -0.4278 0.8871
vn 0.1332 -0.0260 0.9907
vn 0.1904 -0.4116 0.8913
vn 0.0963 -0.0611 0.9935
vn -0.0537 0.6445 0.7628
vn -0.0704 0.6543 0.7530
vn -0.1664 0.9856 0.0287
vn -0.1788 0.9827 -0.0476
vn -0.0865 0.7491 -0.6568
vn -0.1146 0.7034 -0.7015
vn 0.0996 -0.0537 -0.9936
vn 0.1354 0.0190 -0.9906
vn 0.1377 -0.6548 -0.7431
vn 0.1317 -0.6525 -0.7462
usemtl Material-37b0.000
s 1
f 1238/1238/1241 1239/1239/1242 1240/1240/1243
f 1241/1241/1244 1242/1242/1245 1243/1243/1246
f 1244/1244/1247 1241/1241/1244 1243/1243/1246
f 1245/1245/1248 1241/1241/1244 1244/1244/1247
f 1246/1246/1249 1245/1245/1248 1244/1244/1247
f 1247/1247/1250 1245/1245/1248 1246/1246/1249
f 1248/1248/1251 1247/1247/1250 1246/1246/1249
f 1249/1249/1252 1247/1247/1250 1248/1248/1251
f 1238/1238/1241 1249/1249/1252 1248/1248/1251
f 1250/1250/1253 1238/1238/1241 1248/1248/1251
f 1239/1239/1242 1238/1238/1241 1250/1250/1253
f 1251/1251/1254 1239/1239/1242 1250/1250/1253
f 1252/1252/1255 1251/1251/1254 1250/1250/1253
f 1253/1253/1256 1251/1251/1254 1252/1252/1255
f 1254/1254/1257 1253/1253/1256 1252/1252/1255
f 1255/1255/1258 1253/1253/1256 1254/1254/1257
f 1256/1256/1259 1255/1255/1258 1254/1254/1257
f 1257/1257/1260 1255/1255/1258 1256/1256/1259
f 1258/1258/1261 1257/1257/1260 1256/1256/1259
f 1259/1259/1262 1257/1257/1260 1258/1258/1261
f 1260/1260/1263 1259/1259/1262 1258/1258/1261
f 1261/1261/1264 1260/1260/1263 1258/1258/1261
f 1262/1262/1265 1260/1260/1263 1261/1261/1264
f 1263/1263/1266 1262/1262/1265 1261/1261/1264
f 1264/1264/1267 1263/1263/1266 1261/1261/1264
f 1265/1265/1268 1263/1263/1266 1264/1264/1267
f 1266/1266/1269 1265/1265/1268 1264/1264/1267
f 1267/1267/1270 1265/1265/1268 1266/1266/1269
f 1268/1268/1271 1267/1267/1270 1266/1266/1269
f 1269/1269/1272 1267/1267/1270 1268/1268/1271
f 1270/1270/1273 1269/1269/1272 1268/1268/1271
f 1271/1271/1274 1269/1269/1272 1270/1270/1273
f 1272/1272/1275 1271/1271/1274 1270/1270/1273
f 1273/1273/1276 1271/1271/1274 1272/1272/1275
f 1274/1274/1277 1273/1273/1276 1272/1272/1275
f 1275/1275/1278 1273/1273/1276 1274/1274/1277
f 1276/1276/1279 1275/1275/1278 1274/1274/1277
f 1277/1277/1280 1276/1276/1279 1274/1274/1277
f 1278/1278/1281 1276/1276/1279 1277/1277/1280
f 1279/1279/1282 1278/1278/1281 1277/1277/1280
f 1280/1280/1283 1278/1278/1281 1279/1279/1282
f 1281/1281/1284 1280/1280/1283 1279/1279/1282
f 1282/1282/1285 1281/1281/1284 1279/1279/1282
f 1283/1283/1286 1281/1281/1284 1282/1282/1285
f 1284/1284/1287 1283/1283/1286 1282/1282/1285
f 1285/1285/1288 1283/1283/1286 1284/1284/1287
f 1286/1286/1289 1285/1285/1288 1284/1284/1287
f 1287/1287/1290 1285/1285/1288 1286/1286/1289
f 1288/1288/1291 1287/1287/1290 1286/1286/1289
f 1289/1289/1292 1288/1288/1291 1286/1286/1289
f 1290/1290/1293 1288/1288/1291 1289/1289/1292
f 1291/1291/1294 1290/1290/1293 1289/1289/1292
f 1243/1243/1246 1290/1290/1293 1291/1291/1294
f 1244/1244/1247 1243/1243/1246 1291/1291/1294
f 1292/1292/1295 1244/1244/1247 1291/1291/1294
f 1246/1246/1249 1244/1244/1247 1292/1292/1295
f 1293/1293/1296 1246/1246/1249 1292/1292/1295
f 1294/1294/1297 1246/1246/1249 1293/1293/1296
f 1295/1295/1298 1294/1294/1297 1293/1293/1296
f 1250/1250/1253 1294/1294/1297 1295/1295/1298
f 1252/1252/1255 1250/1250/1253 1295/1295/1298
f 1254/1254/1257 1252/1252/1255 1295/1295/1298
f 1296/1296/1299 1254/1254/1257 1295/1295/1298
f 1297/1297/1300 1254/1254/1257 1296/1296/1299
f 1298/1298/1301 1297/1297/1300 1296/1296/1299
f 1299/1299/1302 1297/1297/1300 1298/1298/1301
f 1300/1300/1303 1299/1299/1302 1298/1298/1301
f 1301/1301/1304 1299/1299/1302 1300/1300/1303
f 1302/1302/1305 1301/1301/1304 1300/1300/1303
f 1303/1303/1306 1301/1301/1304 1302/1302/1305
f 1304/1304/1307 1303/1303/1306 1302/1302/1305
f 1305/1305/1308 1303/1303/1306 1304/1304/1307
f 1279/1279/1282 1305/1305/1308 1304/1304/1307
f 1277/1277/1280 1305/1305/1308 1279/1279/1282
f 1306/1306/1309 1305/1305/1308 1277/1277/1280
f 1307/1307/1310 1306/1306/1309 1277/1277/1280
f 1308/1308/1311 1306/1306/1309 1307/1307/1310
f 1309/1309/1312 1308/1308/1311 1307/1307/1310
f 1310/1310/1313 1308/1308/1311 1309/1309/1312
f 1266/1266/1269 1310/1310/1313 1309/1309/1312
f 1264/1264/1267 1310/1310/1313 1266/1266/1269
f 1261/1261/1264 1310/1310/1313 1264/1264/1267
f 1311/1311/1314 1310/1310/1313 1261/1261/1264
f 1312/1312/1315 1311/1311/1314 1261/1261/1264
f 1313/1313/1316 1311/1311/1314 1312/1312/1315
f 1299/1299/1302 1313/1313/1316 1312/1312/1315
f 1314/1314/1317 1313/1313/1316 1299/1299/1302
f 1301/1301/1304 1314/1314/1317 1299/1299/1302
f 1303/1303/1306 1314/1314/1317 1301/1301/1304
f 1306/1306/1309 1314/1314/1317 1303/1303/1306
f 1305/1305/1308 1306/1306/1309 1303/1303/1306
f 1308/1308/1311 1310/1310/1313 1311/1311/1314
f 1313/1313/1316 1308/1308/1311 1311/1311/1314
f 1306/1306/1309 1308/1308/1311 1313/1313/1316
f 1314/1314/1317 1306/1306/1309 1313/1313/1316
f 1315/1315/1318 1309/1309/1312 1307/1307/1310
f 1309/1309/1312 1268/1268/1271 1266/1266/1269
f 1270/1270/1273 1268/1268/1271 1309/1309/1312
f 1315/1315/1318 1270/1270/1273 1309/1309/1312
f 1272/1272/1275 1270/1270/1273 1315/1315/1318
f 1307/1307/1310 1272/1272/1275 1315/1315/1318
f 1274/1274/1277 1272/1272/1275 1307/1307/1310
f 1277/1277/1280 1274/1274/1277 1307/1307/1310
f 1261/1261/1264 1258/1258/1261 1316/1316/1319
f 1312/1312/1315 1261/1261/1264 1316/1316/1319
f 1299/1299/1302 1312/1312/1315 1316/1316/1319
f 1297/1297/1300 1299/1299/1302 1316/1316/1319
f 1258/1258/1261 1297/1297/1300 1316/1316/1319
f 1256/1256/1259 1297/1297/1300 1258/1258/1261
f 1254/1254/1257 1297/1297/1300 1256/1256/1259
f 1284/1284/1287 1289/1289/1292 1286/1286/1289
f 1282/1282/1285 1279/1279/1282 1304/1304/1307
f 1284/1284/1287 1282/1282/1285 1304/1304/1307
f 1317/1317/1320 1284/1284/1287 1304/1304/1307
f 1289/1289/1292 1284/1284/1287 1317/1317/1320
f 1318/1318/1321 1289/1289/1292 1317/1317/1320
f 1291/1291/1294 1289/1289/1292 1318/1318/1321
f 1292/1292/1295 1291/1291/1294 1318/1318/1321
f 1319/1319/1322 1292/1292/1295 1318/1318/1321
f 1293/1293/1296 1292/1292/1295 1319/1319/1322
f 1320/1320/1323 1293/1293/1296 1319/1319/1322
f 1295/1295/1298 1293/1293/1296 1320/1320/1323
f 1296/1296/1299 1295/1295/1298 1320/1320/1323
f 1298/1298/1301 1296/1296/1299 1320/1320/1323
f 1300/1300/1303 1298/1298/1301 1320/1320/1323
f 1321/1321/1324 1300/1300/1303 1320/1320/1323
f 1302/1302/1305 1300/1300/1303 1321/1321/1324
f 1318/1318/1321 1302/1302/1305 1321/1321/1324
f 1317/1317/1320 1302/1302/1305 1318/1318/1321
f 1304/1304/1307 1302/1302/1305 1317/1317/1320
f 1319/1319/1322 1321/1321/1324 1320/1320/1323
f 1318/1318/1321 1321/1321/1324 1319/1319/1322
f 1262/1262/1265 1322/1322/1325 1260/1260/1263
f 1276/1276/1279 1323/1323/1326 1324/1324/1327
f 1278/1278/1281 1323/1323/1326 1276/1276/1279
f 1280/1280/1283 1323/1323/1326 1278/1278/1281
f 1288/1288/1291 1325/1325/1328 1326/1326/1329
f 1290/1290/1293 1325/1325/1328 1288/1288/1291
f 1242/1242/1245 1325/1325/1328 1290/1290/1293
f 1243/1243/1246 1242/1242/1245 1290/1290/1293
f 1248/1248/1251 1246/1246/1249 1294/1294/1297
f 1250/1250/1253 1248/1248/1251 1294/1294/1297
f 1327/1327/1330 1328/1328/1331 1329/1329/1332
f 1330/1330/1333 1331/1331/1334 1332/1332/1335
f 1333/1333/1336 1330/1330/1333 1332/1332/1335
f 1334/1334/1337 1330/1330/1333 1333/1333/1336
f 1335/1335/1338 1334/1334/1337 1333/1333/1336
f 1336/1336/1339 1334/1334/1337 1335/1335/1338
f 1337/1337/1340 1336/1336/1339 1335/1335/1338
f 1338/1338/1341 1336/1336/1339 1337/1337/1340
f 1339/1339/1342 1338/1338/1341 1337/1337/1340
f 1340/1340/1343 1338/1338/1341 1339/1339/1342
f 1341/1341/1344 1340/1340/1343 1339/1339/1342
f 1342/1342/1345 1340/1340/1343 1341/1341/1344
f 1343/1343/1346 1342/1342/1345 1341/1341/1344
f 1344/1344/1347 1342/1342/1345 1343/1343/1346
f 1345/1345/1348 1344/1344/1347 1343/1343/1346
f 1346/1346/1349 1344/1344/1347 1345/1345/1348
f 1347/1347/1350 1346/1346/1349 1345/1345/1348
f 1348/1348/1351 1347/1347/1350 1345/1345/1348
f 1349/1349/1352 1347/1347/1350 1348/1348/1351
f 1350/1350/1353 1349/1349/1352 1348/1348/1351
f 1351/1351/1354 1349/1349/1352 1350/1350/1353
f 1352/1352/1355 1351/1351/1354 1350/1350/1353
f 1353/1353/1356 1352/1352/1355 1350/1350/1353
f 1354/1354/1357 1352/1352/1355 1353/1353/1356
f 1355/1355/1358 1354/1354/1357 1353/1353/1356
f 1356/1356/1359 1354/1354/1357 1355/1355/1358
f 1357/1357/1360 1356/1356/1359 1355/1355/1358
f 1358/1358/1361 1356/1356/1359 1357/1357/1360
f 1359/1359/1362 1358/1358/1361 1357/1357/1360
f 1360/1360/1363 1359/1359/1362 1357/1357/1360
f 1361/1361/1364 1359/1359/1362 1360/1360/1363
f 1362/1362/1365 1361/1361/1364 1360/1360/1363
f 1363/1363/1366 1361/1361/1364 1362/1362/1365
f 1364/1364/1367 1363/1363/1366 1362/1362/1365
f 1365/1365/1368 1363/1363/1366 1364/1364/1367
f 1366/1366/1369 1365/1365/1368 1364/1364/1367
f 1367/1367/1370 1366/1366/1369 1364/1364/1367
f 1368/1368/1371 1366/1366/1369 1367/1367/1370
f 1369/1369/1372 1368/1368/1371 1367/1367/1370
f 1370/1370/1373 1368/1368/1371 1369/1369/1372
f 1328/1328/1331 1370/1370/1373 1369/1369/1372
f 1371/1371/1374 1328/1328/1331 1369/1369/1372
f 1329/1329/1332 1328/1328/1331 1371/1371/1374
f 1372/1372/1375 1329/1329/1332 1371/1371/1374
f 1373/1373/1376 1372/1372/1375 1371/1371/1374
f 1374/1374/1377 1372/1372/1375 1373/1373/1376
f 1375/1375/1378 1374/1374/1377 1373/1373/1376
f 1376/1376/1379 1374/1374/1377 1375/1375/1378
f 1377/1377/1380 1376/1376/1379 1375/1375/1378
f 1378/1378/1381 1376/1376/1379 1377/1377/1380
f 1379/1379/1382 1378/1378/1381 1377/1377/1380
f 1380/1380/1383 1378/1378/1381 1379/1379/1382
f 1332/1332/1335 1380/1380/1383 1379/1379/1382
f 1333/1333/1336 1332/1332/1335 1379/1379/1382
f 1381/1381/1384 1333/1333/1336 1379/1379/1382
f 1382/1382/1385 1333/1333/1336 1381/1381/1384
f 1383/1383/1386 1382/1382/1385 1381/1381/1384
f 1384/1384/1387 1382/1382/1385 1383/1383/1386
f 1385/1385/1388 1384/1384/1387 1383/1383/1386
f 1386/1386/1389 1384/1384/1387 1385/1385/1388
f 1387/1387/1390 1386/1386/1389 1385/1385/1388
f 1388/1388/1391 1386/1386/1389 1387/1387/1390
f 1389/1389/1392 1388/1388/1391 1387/1387/1390
f 1350/1350/1353 1388/1388/1391 1389/1389/1392
f 1353/1353/1356 1350/1350/1353 1389/1389/1392
f 1355/1355/1358 1353/1353/1356 1389/1389/1392
f 1390/1390/1393 1355/1355/1358 1389/1389/1392
f 1360/1360/1363 1355/1355/1358 1390/1390/1393
f 1391/1391/1394 1360/1360/1363 1390/1390/1393
f 1362/1362/1365 1360/1360/1363 1391/1391/1394
f 1392/1392/1395 1362/1362/1365 1391/1391/1394
f 1364/1364/1367 1362/1362/1365 1392/1392/1395
f 1367/1367/1370 1364/1364/1367 1392/1392/1395
f 1393/1393/1396 1367/1367/1370 1392/1392/1395
f 1394/1394/1397 1367/1367/1370 1393/1393/1396
f 1395/1395/1398 1394/1394/1397 1393/1393/1396
f 1371/1371/1374 1394/1394/1397 1395/1395/1398
f 1373/1373/1376 1371/1371/1374 1395/1395/1398
f 1375/1375/1378 1373/1373/1376 1395/1395/1398
f 1396/1396/1399 1375/1375/1378 1395/1395/1398
f 1397/1397/1400 1375/1375/1378 1396/1396/1399
f 1398/1398/1401 1397/1397/1400 1396/1396/1399
f 1383/1383/1386 1397/1397/1400 1398/1398/1401
f 1399/1399/1402 1383/1383/1386 1398/1398/1401
f 1400/1400/1403 1383/1383/1386 1399/1399/1402
f 1401/1401/1404 1400/1400/1403 1399/1399/1402
f 1387/1387/1390 1400/1400/1403 1401/1401/1404
f 1389/1389/1392 1387/1387/1390 1401/1401/1404
f 1390/1390/1393 1389/1389/1392 1401/1401/1404
f 1391/1391/1394 1390/1390/1393 1401/1401/1404
f 1402/1402/1405 1391/1391/1394 1401/1401/1404
f 1403/1403/1406 1391/1391/1394 1402/1402/1405
f 1404/1404/1407 1403/1403/1406 1402/1402/1405
f 1393/1393/1396 1403/1403/1406 1404/1404/1407
f 1395/1395/1398 1393/1393/1396 1404/1404/1407
f 1396/1396/1399 1395/1395/1398 1404/1404/1407
f 1398/1398/1401 1396/1396/1399 1404/1404/1407
f 1399/1399/1402 1398/1398/1401 1404/1404/1407
f 1402/1402/1405 1399/1399/1402 1404/1404/1407
f 1401/1401/1404 1399/1399/1402 1402/1402/1405
f 1400/1400/1403 1385/1385/1388 1383/1383/1386
f 1387/1387/1390 1385/1385/1388 1400/1400/1403
f 1392/1392/1395 1403/1403/1406 1393/1393/1396
f 1391/1391/1394 1403/1403/1406 1392/1392/1395
f 1377/1377/1380 1375/1375/1378 1397/1397/1400
f 1379/1379/1382 1377/1377/1380 1397/1397/1400
f 1381/1381/1384 1379/1379/1382 1397/1397/1400
f 1383/1383/1386 1381/1381/1384 1397/1397/1400
f 1388/1388/1391 1350/1350/1353 1348/1348/1351
f 1348/1348/1351 1386/1386/1389 1388/1388/1391
f 1405/1405/1408 1386/1386/1389 1348/1348/1351
f 1345/1345/1348 1405/1405/1408 1348/1348/1351
f 1343/1343/1346 1405/1405/1408 1345/1345/1348
f 1406/1406/1409 1405/1405/1408 1343/1343/1346
f 1341/1341/1344 1406/1406/1409 1343/1343/1346
f 1407/1407/1410 1406/1406/1409 1341/1341/1344
f 1339/1339/1342 1407/1407/1410 1341/1341/1344
f 1337/1337/1340 1407/1407/1410 1339/1339/1342
f 1408/1408/1411 1407/1407/1410 1337/1337/1340
f 1335/1335/1338 1408/1408/1411 1337/1337/1340
f 1333/1333/1336 1408/1408/1411 1335/1335/1338
f 1409/1409/1412 1408/1408/1411 1333/1333/1336
f 1382/1382/1385 1409/1409/1412 1333/1333/1336
f 1384/1384/1387 1409/1409/1412 1382/1382/1385
f 1410/1410/1413 1409/1409/1412 1384/1384/1387
f 1386/1386/1389 1410/1410/1413 1384/1384/1387
f 1405/1405/1408 1410/1410/1413 1386/1386/1389
f 1407/1407/1410 1410/1410/1413 1405/1405/1408
f 1406/1406/1409 1407/1407/1410 1405/1405/1408
f 1408/1408/1411 1409/1409/1412 1410/1410/1413
f 1407/1407/1410 1408/1408/1411 1410/1410/1413
f 1357/1357/1360 1355/1355/1358 1360/1360/1363
f 1411/1411/1414 1349/1349/1352 1351/1351/1354
f 1347/1347/1350 1349/1349/1352 1411/1411/1414
f 1412/1412/1415 1347/1347/1350 1411/1411/1414
f 1369/1369/1372 1367/1367/1370 1394/1394/1397
f 1371/1371/1374 1369/1369/1372 1394/1394/1397
f 1413/1413/1416 1363/1363/1366 1365/1365/1368
f 1361/1361/1364 1363/1363/1366 1413/1413/1416
f 1414/1414/1417 1361/1361/1364 1413/1413/1416
f 1359/1359/1362 1361/1361/1364 1414/1414/1417
f 1415/1415/1418 1359/1359/1362 1414/1414/1417
f 1416/1416/1419 1417/1417/1420 1418/1418/1421
f 1419/1419/1422 1416/1416/1419 1418/1418/1421
f 1420/1420/1423 1416/1416/1419 1419/1419/1422
f 1421/1421/1424 1420/1420/1423 1419/1419/1422
f 1422/1422/1425 1420/1420/1423 1421/1421/1424
f 1423/1423/1426 1420/1420/1423 1422/1422/1425
f 1424/1424/1427 1423/1423/1426 1422/1422/1425
f 1425/1425/1428 1424/1424/1427 1422/1422/1425
f 1426/1426/1429 1424/1424/1427 1425/1425/1428
f 1427/1427/1430 1424/1424/1427 1426/1426/1429
f 1428/1428/1431 1427/1427/1430 1426/1426/1429
f 1429/1429/1432 1428/1428/1431 1426/1426/1429
f 1430/1430/1433 1431/1431/1434 1432/1432/1435
f 1433/1433/1436 1431/1431/1434 1430/1430/1433
f 1434/1434/1437 1433/1433/1436 1430/1430/1433
f 1435/1435/1438 1433/1433/1436 1434/1434/1437
f 1436/1436/1439 1435/1435/1438 1434/1434/1437
f 1437/1437/1440 1436/1436/1439 1434/1434/1437
f 1438/1438/1441 1436/1436/1439 1437/1437/1440
f 1439/1439/1442 1436/1436/1439 1438/1438/1441
f 1440/1440/1443 1439/1439/1442 1438/1438/1441
f 1441/1441/1444 1440/1440/1443 1438/1438/1441
f 1442/1442/1445 1440/1440/1443 1441/1441/1444
f 1443/1443/1446 1442/1442/1445 1441/1441/1444
f 1444/1444/1447 1445/1445/1448 1446/1446/1449
f 1447/1447/1450 1445/1445/1448 1444/1444/1447
f 1448/1448/1451 1447/1447/1450 1444/1444/1447
f 1449/1449/1452 1447/1447/1450 1448/1448/1451
f 1450/1450/1453 1449/1449/1452 1448/1448/1451
f 1451/1451/1454 1450/1450/1453 1448/1448/1451
f 1452/1452/1455 1450/1450/1453 1451/1451/1454
f 1453/1453/1456 1450/1450/1453 1452/1452/1455
f 1454/1454/1457 1453/1453/1456 1452/1452/1455
f 1455/1455/1458 1454/1454/1457 1452/1452/1455
f 1456/1456/1459 1454/1454/1457 1455/1455/1458
f 1457/1457/1460 1456/1456/1459 1455/1455/1458
f 1458/1458/1461 1459/1459/1462 1460/1460/1463
f 1461/1461/1464 1459/1459/1462 1458/1458/1461
f 1462/1462/1465 1461/1461/1464 1458/1458/1461
f 1463/1463/1466 1462/1462/1465 1458/1458/1461
f 1464/1464/1467 1462/1462/1465 1463/1463/1466
f 1465/1465/1468 1462/1462/1465 1464/1464/1467
f 1466/1466/1469 1465/1465/1468 1464/1464/1467
f 1467/1467/1470 1466/1466/1469 1464/1464/1467
f 1468/1468/1471 1466/1466/1469 1467/1467/1470
f 1469/1469/1472 1466/1466/1469 1468/1468/1471
f 1470/1470/1473 1469/1469/1472 1468/1468/1471
f 1471/1471/1474 1469/1469/1472 1470/1470/1473
f 1472/1472/1475 1473/1473/1476 1474/1474/1477
f 1475/1475/1478 1476/1476/1479 1477/1477/1480
f 1478/1478/1481 1476/1476/1479 1475/1475/1478
f 1479/1479/1482 1478/1478/1481 1475/1475/1478
f 1480/1480/1483 1478/1478/1481 1479/1479/1482
f 1481/1481/1484 1480/1480/1483 1479/1479/1482
f 1482/1482/1485 1480/1480/1483 1481/1481/1484
f 1483/1483/1486 1482/1482/1485 1481/1481/1484
f 1474/1474/1477 1482/1482/1485 1483/1483/1486
f 1484/1484/1487 1482/1482/1485 1474/1474/1477
f 1473/1473/1476 1484/1484/1487 1474/1474/1477
f 1485/1485/1488 1484/1484/1487 1473/1473/1476
f 1486/1486/1489 1484/1484/1487 1485/1485/1488
f 1487/1487/1490 1486/1486/1489 1485/1485/1488
f 1488/1488/1491 1486/1486/1489 1487/1487/1490
f 1489/1489/1492 1488/1488/1491 1487/1487/1490
f 1490/1490/1493 1488/1488/1491 1489/1489/1492
f 1491/1491/1494 1490/1490/1493 1489/1489/1492
f 1492/1492/1495 1490/1490/1493 1491/1491/1494
f 1493/1493/1496 1492/1492/1495 1491/1491/1494
f 1494/1494/1497 1492/1492/1495 1493/1493/1496
f 1495/1495/1498 1492/1492/1495 1494/1494/1497
f 1496/1496/1499 1495/1495/1498 1494/1494/1497
f 1497/1497/1500 1495/1495/1498 1496/1496/1499
f 1498/1498/1501 1495/1495/1498 1497/1497/1500
f 1499/1499/1502 1498/1498/1501 1497/1497/1500
f 1500/1500/1503 1498/1498/1501 1499/1499/1502
f 1501/1501/1504 1500/1500/1503 1499/1499/1502
f 1502/1502/1505 1500/1500/1503 1501/1501/1504
f 1503/1503/1506 1502/1502/1505 1501/1501/1504
f 1504/1504/1507 1502/1502/1505 1503/1503/1506
f 1505/1505/1508 1504/1504/1507 1503/1503/1506
f 1506/1506/1509 1504/1504/1507 1505/1505/1508
f 1507/1507/1510 1506/1506/1509 1505/1505/1508
f 1508/1508/1511 1506/1506/1509 1507/1507/1510
f 1509/1509/1512 1508/1508/1511 1507/1507/1510
f 1510/1510/1513 1508/1508/1511 1509/1509/1512
f 1511/1511/1514 1508/1508/1511 1510/1510/1513
f 1512/1512/1515 1511/1511/1514 1510/1510/1513
f 1513/1513/1516 1511/1511/1514 1512/1512/1515
f 1514/1514/1517 1513/1513/1516 1512/1512/1515
f 1515/1515/1518 1513/1513/1516 1514/1514/1517
f 1516/1516/1519 1513/1513/1516 1515/1515/1518
f 1517/1517/1520 1516/1516/1519 1515/1515/1518
f 1518/1518/1521 1516/1516/1519 1517/1517/1520
f 1519/1519/1522 1518/1518/1521 1517/1517/1520
f 1520/1520/1523 1518/1518/1521 1519/1519/1522
f 1521/1521/1524 1520/1520/1523 1519/1519/1522
f 1522/1522/1525 1520/1520/1523 1521/1521/1524
f 1523/1523/1526 1520/1520/1523 1522/1522/1525
f 1524/1524/1527 1523/1523/1526 1522/1522/1525
f 1525/1525/1528 1523/1523/1526 1524/1524/1527
f 1476/1476/1479 1525/1525/1528 1524/1524/1527
f 1478/1478/1481 1525/1525/1528 1476/1476/1479
f 1526/1526/1529 1525/1525/1528 1478/1478/1481
f 1480/1480/1483 1526/1526/1529 1478/1478/1481
f 1527/1527/1530 1526/1526/1529 1480/1480/1483
f 1528/1528/1531 1527/1527/1530 1480/1480/1483
f 1529/1529/1532 1527/1527/1530 1528/1528/1531
f 1484/1484/1487 1529/1529/1532 1528/1528/1531
f 1486/1486/1489 1529/1529/1532 1484/1484/1487
f 1488/1488/1491 1529/1529/1532 1486/1486/1489
f 1530/1530/1533 1529/1529/1532 1488/1488/1491
f 1531/1531/1534 1530/1530/1533 1488/1488/1491
f 1532/1532/1535 1530/1530/1533 1531/1531/1534
f 1533/1533/1536 1532/1532/1535 1531/1531/1534
f 1534/1534/1537 1532/1532/1535 1533/1533/1536
f 1535/1535/1538 1534/1534/1537 1533/1533/1536
f 1536/1536/1539 1534/1534/1537 1535/1535/1538
f 1537/1537/1540 1536/1536/1539 1535/1535/1538
f 1538/1538/1541 1536/1536/1539 1537/1537/1540
f 1539/1539/1542 1538/1538/1541 1537/1537/1540
f 1513/1513/1516 1538/1538/1541 1539/1539/1542
f 1511/1511/1514 1513/1513/1516 1539/1539/1542
f 1540/1540/1543 1511/1511/1514 1539/1539/1542
f 1541/1541/1544 1511/1511/1514 1540/1540/1543
f 1542/1542/1545 1541/1541/1544 1540/1540/1543
f 1543/1543/1546 1541/1541/1544 1542/1542/1545
f 1544/1544/1547 1543/1543/1546 1542/1542/1545
f 1500/1500/1503 1543/1543/1546 1544/1544/1547
f 1498/1498/1501 1500/1500/1503 1544/1544/1547
f 1495/1495/1498 1498/1498/1501 1544/1544/1547
f 1545/1545/1548 1495/1495/1498 1544/1544/1547
f 1546/1546/1549 1495/1495/1498 1545/1545/1548
f 1547/1547/1550 1546/1546/1549 1545/1545/1548
f 1533/1533/1536 1546/1546/1549 1547/1547/1550
f 1548/1548/1551 1533/1533/1536 1547/1547/1550
f 1535/1535/1538 1533/1533/1536 1548/1548/1551
f 1537/1537/1540 1535/1535/1538 1548/1548/1551
f 1540/1540/1543 1537/1537/1540 1548/1548/1551
f 1539/1539/1542 1537/1537/1540 1540/1540/1543
f 1547/1547/1550 1540/1540/1543 1548/1548/1551
f 1542/1542/1545 1540/1540/1543 1547/1547/1550
f 1545/1545/1548 1542/1542/1545 1547/1547/1550
f 1544/1544/1547 1542/1542/1545 1545/1545/1548
f 1543/1543/1546 1549/1549/1552 1541/1541/1544
f 1541/1541/1544 1508/1508/1511 1511/1511/1514
f 1506/1506/1509 1508/1508/1511 1541/1541/1544
f 1549/1549/1552 1506/1506/1509 1541/1541/1544
f 1504/1504/1507 1506/1506/1509 1549/1549/1552
f 1543/1543/1546 1504/1504/1507 1549/1549/1552
f 1502/1502/1505 1504/1504/1507 1543/1543/1546
f 1500/1500/1503 1502/1502/1505 1543/1543/1546
f 1550/1550/1553 1492/1492/1495 1495/1495/1498
f 1546/1546/1549 1550/1550/1553 1495/1495/1498
f 1533/1533/1536 1550/1550/1553 1546/1546/1549
f 1531/1531/1534 1550/1550/1553 1533/1533/1536
f 1492/1492/1495 1550/1550/1553 1531/1531/1534
f 1490/1490/1493 1492/1492/1495 1531/1531/1534
f 1488/1488/1491 1490/1490/1493 1531/1531/1534
f 1482/1482/1485 1484/1484/1487 1528/1528/1531
f 1480/1480/1483 1482/1482/1485 1528/1528/1531
f 1551/1551/1554 1552/1552/1555 1553/1553/1556
f 1554/1554/1557 1551/1551/1554 1553/1553/1556
f 1538/1538/1541 1513/1513/1516 1516/1516/1519
f 1518/1518/1521 1538/1538/1541 1516/1516/1519
f 1555/1555/1558 1538/1538/1541 1518/1518/1521
f 1523/1523/1526 1555/1555/1558 1518/1518/1521
f 1552/1552/1555 1555/1555/1558 1523/1523/1526
f 1525/1525/1528 1552/1552/1555 1523/1523/1526
f 1526/1526/1529 1552/1552/1555 1525/1525/1528
f 1553/1553/1556 1552/1552/1555 1526/1526/1529
f 1527/1527/1530 1553/1553/1556 1526/1526/1529
f 1554/1554/1557 1553/1553/1556 1527/1527/1530
f 1529/1529/1532 1554/1554/1557 1527/1527/1530
f 1530/1530/1533 1554/1554/1557 1529/1529/1532
f 1532/1532/1535 1554/1554/1557 1530/1530/1533
f 1534/1534/1537 1554/1554/1557 1532/1532/1535
f 1551/1551/1554 1554/1554/1557 1534/1534/1537
f 1536/1536/1539 1551/1551/1554 1534/1534/1537
f 1552/1552/1555 1551/1551/1554 1536/1536/1539
f 1555/1555/1558 1552/1552/1555 1536/1536/1539
f 1538/1538/1541 1555/1555/1558 1536/1536/1539
f 1523/1523/1526 1518/1518/1521 1520/1520/1523
f 1496/1496/1499 1494/1494/1497 1556/1556/1559
f 1524/1524/1527 1477/1477/1480 1476/1476/1479
f 1557/1557/1560 1477/1477/1480 1524/1524/1527
f 1522/1522/1525 1557/1557/1560 1524/1524/1527
f 1558/1558/1561 1557/1557/1560 1522/1522/1525
f 1559/1559/1562 1514/1514/1517 1512/1512/1515
f 1510/1510/1513 1559/1559/1562 1512/1512/1515
f 1560/1560/1563 1559/1559/1562 1510/1510/1513
f 1561/1561/1564 1562/1562/1565 1563/1563/1566
f 1564/1564/1567 1565/1565/1568 1566/1566/1569
f 1567/1567/1570 1565/1565/1568 1564/1564/1567
f 1568/1568/1571 1567/1567/1570 1564/1564/1567
f 1569/1569/1572 1567/1567/1570 1568/1568/1571
f 1570/1570/1573 1569/1569/1572 1568/1568/1571
f 1571/1571/1574 1569/1569/1572 1570/1570/1573
f 1572/1572/1575 1571/1571/1574 1570/1570/1573
f 1573/1573/1576 1571/1571/1574 1572/1572/1575
f 1574/1574/1577 1573/1573/1576 1572/1572/1575
f 1575/1575/1578 1573/1573/1576 1574/1574/1577
f 1576/1576/1579 1575/1575/1578 1574/1574/1577
f 1577/1577/1580 1575/1575/1578 1576/1576/1579
f 1578/1578/1581 1577/1577/1580 1576/1576/1579
f 1579/1579/1582 1577/1577/1580 1578/1578/1581
f 1580/1580/1583 1579/1579/1582 1578/1578/1581
f 1581/1581/1584 1579/1579/1582 1580/1580/1583
f 1582/1582/1585 1579/1579/1582 1581/1581/1584
f 1583/1583/1586 1582/1582/1585 1581/1581/1584
f 1584/1584/1587 1582/1582/1585 1583/1583/1586
f 1585/1585/1588 1584/1584/1587 1583/1583/1586
f 1586/1586/1589 1584/1584/1587 1585/1585/1588
f 1587/1587/1590 1584/1584/1587 1586/1586/1589
f 1588/1588/1591 1587/1587/1590 1586/1586/1589
f 1589/1589/1592 1587/1587/1590 1588/1588/1591
f 1590/1590/1593 1589/1589/1592 1588/1588/1591
f 1591/1591/1594 1589/1589/1592 1590/1590/1593
f 1592/1592/1595 1591/1591/1594 1590/1590/1593
f 1593/1593/1596 1591/1591/1594 1592/1592/1595
f 1594/1594/1597 1591/1591/1594 1593/1593/1596
f 1595/1595/1598 1594/1594/1597 1593/1593/1596
f 1596/1596/1599 1594/1594/1597 1595/1595/1598
f 1597/1597/1600 1596/1596/1599 1595/1595/1598
f 1598/1598/1601 1596/1596/1599 1597/1597/1600
f 1599/1599/1602 1598/1598/1601 1597/1597/1600
f 1600/1600/1603 1598/1598/1601 1599/1599/1602
f 1601/1601/1604 1598/1598/1601 1600/1600/1603
f 1602/1602/1605 1601/1601/1604 1600/1600/1603
f 1603/1603/1606 1601/1601/1604 1602/1602/1605
f 1604/1604/1607 1603/1603/1606 1602/1602/1605
f 1562/1562/1565 1603/1603/1606 1604/1604/1607
f 1605/1605/1608 1603/1603/1606 1562/1562/1565
f 1561/1561/1564 1605/1605/1608 1562/1562/1565
f 1606/1606/1609 1605/1605/1608 1561/1561/1564
f 1607/1607/1610 1605/1605/1608 1606/1606/1609
f 1608/1608/1611 1607/1607/1610 1606/1606/1609
f 1609/1609/1612 1607/1607/1610 1608/1608/1611
f 1610/1610/1613 1609/1609/1612 1608/1608/1611
f 1611/1611/1614 1609/1609/1612 1610/1610/1613
f 1612/1612/1615 1611/1611/1614 1610/1610/1613
f 1613/1613/1616 1611/1611/1614 1612/1612/1615
f 1614/1614/1617 1613/1613/1616 1612/1612/1615
f 1565/1565/1568 1613/1613/1616 1614/1614/1617
f 1567/1567/1570 1613/1613/1616 1565/1565/1568
f 1615/1615/1618 1613/1613/1616 1567/1567/1570
f 1616/1616/1619 1615/1615/1618 1567/1567/1570
f 1617/1617/1620 1615/1615/1618 1616/1616/1619
f 1618/1618/1621 1617/1617/1620 1616/1616/1619
f 1619/1619/1622 1617/1617/1620 1618/1618/1621
f 1620/1620/1623 1619/1619/1622 1618/1618/1621
f 1621/1621/1624 1619/1619/1622 1620/1620/1623
f 1622/1622/1625 1621/1621/1624 1620/1620/1623
f 1623/1623/1626 1621/1621/1624 1622/1622/1625
f 1584/1584/1587 1623/1623/1626 1622/1622/1625
f 1587/1587/1590 1623/1623/1626 1584/1584/1587
f 1589/1589/1592 1623/1623/1626 1587/1587/1590
f 1624/1624/1627 1623/1623/1626 1589/1589/1592
f 1594/1594/1597 1624/1624/1627 1589/1589/1592
f 1625/1625/1628 1624/1624/1627 1594/1594/1597
f 1596/1596/1599 1625/1625/1628 1594/1594/1597
f 1626/1626/1629 1625/1625/1628 1596/1596/1599
f 1598/1598/1601 1626/1626/1629 1596/1596/1599
f 1601/1601/1604 1626/1626/1629 1598/1598/1601
f 1627/1627/1630 1626/1626/1629 1601/1601/1604
f 1628/1628/1631 1627/1627/1630 1601/1601/1604
f 1629/1629/1632 1627/1627/1630 1628/1628/1631
f 1605/1605/1608 1629/1629/1632 1628/1628/1631
f 1607/1607/1610 1629/1629/1632 1605/1605/1608
f 1609/1609/1612 1629/1629/1632 1607/1607/1610
f 1630/1630/1633 1629/1629/1632 1609/1609/1612
f 1631/1631/1634 1630/1630/1633 1609/1609/1612
f 1632/1632/1635 1630/1630/1633 1631/1631/1634
f 1617/1617/1620 1632/1632/1635 1631/1631/1634
f 1633/1633/1636 1632/1632/1635 1617/1617/1620
f 1634/1634/1637 1633/1633/1636 1617/1617/1620
f 1635/1635/1638 1633/1633/1636 1634/1634/1637
f 1621/1621/1624 1635/1635/1638 1634/1634/1637
f 1623/1623/1626 1635/1635/1638 1621/1621/1624
f 1624/1624/1627 1635/1635/1638 1623/1623/1626
f 1625/1625/1628 1635/1635/1638 1624/1624/1627
f 1636/1636/1639 1635/1635/1638 1625/1625/1628
f 1637/1637/1640 1636/1636/1639 1625/1625/1628
f 1638/1638/1641 1636/1636/1639 1637/1637/1640
f 1627/1627/1630 1638/1638/1641 1637/1637/1640
f 1629/1629/1632 1638/1638/1641 1627/1627/1630
f 1630/1630/1633 1638/1638/1641 1629/1629/1632
f 1632/1632/1635 1638/1638/1641 1630/1630/1633
f 1633/1633/1636 1638/1638/1641 1632/1632/1635
f 1636/1636/1639 1638/1638/1641 1633/1633/1636
f 1635/1635/1638 1636/1636/1639 1633/1633/1636
f 1619/1619/1622 1621/1621/1624 1634/1634/1637
f 1617/1617/1620 1619/1619/1622 1634/1634/1637
f 1637/1637/1640 1625/1625/1628 1626/1626/1629
f 1627/1627/1630 1637/1637/1640 1626/1626/1629
f 1631/1631/1634 1609/1609/1612 1611/1611/1614
f 1613/1613/1616 1631/1631/1634 1611/1611/1614
f 1615/1615/1618 1631/1631/1634 1613/1613/1616
f 1617/1617/1620 1631/1631/1634 1615/1615/1618
f 1639/1639/1642 1640/1640/1643 1641/1641/1644
f 1642/1642/1645 1640/1640/1643 1639/1639/1642
f 1582/1582/1585 1622/1622/1625 1620/1620/1623
f 1643/1643/1646 1582/1582/1585 1620/1620/1623
f 1579/1579/1582 1582/1582/1585 1643/1643/1646
f 1577/1577/1580 1579/1579/1582 1643/1643/1646
f 1644/1644/1647 1577/1577/1580 1643/1643/1646
f 1575/1575/1578 1577/1577/1580 1644/1644/1647
f 1641/1641/1644 1575/1575/1578 1644/1644/1647
f 1573/1573/1576 1575/1575/1578 1641/1641/1644
f 1571/1571/1574 1573/1573/1576 1641/1641/1644
f 1640/1640/1643 1571/1571/1574 1641/1641/1644
f 1569/1569/1572 1571/1571/1574 1640/1640/1643
f 1567/1567/1570 1569/1569/1572 1640/1640/1643
f 1642/1642/1645 1567/1567/1570 1640/1640/1643
f 1616/1616/1619 1567/1567/1570 1642/1642/1645
f 1618/1618/1621 1616/1616/1619 1642/1642/1645
f 1639/1639/1642 1618/1618/1621 1642/1642/1645
f 1620/1620/1623 1618/1618/1621 1639/1639/1642
f 1643/1643/1646 1620/1620/1623 1639/1639/1642
f 1641/1641/1644 1643/1643/1646 1639/1639/1642
f 1644/1644/1647 1643/1643/1646 1641/1641/1644
f 1584/1584/1587 1622/1622/1625 1582/1582/1585
f 1603/1603/1606 1605/1605/1608 1628/1628/1631
f 1601/1601/1604 1603/1603/1606 1628/1628/1631
f 1645/1645/1648 1581/1581/1584 1646/1646/1649
f 1583/1583/1586 1581/1581/1584 1645/1645/1648
f 1585/1585/1588 1583/1583/1586 1645/1645/1648
f 1647/1647/1650 1593/1593/1596 1648/1648/1651
f 1595/1595/1598 1593/1593/1596 1647/1647/1650
f 1649/1649/1652 1595/1595/1598 1647/1647/1650
f 1597/1597/1600 1595/1595/1598 1649/1649/1652
f 1599/1599/1602 1597/1597/1600 1649/1649/1652
f 1594/1594/1597 1589/1589/1592 1591/1591/1594
f 1650/1650/1653 1651/1651/1654 1652/1652/1655
f 1653/1653/1656 1651/1651/1654 1650/1650/1653
f 1654/1654/1657 1653/1653/1656 1650/1650/1653
f 1655/1655/1658 1654/1654/1657 1650/1650/1653
f 1656/1656/1659 1654/1654/1657 1655/1655/1658
f 1657/1657/1660 1654/1654/1657 1656/1656/1659
f 1658/1658/1661 1657/1657/1660 1656/1656/1659
f 1659/1659/1662 1658/1658/1661 1656/1656/1659
f 1660/1660/1663 1658/1658/1661 1659/1659/1662
f 1661/1661/1664 1658/1658/1661 1660/1660/1663
f 1662/1662/1665 1661/1661/1664 1660/1660/1663
f 1663/1663/1666 1661/1661/1664 1662/1662/1665
f 1664/1664/1667 1665/1665/1668 1666/1666/1669
f 1667/1667/1670 1665/1665/1668 1664/1664/1667
f 1668/1668/1671 1667/1667/1670 1664/1664/1667
f 1669/1669/1672 1667/1667/1670 1668/1668/1671
f 1670/1670/1673 1669/1669/1672 1668/1668/1671
f 1671/1671/1674 1670/1670/1673 1668/1668/1671
f 1672/1672/1675 1670/1670/1673 1671/1671/1674
f 1673/1673/1676 1670/1670/1673 1672/1672/1675
f 1674/1674/1677 1673/1673/1676 1672/1672/1675
f 1675/1675/1678 1674/1674/1677 1672/1672/1675
f 1676/1676/1679 1674/1674/1677 1675/1675/1678
f 1677/1677/1680 1676/1676/1679 1675/1675/1678
f 1678/1678/1681 1679/1679/1682 1680/1680/1683
f 1681/1681/1684 1679/1679/1682 1678/1678/1681
f 1682/1682/1685 1681/1681/1684 1678/1678/1681
f 1683/1683/1686 1681/1681/1684 1682/1682/1685
f 1684/1684/1687 1683/1683/1686 1682/1682/1685
f 1685/1685/1688 1684/1684/1687 1682/1682/1685
f 1686/1686/1689 1684/1684/1687 1685/1685/1688
f 1687/1687/1690 1684/1684/1687 1686/1686/1689
f 1688/1688/1691 1687/1687/1690 1686/1686/1689
f 1689/1689/1692 1688/1688/1691 1686/1686/1689
f 1690/1690/1693 1688/1688/1691 1689/1689/1692
f 1691/1691/1694 1690/1690/1693 1689/1689/1692
f 1692/1692/1695 1693/1693/1696 1694/1694/1697
f 1695/1695/1698 1693/1693/1696 1692/1692/1695
f 1696/1696/1699 1693/1693/1696 1695/1695/1698
f 1697/1697/1700 1696/1696/1699 1695/1695/1698
f 1698/1698/1701 1696/1696/1699 1697/1697/1700
f 1699/1699/1702 1696/1696/1699 1698/1698/1701
f 1700/1700/1703 1699/1699/1702 1698/1698/1701
f 1701/1701/1704 1700/1700/1703 1698/1698/1701
f 1702/1702/1705 1700/1700/1703 1701/1701/1704
f 1703/1703/1706 1700/1700/1703 1702/1702/1705
f 1704/1704/1707 1703/1703/1706 1702/1702/1705
f 1705/1705/1708 1704/1704/1707 1702/1702/1705
o Mesh-018_MeshData-018.001
v 0.181821 16.246412 0.324433
v 0.215330 16.289921 0.337502
v 0.175356 16.264725 0.330481
v 0.219293 16.282497 0.350268
v 0.183362 16.248640 0.315022
v 0.223444 16.278057 0.325137
v 0.263550 16.293898 0.361720
v 0.262493 16.289005 0.331979
v 0.320801 16.296843 0.357022
v 0.317486 16.288839 0.332664
v 0.377089 16.295158 0.331655
v 0.368596 16.284204 0.310848
v 0.409804 16.286276 0.298106
v 0.394006 16.280827 0.285337
v 0.415131 16.272755 0.262865
v 0.434260 16.275345 0.257167
v 0.421573 16.260899 0.254378
v 0.418666 16.249987 0.258336
v 0.439753 16.265865 0.242682
v 0.453620 16.283142 0.232653
v 0.441505 16.287271 0.249734
v 0.406580 16.294519 0.287189
v 0.366336 16.302013 0.324673
v 0.318935 16.302374 0.345903
v 0.266025 16.299597 0.347386
v -0.224523 16.278067 0.325137
v -0.184441 16.248650 0.315022
v -0.182902 16.246412 0.324433
v -0.220377 16.282507 0.350267
v -0.263572 16.289015 0.331979
v -0.264633 16.293909 0.361719
v -0.318567 16.288851 0.332664
v -0.321888 16.296856 0.357023
v -0.369676 16.284214 0.310847
v -0.378171 16.295170 0.331655
v -0.395095 16.280836 0.285337
v -0.410883 16.286285 0.298107
v -0.416212 16.272766 0.262863
v -0.422655 16.260908 0.254378
v -0.435340 16.275335 0.257166
v -0.419746 16.249987 0.258336
v -0.440833 16.265846 0.242684
v -0.454701 16.283102 0.232654
v -0.442587 16.287252 0.249734
v -0.407659 16.294531 0.287189
v -0.367415 16.302013 0.324674
v -0.320015 16.302383 0.345903
v -0.267107 16.299606 0.347386
v -0.216413 16.289930 0.337502
v -0.176438 16.264734 0.330481
vt 0.520500 0.948100
vt 0.578100 0.972600
vt 0.514600 0.956600
vt 0.579100 0.962400
vt 0.529800 0.940400
vt 0.582000 0.951700
vt 0.647900 0.975000
vt 0.652800 0.964200
vt 0.711900 0.980000
vt 0.712400 0.969500
vt 0.781200 0.982500
vt 0.782200 0.970600
vt 0.849100 0.976500
vt 0.836400 0.964000
vt 0.880400 0.951400
vt 0.933100 0.953500
vt 0.906200 0.942400
vt 0.926300 0.935700
vt 0.961400 0.944400
vt 0.983400 0.949100
vt 0.986800 0.971300
vt 0.862300 0.992100
vt 0.789600 0.993900
vt 0.710900 0.990400
vt 0.647500 0.985900
vt 0.582000 0.951700
vt 0.529800 0.940400
vt 0.520500 0.948100
vt 0.579100 0.962400
vt 0.652800 0.964200
vt 0.647900 0.975000
vt 0.712400 0.969500
vt 0.711900 0.980000
vt 0.782200 0.970600
vt 0.781200 0.982500
vt 0.836400 0.964000
vt 0.849100 0.976500
vt 0.880400 0.951400
vt 0.906200 0.942400
vt 0.933100 0.953500
vt 0.926300 0.935700
vt 0.961400 0.944400
vt 0.983400 0.949100
vt 0.986800 0.971300
vt 0.862300 0.992100
vt 0.789600 0.993900
vt 0.710900 0.990400
vt 0.647500 0.985900
vt 0.578100 0.972600
vt 0.514600 0.956600
vn 0.5322 -0.7008 0.4751
vn -0.5315 0.5597 0.6358
vn 0.0253 -0.3054 0.9519
vn -0.2432 -0.1689 0.9552
vn 0.6730 -0.7393 0.0242
vn 0.3920 -0.8951 0.2126
vn -0.1087 -0.0469 0.9930
vn 0.1531 -0.9728 0.1740
vn 0.2003 -0.0575 0.9781
vn 0.0515 -0.9454 0.3217
vn 0.5545 0.0003 0.8322
vn 0.1346 -0.9090 0.3945
vn 0.6895 -0.2152 0.6916
vn 0.0791 -0.9485 0.3068
vn 0.2371 -0.8020 0.5483
vn 0.6802 -0.3717 0.6318
vn -0.3881 0.1658 0.9066
vn 0.2905 -0.1350 0.9473
vn 0.7625 -0.3696 0.5310
vn 0.7975 -0.2413 0.5530
vn 0.8117 -0.0688 0.5800
vn 0.5573 0.7425 0.3716
vn 0.2988 0.8729 0.3856
vn 0.0926 0.9007 0.4244
vn -0.1619 0.9182 0.3615
vn -0.4318 -0.8779 0.2070
vn -0.6039 -0.7920 -0.0897
vn -0.4263 -0.7570 0.4952
vn 0.2576 -0.1912 0.9472
vn -0.1160 -0.9791 0.1670
vn 0.1023 -0.0467 0.9936
vn -0.0474 -0.9574 0.2848
vn -0.2214 -0.0358 0.9745
vn -0.1987 -0.9049 0.3764
vn -0.6169 0.0139 0.7869
vn -0.0761 -0.9345 0.3477
vn -0.6337 -0.1892 0.7501
vn 0.7517 -0.6458 0.1341
vn 0.4485 0.0099 0.8937
vn -0.7385 -0.3395 0.5825
vn -0.2905 -0.1350 0.9473
vn -0.7623 -0.3696 0.5313
vn -0.7973 -0.2414 0.5532
vn -0.8117 -0.0690 0.5800
vn -0.5475 0.7376 0.3953
vn -0.3168 0.8625 0.3946
vn -0.1034 0.8983 0.4271
vn 0.1313 0.9287 0.3468
vn 0.5557 0.5607 0.6138
vn -0.0253 -0.3053 0.9519
usemtl Material-3ad0.000
s 1
f 1706/1706/1709 1707/1707/1710 1708/1708/1711
f 1709/1709/1712 1707/1707/1710 1706/1706/1709
f 1710/1710/1713 1709/1709/1712 1706/1706/1709
f 1711/1711/1714 1709/1709/1712 1710/1710/1713
f 1712/1712/1715 1709/1709/1712 1711/1711/1714
f 1713/1713/1716 1712/1712/1715 1711/1711/1714
f 1714/1714/1717 1712/1712/1715 1713/1713/1716
f 1715/1715/1718 1714/1714/1717 1713/1713/1716
f 1716/1716/1719 1714/1714/1717 1715/1715/1718
f 1717/1717/1720 1716/1716/1719 1715/1715/1718
f 1718/1718/1721 1716/1716/1719 1717/1717/1720
f 1719/1719/1722 1718/1718/1721 1717/1717/1720
f 1720/1720/1723 1718/1718/1721 1719/1719/1722
f 1721/1721/1724 1718/1718/1721 1720/1720/1723
f 1722/1722/1725 1721/1721/1724 1720/1720/1723
f 1723/1723/1726 1721/1721/1724 1722/1722/1725
f 1724/1724/1727 1721/1721/1724 1723/1723/1726
f 1725/1725/1728 1721/1721/1724 1724/1724/1727
f 1726/1726/1729 1721/1721/1724 1725/1725/1728
f 1718/1718/1721 1721/1721/1724 1726/1726/1729
f 1727/1727/1730 1718/1718/1721 1726/1726/1729
f 1716/1716/1719 1718/1718/1721 1727/1727/1730
f 1728/1728/1731 1716/1716/1719 1727/1727/1730
f 1714/1714/1717 1716/1716/1719 1728/1728/1731
f 1729/1729/1732 1714/1714/1717 1728/1728/1731
f 1712/1712/1715 1714/1714/1717 1729/1729/1732
f 1730/1730/1733 1712/1712/1715 1729/1729/1732
f 1709/1709/1712 1712/1712/1715 1730/1730/1733
f 1707/1707/1710 1709/1709/1712 1730/1730/1733
f 1731/1731/1734 1732/1732/1735 1733/1733/1736
f 1734/1734/1737 1731/1731/1734 1733/1733/1736
f 1735/1735/1738 1731/1731/1734 1734/1734/1737
f 1736/1736/1739 1735/1735/1738 1734/1734/1737
f 1737/1737/1740 1735/1735/1738 1736/1736/1739
f 1738/1738/1741 1737/1737/1740 1736/1736/1739
f 1739/1739/1742 1737/1737/1740 1738/1738/1741
f 1740/1740/1743 1739/1739/1742 1738/1738/1741
f 1741/1741/1744 1739/1739/1742 1740/1740/1743
f 1742/1742/1745 1741/1741/1744 1740/1740/1743
f 1743/1743/1746 1741/1741/1744 1742/1742/1745
f 1744/1744/1747 1743/1743/1746 1742/1742/1745
f 1745/1745/1748 1744/1744/1747 1742/1742/1745
f 1746/1746/1749 1744/1744/1747 1745/1745/1748
f 1747/1747/1750 1746/1746/1749 1745/1745/1748
f 1748/1748/1751 1747/1747/1750 1745/1745/1748
f 1749/1749/1752 1748/1748/1751 1745/1745/1748
f 1742/1742/1745 1749/1749/1752 1745/1745/1748
f 1750/1750/1753 1749/1749/1752 1742/1742/1745
f 1751/1751/1754 1750/1750/1753 1742/1742/1745
f 1740/1740/1743 1751/1751/1754 1742/1742/1745
f 1752/1752/1755 1751/1751/1754 1740/1740/1743
f 1738/1738/1741 1752/1752/1755 1740/1740/1743
f 1736/1736/1739 1752/1752/1755 1738/1738/1741
f 1753/1753/1756 1752/1752/1755 1736/1736/1739
f 1754/1754/1757 1753/1753/1756 1736/1736/1739
f 1734/1734/1737 1754/1754/1757 1736/1736/1739
f 1733/1733/1736 1754/1754/1757 1734/1734/1737
f 1755/1755/1758 1754/1754/1757 1733/1733/1736
o Mesh-001_MeshData-001.001
v 0.322324 -0.023786 -0.379845
v 0.429557 -0.036335 -0.933474
v 0.892789 -0.040805 -1.130717
v 1.356021 -0.036335 -0.933474
v 1.548559 -0.023786 -0.379837
v -1.356021 -0.036335 -0.933474
v -0.322324 -0.023786 -0.379845
v -1.548559 -0.023786 -0.379837
v -0.892789 -0.040805 -1.130717
v -0.429557 -0.036335 -0.933474
v 1.608825 12.008930 -1.916340
v 1.667340 11.599632 -2.373629
v 1.601654 11.610519 -1.904392
v 1.673393 11.999063 -2.377267
v 2.088732 11.579355 -2.670330
v 1.591569 12.435267 -1.943376
v 2.093376 11.994776 -2.614102
v 2.470054 11.598164 -2.438029
v 1.646859 12.427585 -2.353362
v 1.539311 12.849010 -1.999686
v 2.465894 11.995896 -2.440580
v 2.601300 11.609081 -1.983677
v 2.057272 12.431433 -2.561802
v 1.578090 12.846849 -2.273722
v 1.520426 13.414575 -1.967468
v 2.594890 12.004237 -1.994137
v 2.364892 11.652799 -1.561536
v 2.443716 12.443051 -2.409309
v 1.983795 12.871754 -2.417616
v 1.539704 13.319860 -2.383183
v 1.389627 13.628214 -1.945627
v 2.348449 12.016021 -1.606187
v 1.893555 11.653534 -1.523416
v 2.553729 12.454498 -2.013270
v 2.328809 12.907693 -2.313480
v 1.936341 13.334175 -2.581247
v 1.455336 13.622354 -2.426169
v 1.308294 13.843514 -1.962653
v -2.602591 11.609079 -1.983677
v -2.366185 11.652797 -1.561536
v -2.349684 12.015759 -1.606132
v -2.595940 12.007954 -1.994231
v -2.471346 11.598162 -2.438028
v -2.467067 11.997186 -2.440611
v -2.090026 11.579354 -2.670330
v -2.094659 11.993181 -2.614169
v -1.668632 11.599630 -2.373630
v -1.674819 12.001261 -2.377303
v -1.602946 11.610518 -1.904391
v -1.610316 12.012477 -1.916440
v -1.625012 12.428056 -2.343949
v -1.567428 12.435574 -1.948756
v -1.579336 12.844966 -2.273446
v -1.540560 12.845938 -1.999750
v -1.540744 13.319880 -2.383189
v -1.521465 13.414595 -1.967464
v -1.456381 13.622354 -2.426169
v -1.390671 13.628214 -1.945627
v -1.351211 13.886331 -2.414751
v -1.309338 13.843514 -1.962653
v -1.168254 14.123053 -2.450839
v -1.156118 14.076359 -2.000443
v -0.947183 14.273184 -2.456067
v -0.954167 14.224134 -2.001378
v -0.588703 14.388340 -2.473852
v -0.600346 14.341348 -1.991051
v -0.000522 14.429008 -2.464218
v -0.000522 14.386184 -1.994391
v 0.587658 14.388340 -2.473852
v 0.599301 14.341348 -1.991051
v 0.946139 14.273184 -2.456067
v 0.953122 14.224134 -2.001378
v 1.167209 14.123053 -2.450839
v 1.155073 14.076359 -2.000443
v 1.350167 13.886331 -2.414751
v 1.822906 13.817966 -2.672757
v 2.319245 13.399396 -2.423125
v 2.407500 12.909988 -2.047150
v 2.344115 12.457491 -1.669789
v 1.906520 12.018440 -1.570488
v 1.601654 11.610519 -1.904392
v 1.608825 12.008930 -1.916340
v 1.931887 12.449162 -1.637910
v 1.591569 12.435267 -1.943376
v 1.891601 12.895638 -1.792838
v 1.539311 12.849010 -1.999686
v 1.796754 13.333475 -1.659391
v 1.520426 13.414575 -1.967468
v 1.745330 13.837969 -1.594726
v 1.389627 13.628214 -1.945627
v 1.585202 14.199290 -1.615126
v 1.308294 13.843514 -1.962653
v 1.351828 14.497723 -1.670444
v 1.155073 14.076359 -2.000443
v 0.980557 14.670150 -1.670346
v 0.953122 14.224134 -2.001378
v 0.541870 14.587143 -1.646313
v 0.599301 14.341348 -1.991051
v -0.000522 14.584959 -1.664583
v -0.000522 14.386184 -1.994391
v -0.542914 14.587143 -1.646313
v -0.600346 14.341348 -1.991051
v -0.981602 14.670150 -1.670346
v -0.954167 14.224134 -2.001378
v -1.352872 14.497723 -1.670444
v -1.156118 14.076359 -2.000443
v -1.586247 14.199290 -1.615126
v -1.309338 13.843514 -1.962653
v -1.746375 13.837969 -1.594726
v -1.390671 13.628214 -1.945627
v -1.797798 13.333485 -1.659387
v -1.521465 13.414595 -1.967464
v -1.892786 12.896509 -1.792846
v -1.540560 12.845938 -1.999750
v -1.921729 12.448844 -1.650110
v -1.567428 12.435574 -1.948756
v -1.907825 12.017540 -1.570393
v -1.610316 12.012477 -1.916440
v -1.894848 11.653531 -1.523415
v -1.602946 11.610518 -1.904391
v 2.256467 12.924046 -1.814870
v 2.279814 13.394857 -1.696620
v 2.135414 14.087036 -1.637361
v 1.909937 14.570554 -1.668154
v 1.464222 14.860035 -1.709346
v 0.969183 15.035872 -1.710112
v 0.485058 15.071823 -1.694183
v -0.000522 15.007529 -1.711679
v -0.486103 15.071823 -1.694183
v -0.970228 15.035872 -1.710112
v -1.465267 14.860035 -1.709346
v -1.910981 14.570554 -1.668154
v -2.136459 14.087036 -1.637361
v -2.280858 13.394846 -1.696621
v -2.257825 12.924285 -1.814952
v -2.360619 12.457217 -1.681782
v 2.434753 13.390541 -2.034423
v 2.323225 14.104819 -2.038182
v 1.998146 14.666871 -2.040916
v 1.519396 15.015740 -2.087742
v 0.961528 15.225871 -2.096714
v 0.454504 15.269787 -2.096063
v -0.000522 15.199349 -2.097836
v -0.455549 15.269787 -2.096063
v -0.962573 15.225871 -2.096714
v -1.520441 15.015740 -2.087742
v -1.999190 14.666871 -2.040916
v -2.324269 14.104819 -2.038182
v -2.435797 13.390511 -2.034423
v -2.408858 12.906020 -2.047079
v -2.581020 12.454254 -2.016008
v 2.198903 14.073186 -2.501368
v 1.912705 14.560706 -2.494068
v 1.481320 14.898794 -2.528466
v 0.963786 15.107444 -2.539220
v 0.470090 15.150302 -2.553425
v -0.000522 15.082997 -2.537882
v -0.471134 15.150302 -2.553425
v -0.964831 15.107444 -2.539220
v -1.482365 14.898794 -2.528466
v -1.913749 14.560706 -2.494068
v -2.199947 14.073186 -2.501368
v -2.320288 13.399376 -2.423123
v -2.330165 12.906336 -2.313375
v -2.466095 12.443262 -2.398639
v 1.659054 14.258184 -2.652668
v 1.386640 14.569814 -2.690212
v 0.976226 14.766802 -2.699148
v 0.521754 14.786568 -2.720322
v -0.000522 14.779849 -2.698516
v -0.522798 14.786568 -2.720322
v -0.977271 14.766802 -2.699148
v -1.387685 14.569814 -2.690212
v -1.660098 14.258184 -2.652668
v -1.823951 13.817966 -2.672757
v -1.937385 13.334175 -2.581248
v -1.985078 12.873274 -2.417666
v -2.056132 12.431628 -2.549567
v 2.364892 11.652799 -1.561536
v 2.470054 11.598164 -2.438029
v 2.601300 11.609081 -1.983677
v 2.088732 11.579355 -2.670330
v 1.893555 11.653534 -1.523416
v 1.601654 11.610519 -1.904392
v 1.667340 11.599632 -2.373629
v -2.090026 11.579354 -2.670330
v -2.602591 11.609079 -1.983677
v -2.471346 11.598162 -2.438028
v -2.366185 11.652797 -1.561536
v -1.894848 11.653531 -1.523415
v -1.668632 11.599630 -2.373630
v -1.602946 11.610518 -1.904391
v 1.307090 12.670597 -2.958554
v 1.547716 12.682373 -2.438929
v 1.443172 11.639484 -2.931509
v 1.499334 13.478763 -2.454180
v 1.282449 13.405590 -2.896061
v 1.233749 13.634120 -2.452549
v 1.103455 13.405590 -2.896061
v 1.207717 12.670597 -2.958554
v 1.068271 11.639484 -2.931509
v 1.256920 11.601299 -2.452417
v 1.455702 11.574602 -2.445370
v 1.102245 11.716606 -2.132575
v 1.470798 11.822737 -1.986364
v 1.207717 12.693597 -1.943764
v 1.367232 12.693597 -1.943764
v 1.103455 13.470577 -2.001509
v 1.282449 13.483804 -2.001808
v 1.672832 11.775727 -2.461523
v -1.173722 11.606812 -2.143501
v -1.297329 11.516647 -2.453770
v -0.669384 11.433034 -2.060203
v -1.339311 11.902557 -1.852215
v -1.297329 11.516647 -2.453770
v -1.173722 11.606812 -2.143501
v -1.480348 12.087101 -2.466700
v -1.223179 12.858418 -1.885079
v -1.351992 12.845944 -2.435442
v -1.308333 11.887190 -3.111032
v -1.223179 12.832586 -3.024845
v -0.611318 12.829066 -3.180138
v -0.676891 11.694564 -3.341357
v -1.292019 11.598123 -2.926634
v -0.669384 11.411681 -3.002315
v -0.739903 11.329345 -2.449525
v 0.000543 11.403328 -2.024389
v 0.000543 11.296813 -2.448788
v 0.670471 11.433034 -2.060203
v -1.128110 13.707298 -1.949396
v -1.246916 13.752643 -2.452849
v -1.036880 13.677983 -2.955106
v 0.000543 12.828042 -3.225424
v 0.000543 11.685952 -3.399557
v 0.000543 11.379961 -3.055362
v 0.740989 11.329345 -2.449525
v 1.174808 11.606812 -2.143501
v 1.298415 11.516647 -2.453770
v 0.670471 11.411681 -3.002315
v 1.293105 11.598123 -2.926634
v 1.309419 11.887190 -3.111032
v 1.481435 12.087101 -2.466700
v 1.353079 12.845944 -2.435442
v 1.224266 12.724922 -1.787621
v 1.129197 13.707298 -1.949396
v 1.248002 13.752643 -2.452849
v 0.989709 14.092983 -2.059937
v 1.093832 14.166527 -2.462230
v 1.129197 13.540829 -2.951998
v 0.989709 14.078801 -2.685670
v -0.988623 14.078801 -2.685670
v -1.092746 14.166527 -2.462230
v -0.988623 14.090332 -2.176930
v 1.340397 11.902557 -1.852215
v 1.298415 11.516647 -2.453770
v 1.174808 11.606812 -2.143501
v 0.612405 12.829066 -3.180138
v 1.224266 12.832586 -3.024845
v 0.677977 11.694564 -3.341357
v -0.988623 14.090332 -2.176930
v -1.128110 13.707298 -1.949396
v -0.563784 14.266419 -2.113744
v -0.669384 11.433034 -2.060203
v 0.000543 11.403328 -2.024389
v 0.000543 11.721724 -1.821171
v -0.676891 11.728319 -1.851954
v -1.173722 11.606812 -2.143501
v -1.339311 11.902557 -1.852215
v -0.611318 12.858418 -1.885079
v -1.223179 12.858418 -1.885079
v -0.570107 14.005387 -1.937396
v 0.000543 14.297762 -2.069378
v 0.000543 14.013231 -1.911254
v 0.564870 14.266419 -2.113744
v 0.571194 14.005387 -1.937396
v 0.989709 14.092983 -2.059937
v 1.129197 13.707298 -1.949396
v 0.612405 12.858418 -1.885079
v 1.224266 12.724922 -1.787621
v 0.677977 11.728319 -1.851954
v 1.340397 11.902557 -1.852215
v 0.670471 11.433034 -2.060203
v 1.174808 11.606812 -2.143501
v 0.000543 12.858418 -1.885079
v -1.546630 12.682373 -2.438929
v -1.671745 11.775727 -2.461523
v -1.469712 11.822737 -1.986364
v -1.366145 12.693597 -1.943764
v -1.498248 13.478763 -2.454180
v -1.281362 13.483804 -2.001808
v -1.232662 13.634120 -2.452549
v -1.102369 13.470577 -2.001509
v -1.206631 12.693597 -1.943764
v -1.101158 11.716606 -2.132575
v -1.255833 11.601299 -2.452417
v -1.454616 11.574602 -2.445370
v -1.067184 11.639484 -2.931509
v -1.442085 11.639484 -2.931509
v -1.206631 12.670597 -2.958554
v -1.306004 12.670597 -2.958554
v -1.102369 13.405590 -2.896061
v -1.281362 13.405590 -2.896061
v 1.548655 0.256031 0.052225
v 1.558326 0.242181 -0.386902
v 1.672866 0.461441 -0.369535
v 1.607433 0.506532 0.285926
v 1.532019 1.136302 -0.390559
v 1.553984 0.270123 0.487782
v 1.687294 0.469627 0.676685
v 1.762255 0.248724 1.131167
v 1.695730 0.411006 1.130412
v 1.420283 0.703456 1.154145
v 1.393523 0.902405 0.476947
v 1.420060 1.251173 0.090991
v 1.582227 1.333389 -0.441203
v 1.363472 1.575943 0.037332
v 1.501178 2.195391 -0.453185
v 1.323352 2.180377 0.008461
v 1.550292 2.806053 -0.479736
v 1.323351 2.730506 0.004608
v 1.624098 3.815294 -0.530162
v 0.884057 0.828300 1.177670
v 0.922369 1.580247 0.183506
v 0.938569 2.147139 0.161668
v 0.470349 1.575588 0.037221
v 0.465129 1.252750 0.160570
v 0.920430 1.290352 0.289966
v 0.885249 1.023825 0.683854
v 0.404993 0.703576 1.159434
v 0.426398 0.902504 0.481291
v 0.475260 2.681996 0.005707
v 0.521251 2.104817 -0.004847
v 0.939331 2.715240 0.177416
v 0.934382 3.595161 0.227792
v 0.487743 3.629411 0.054214
v 0.926859 4.813025 0.357863
v 0.491539 4.237900 0.089408
v 0.550385 4.841155 0.103058
v 0.349443 4.875768 -0.259437
v 0.345181 4.520925 -0.267076
v 0.075693 4.546131 -0.492814
v 0.207711 4.382451 -0.490236
v 0.277720 4.552665 -0.695024
v 0.374921 4.333445 -1.085940
v 0.397577 4.914827 -1.129117
v 0.934715 4.354420 -1.287408
v 0.917564 4.899591 -1.275660
v 1.470268 4.333241 -1.096794
v 1.437471 4.914682 -1.121164
v 1.555949 4.912359 -0.720341
v 1.560507 4.512587 -0.690307
v 1.790656 4.905938 -0.500258
v 1.771202 4.502428 -0.488223
v 1.605594 4.302250 -0.480799
v 1.624098 3.815294 -0.530162
v 1.417633 3.783638 -1.095606
v 1.550292 2.806053 -0.479736
v 1.430029 2.796317 -0.971736
v 1.501178 2.195391 -0.453185
v 1.359790 1.936785 -0.875214
v 1.582227 1.333389 -0.441203
v 1.446862 1.354419 -0.945514
v 1.382292 1.307878 -0.882340
v 0.910075 1.380160 -1.255121
v 0.889655 1.247817 -1.114934
v 0.473300 1.279728 -0.925217
v 0.396624 0.829423 -1.010014
v 0.307645 1.136172 -0.395109
v 0.191996 0.489536 -0.370343
v 0.278664 0.374893 0.282757
v 0.325623 0.256036 0.052432
v 0.392812 0.243794 0.571215
v 0.257810 0.363650 0.679087
v 0.125862 0.243579 1.127824
v 0.171735 0.408971 1.122855
v 0.233617 1.374064 -0.411386
v 1.384000 3.607737 0.032054
v 1.605594 4.302250 -0.480799
v 1.368625 4.215722 0.066736
v 1.553233 4.460029 -0.282681
v 1.342963 4.841155 0.103058
v 1.572436 4.872165 -0.259563
v 1.790656 4.905938 -0.500258
v 1.771202 4.502428 -0.488223
v 0.335136 2.056790 -0.476050
v 0.296659 2.702625 -0.477392
v 0.493714 1.812562 -0.885189
v 0.374580 2.740712 -0.936805
v 0.913577 2.022149 -1.184149
v 0.940868 2.776032 -1.198806
v 0.933908 3.843578 -1.276480
v 0.260412 3.855619 -0.531076
v 0.386057 3.768612 -1.083696
v 0.221717 4.916149 -0.719134
v 0.089828 4.913145 -0.500006
v 0.425140 0.458401 -1.064018
v 0.891313 0.469126 -1.270813
v 0.886103 0.892375 -1.183011
v 1.399005 0.489507 -1.064266
v 1.450584 0.858159 -1.002823
v 1.532019 1.136302 -0.390559
v 1.672866 0.461441 -0.369535
v 1.558326 0.242181 -0.386902
v 1.356021 0.229656 -0.939503
v 0.892789 0.225186 -1.136745
v 0.428624 0.229627 -0.940785
v 0.312188 0.242180 -0.386934
v 1.474132 0.435967 1.754451
v 1.762255 0.248724 1.131167
v 1.695730 0.411006 1.130412
v 1.458040 0.233087 1.734305
v 0.889672 0.237462 1.931565
v 0.889654 0.564416 1.903167
v 0.327940 0.232895 1.734342
v 0.311961 0.438092 1.710304
v 0.125862 0.243579 1.127824
v 0.171735 0.408971 1.122855
v 0.328553 0.631303 1.465590
v 0.404993 0.703576 1.159434
v 0.884057 0.828300 1.177670
v 0.889654 0.775019 1.651219
v 1.420283 0.703456 1.154145
v 1.450754 0.629049 1.504045
v 0.335859 -0.013942 0.054502
v 1.538421 -0.013942 0.054502
v 0.325623 0.256036 0.052432
v 1.548655 0.256031 0.052225
v 1.553984 0.270123 0.487782
v 0.392812 0.243794 0.571215
v 0.372662 -0.004022 0.492164
v 1.575344 -0.004022 0.492164
v 0.227551 0.010970 1.159338
v 0.351409 0.023579 1.713984
v 0.889619 0.028142 1.911208
v 1.434228 0.023763 1.713949
v 1.659434 0.010047 1.107121
v 1.762255 0.248724 1.131167
v 1.575344 -0.004022 0.492164
v 1.553984 0.270123 0.487782
v 1.659434 0.010047 1.107121
v 1.434228 0.023763 1.713949
v 1.458040 0.233087 1.734305
v 0.889619 0.028142 1.911208
v 0.889672 0.237462 1.931565
v 0.351409 0.023579 1.713984
v 0.327940 0.232895 1.734342
v 0.227551 0.010970 1.159338
v 0.125862 0.243579 1.127824
v 0.372662 -0.004022 0.492164
v 0.392812 0.243794 0.571215
v 1.548655 0.256031 0.052225
v 1.538421 -0.013942 0.054502
v 1.548559 -0.023786 -0.379837
v 1.558326 0.242181 -0.386902
v 1.356021 0.229656 -0.939503
v 1.356021 -0.036335 -0.933474
v 0.892789 0.225186 -1.136745
v 0.892789 -0.040805 -1.130717
v 0.428624 0.229627 -0.940785
v 0.429557 -0.036335 -0.933474
v 0.312188 0.242180 -0.386934
v 0.322324 -0.023786 -0.379845
v 0.325623 0.256036 0.052432
v 0.335859 -0.013942 0.054502
v -1.558326 0.242181 -0.386902
v -1.548655 0.256031 0.052224
v -1.672866 0.461441 -0.369535
v -1.607433 0.506532 0.285926
v -1.532019 1.136302 -0.390559
v -1.553984 0.270123 0.487782
v -1.687294 0.469627 0.676685
v -1.762255 0.248724 1.131167
v -1.695730 0.411006 1.130412
v -1.420283 0.703455 1.154145
v -1.393523 0.902405 0.476947
v -1.420060 1.251173 0.090991
v -0.885249 1.023825 0.683854
v -0.920430 1.290352 0.289966
v -0.426398 0.902504 0.481291
v -0.465129 1.252750 0.160570
v -0.884057 0.828300 1.177670
v -0.404993 0.703575 1.159434
v -0.374921 4.333444 -1.085940
v -0.917564 4.899590 -1.275660
v -0.397577 4.914826 -1.129117
v -0.934715 4.354419 -1.287408
v -0.386057 3.768612 -1.083696
v -0.933908 3.843578 -1.276480
v -0.374581 2.740711 -0.936806
v -0.940868 2.776032 -1.198806
v -0.493715 1.812562 -0.885189
v -0.913577 2.022148 -1.184149
v -0.473300 1.279727 -0.925217
v -0.910075 1.380160 -1.255121
v -0.889655 1.247817 -1.114934
v -1.382292 1.307878 -0.882340
v -1.450584 0.858159 -1.002823
v -1.532019 1.136302 -0.390559
v -1.672866 0.461441 -0.369535
v -1.399005 0.489507 -1.064266
v -1.558326 0.242181 -0.386902
v -1.356021 0.229656 -0.939503
v -0.891313 0.469126 -1.270813
v -0.892789 0.225186 -1.136745
v -0.425140 0.458401 -1.064018
v -0.428624 0.229627 -0.940786
v -0.191996 0.489536 -0.370343
v -0.312188 0.242180 -0.386934
v -0.325623 0.256036 0.052432
v -0.278664 0.374892 0.282757
v -0.392812 0.243794 0.571214
v -0.257810 0.363650 0.679087
v -0.125862 0.243579 1.127824
v -0.171735 0.408971 1.122855
v -0.307645 1.136172 -0.395109
v -0.470349 1.575588 0.037222
v -0.922370 1.580247 0.183506
v -1.363472 1.575943 0.037332
v -1.582227 1.333389 -0.441203
v -1.323352 2.180377 0.008462
v -1.501178 2.195391 -0.453185
v -1.323351 2.730506 0.004608
v -1.550292 2.806052 -0.479736
v -1.384000 3.607737 0.032054
v -1.624098 3.815294 -0.530163
v -1.368625 4.215722 0.066736
v -1.605594 4.302249 -0.480799
v -1.553233 4.460029 -0.282681
v -1.771202 4.502427 -0.488223
v -1.572436 4.872164 -0.259563
v -1.790656 4.905938 -0.500258
v -0.521251 2.104817 -0.004847
v -0.938569 2.147139 0.161668
v -0.939331 2.715239 0.177416
v -0.934382 3.595161 0.227792
v -0.926859 4.813025 0.357864
v -1.342963 4.841154 0.103058
v -0.475260 2.681996 0.005707
v -0.487743 3.629410 0.054214
v -0.491539 4.237900 0.089408
v -0.550386 4.841154 0.103058
v -0.396624 0.829423 -1.010014
v -0.886103 0.892375 -1.183011
v -0.233617 1.374064 -0.411386
v -0.335136 2.056790 -0.476050
v -0.296659 2.702625 -0.477392
v -0.260412 3.855619 -0.531077
v -0.207711 4.382451 -0.490236
v -0.345181 4.520924 -0.267076
v -0.349443 4.875767 -0.259437
v -0.089828 4.913145 -0.500006
v -0.075693 4.546130 -0.492814
v -0.221717 4.916148 -0.719135
v -0.277720 4.552665 -0.695024
v -1.605594 4.302249 -0.480799
v -1.771202 4.502427 -0.488223
v -1.560507 4.512587 -0.690307
v -1.470268 4.333240 -1.096794
v -1.417633 3.783637 -1.095606
v -1.437471 4.914682 -1.121164
v -1.555949 4.912358 -0.720341
v -1.790656 4.905938 -0.500258
v -1.624098 3.815294 -0.530163
v -1.430029 2.796316 -0.971736
v -1.550292 2.806052 -0.479736
v -1.359790 1.936784 -0.875215
v -1.501178 2.195391 -0.453185
v -1.582227 1.333389 -0.441203
v -1.446862 1.354419 -0.945514
v -1.474132 0.435967 1.754451
v -1.695730 0.411006 1.130412
v -1.762255 0.248724 1.131167
v -1.458040 0.233087 1.734305
v -0.889672 0.237462 1.931565
v -0.889654 0.564415 1.903167
v -0.327940 0.232895 1.734342
v -0.311961 0.438092 1.710304
v -0.125862 0.243579 1.127824
v -0.171735 0.408971 1.122855
v -0.328553 0.631303 1.465590
v -0.404993 0.703575 1.159434
v -0.884057 0.828300 1.177670
v -0.889654 0.775019 1.651219
v -1.420283 0.703455 1.154145
v -1.450754 0.629049 1.504045
v -1.575344 -0.004022 0.492164
v -1.434228 0.023763 1.713949
v -1.659434 0.010047 1.107121
v -0.889619 0.028142 1.911208
v -0.351409 0.023579 1.713984
v -0.227551 0.010970 1.159338
v -0.372662 -0.004022 0.492164
v -1.553984 0.270123 0.487782
v -0.392812 0.243794 0.571214
v -0.325623 0.256036 0.052432
v -1.548655 0.256031 0.052224
v -1.538421 -0.013942 0.054501
v -0.335859 -0.013942 0.054501
v -0.372662 -0.004022 0.492164
v -0.392812 0.243794 0.571214
v -0.125862 0.243579 1.127824
v -0.227551 0.010970 1.159338
v -0.327940 0.232895 1.734342
v -0.351409 0.023579 1.713984
v -0.889672 0.237462 1.931565
v -0.889619 0.028142 1.911208
v -1.458040 0.233087 1.734305
v -1.434228 0.023763 1.713949
v -1.762255 0.248724 1.131167
v -1.659434 0.010047 1.107121
v -1.575344 -0.004022 0.492164
v -1.553984 0.270123 0.487782
v -0.322324 -0.023786 -0.379845
v -0.325623 0.256036 0.052432
v -0.335859 -0.013942 0.054501
v -0.312188 0.242180 -0.386934
v -0.429557 -0.036335 -0.933474
v -0.428624 0.229627 -0.940786
v -0.892789 -0.040805 -1.130717
v -0.892789 0.225186 -1.136745
v -1.356021 -0.036335 -0.933474
v -1.356021 0.229656 -0.939503
v -1.548559 -0.023786 -0.379837
v -1.558326 0.242181 -0.386902
v -1.548655 0.256031 0.052224
v -1.538421 -0.013942 0.054501
v 0.929404 4.343048 -0.481108
v 0.926859 4.813025 0.357863
v 1.342963 4.841155 0.103058
v 1.572436 4.872165 -0.259563
v 1.790656 4.905938 -0.500258
v 1.555949 4.912359 -0.720341
v 1.437471 4.914682 -1.121164
v 0.917564 4.899591 -1.275660
v 0.397577 4.914827 -1.129117
v 0.221717 4.916149 -0.719134
v 0.089828 4.913145 -0.500006
v 0.349443 4.875768 -0.259437
v 0.550385 4.841155 0.103058
v -0.929404 4.343048 -0.481108
v -1.342963 4.841154 0.103058
v -0.926859 4.813025 0.357864
v -0.550386 4.841154 0.103058
v -0.349443 4.875767 -0.259437
v -0.089828 4.913145 -0.500006
v -0.221717 4.916148 -0.719135
v -0.397577 4.914826 -1.129117
v -0.917564 4.899590 -1.275660
v -1.437471 4.914682 -1.121164
v -1.555949 4.912358 -0.720341
v -1.790656 4.905938 -0.500258
v -1.572436 4.872164 -0.259563
v 0.557977 15.460074 -0.362942
v 0.696432 15.435910 -0.357136
v 0.577344 15.626847 -0.130796
v 0.715799 15.478998 -0.639711
v 0.577344 15.503153 -0.645517
v 0.771648 15.730628 -0.812935
v 0.631741 15.747221 -0.816924
v 0.827417 16.250244 -0.902820
v 0.685796 16.249924 -0.902742
v 0.827417 16.409271 -0.241035
v 0.685796 16.408953 -0.240959
v 0.771648 15.905547 -0.085010
v 0.631741 15.922151 -0.088998
v 0.715799 15.602683 -0.124990
v 0.855896 15.825707 -0.450805
v 0.577344 15.503153 -0.645517
v 0.557977 15.460074 -0.362942
v 0.631843 15.850847 -0.456845
v 0.631741 15.747221 -0.816924
v 0.685796 16.249924 -0.902742
v 0.685796 16.408953 -0.240959
v 0.631741 15.922151 -0.088998
v 0.577344 15.626847 -0.130796
v -0.557977 15.460074 -0.362942
v -0.577344 15.626847 -0.130796
v -0.715799 15.602683 -0.124990
v -0.696432 15.435910 -0.357136
v -0.577344 15.503153 -0.645517
v -0.715799 15.478998 -0.639711
v -0.631741 15.747221 -0.816924
v -0.771648 15.730628 -0.812935
v -0.685796 16.249924 -0.902742
v -0.827417 16.250244 -0.902820
v -0.685796 16.408953 -0.240959
v -0.827417 16.409271 -0.241035
v -0.631741 15.922151 -0.088998
v -0.771648 15.905547 -0.085010
v -0.855896 15.825707 -0.450805
v -0.557977 15.460074 -0.362942
v -0.577344 15.503153 -0.645517
v -0.631843 15.850847 -0.456845
v -0.577344 15.626847 -0.130796
v -0.631741 15.922151 -0.088998
v -0.685796 16.408953 -0.240959
v -0.685796 16.249924 -0.902742
v -0.631741 15.747221 -0.816924
v -0.216022 5.220471 -0.452953
v 0.329637 4.732705 -0.459685
v 0.536000 4.756874 -0.150025
v 0.901524 4.773818 0.318793
v 0.929811 4.926552 0.477547
v 0.152269 5.324620 0.107362
v -0.072773 5.799133 -0.106217
v -0.140866 5.705441 -0.559193
v -0.363139 5.906906 -0.548795
v 0.007469 6.081301 -0.001851
v -0.495306 6.316579 -0.492427
v 0.243467 7.582763 -1.377013
v -0.256359 7.938858 -0.290269
v 0.289275 8.251914 -1.079331
v -0.355296 7.389877 -0.318825
v -0.437074 7.174527 -0.388452
v -0.507838 6.913457 -0.430040
v 0.163707 6.623103 -1.351895
v -0.392453 6.616297 -0.457622
v -0.495306 6.316579 -0.492427
v 0.168277 6.195077 -1.493077
v -0.363139 5.906906 -0.548795
v 0.208943 5.481692 -1.318302
v 0.964265 5.242683 -1.328996
v 0.371568 5.007906 -1.080970
v 0.957939 5.011018 -1.422626
v 0.928413 4.827199 -1.213531
v 1.545478 5.235984 -1.119992
v 1.380415 4.836403 -0.860552
v 1.575306 4.816570 -0.559430
v 2.003741 5.057041 -0.577342
v 1.397793 4.774293 -0.089974
v 1.626536 5.050769 0.196092
v 0.820163 5.106785 0.577901
v 0.036423 5.918911 0.630287
v 0.047828 6.140224 0.664927
v -0.015470 6.572433 0.797199
v -0.001110 6.893308 0.789184
v -0.392453 6.616297 -0.457622
v -0.507838 6.913457 -0.430040
v -0.437074 7.174527 -0.388452
v -0.355296 7.389877 -0.318825
v 0.119762 7.754960 0.825666
v -0.256359 7.938858 -0.290269
v 0.286763 8.576102 0.636133
v -0.200823 8.145776 -0.295215
v 0.012655 8.283980 -0.281259
v 0.258910 8.983829 0.577004
v 1.050727 8.751970 0.822660
v 1.125035 9.380820 0.758758
v 1.674248 8.918302 0.454529
v 1.542270 9.559265 0.391996
v 2.085145 8.953757 -0.301501
v 1.894180 9.674577 -0.414856
v 1.830074 8.550533 -1.104314
v 1.717086 9.544971 -1.044212
v 1.288167 8.833298 -1.540077
v 1.183968 9.161365 -1.484731
v 0.674516 8.673111 -1.403530
v 0.635180 8.893552 -1.412549
v 0.312423 8.439941 -1.064757
v 0.250768 8.579328 -1.101252
v 0.012655 8.283980 -0.281259
v 0.177608 8.636407 -1.181655
v -0.000010 8.276226 -0.292393
v -0.000045 8.653835 -1.082125
v -0.000219 9.380947 -1.533715
v 0.575664 9.419908 -1.593504
v 0.800859 10.008051 -1.557346
v 1.143323 9.555560 -1.536951
v 1.479347 9.956720 -0.978807
v 1.590945 10.285484 -0.372286
v 1.410209 10.255976 0.223858
v 1.458478 10.605271 -0.314716
v 1.253743 10.578629 0.179292
v 1.072290 10.972446 0.120981
v 0.876839 10.548426 0.475657
v 0.587772 10.932210 0.381014
v -0.000455 10.885963 0.490279
v -0.000455 10.510777 0.562184
v -0.588682 10.932210 0.381014
v -0.877749 10.548438 0.476219
v -1.254653 10.578598 0.177931
v -1.411119 10.255976 0.223858
v -1.591855 10.285484 -0.372286
v -1.542488 9.559262 0.391996
v -1.894433 9.674577 -0.414856
v -1.674290 8.884692 0.455291
v -2.085214 8.944923 -0.301301
v -1.826084 7.766998 0.450174
v -2.255878 7.855510 -0.346797
v -2.060369 6.857982 0.627386
v -2.537118 7.047042 -0.396158
v -2.413516 6.717233 -0.384264
v -1.874438 6.678329 -1.361098
v -2.398881 5.938077 -0.306936
v -2.068511 5.725360 -1.213129
v -1.845886 5.435803 -0.962345
v -1.595299 5.819261 -1.487067
v -1.472751 5.420870 -1.222148
v -0.964363 5.242676 -1.329141
v -1.489733 5.124675 -1.040707
v -0.957897 5.011006 -1.422632
v -1.359030 4.814559 -0.837326
v -0.928399 4.827187 -1.213524
v -0.483610 4.779613 -0.775061
v -0.371522 5.007899 -1.080966
v 0.182496 5.231897 -0.442088
v -0.208943 5.481627 -1.318260
v 0.103860 5.693461 -0.562236
v 0.363164 5.906904 -0.548795
v -0.168273 6.195015 -1.493020
v 0.495339 6.316579 -0.492427
v -0.163677 6.623115 -1.351932
v 0.392489 6.616297 -0.457622
v 0.507869 6.913457 -0.430040
v -0.243434 7.580277 -1.377188
v 0.368832 7.205669 -0.374757
v 0.370560 7.438973 -0.370243
v -0.289291 8.251225 -1.079367
v 0.257020 7.997992 -0.298462
v 0.200829 8.199924 -0.298778
v -0.312498 8.457820 -1.065162
v -0.250803 8.607609 -1.101893
v -0.635598 8.899145 -1.412676
v -0.177713 8.647506 -1.181907
v -0.576339 9.419938 -1.593506
v -0.000219 9.380947 -1.533715
v -0.000455 9.945477 -1.619221
v -0.801770 10.008071 -1.557346
v -0.000455 10.431473 -1.427868
v -0.812903 10.425399 -1.449157
v -0.000455 10.648634 -1.323988
v -0.687541 10.649606 -1.278006
v -0.591866 10.999465 -1.068783
v -1.188455 10.640867 -0.817070
v -1.044799 10.983985 -0.821014
v -1.459388 10.605271 -0.314716
v -1.276979 10.988194 -0.329050
v -1.073200 10.972446 0.120981
v -0.000455 10.992569 -1.108655
v -0.023943 8.284921 -0.282018
v -0.000010 8.276226 -0.292393
v -0.000045 8.653835 -1.082125
v -1.288768 8.833755 -1.540087
v -1.184700 9.161451 -1.484733
v -0.674854 8.673255 -1.403533
v -0.728464 7.771209 -1.701538
v -1.288333 7.880751 -1.679762
v -1.316906 7.021846 -1.921820
v -2.037555 7.754279 -1.230740
v -2.124469 7.032554 -1.206389
v -0.773781 6.537377 -1.750703
v -1.144234 9.555598 -1.536952
v -1.480257 9.956720 -0.978807
v -1.370499 10.288069 -0.911417
v -0.812897 5.696256 -1.772272
v -1.717599 9.544981 -1.044212
v -1.830327 8.517871 -1.106156
v -1.575037 4.815504 -0.559306
v -2.005535 5.098181 -0.577844
v -1.401092 4.774518 -0.089478
v -1.632980 5.070934 0.197222
v -0.880219 4.745589 0.302689
v -0.928551 4.927970 0.476592
v -0.535990 4.756872 -0.150025
v -0.312733 4.744013 -0.453719
v 0.182496 5.231897 -0.442088
v -0.152257 5.324617 0.107360
v -0.818801 5.126038 0.575680
v -1.657483 5.333509 0.370989
v -2.080415 5.433038 -0.437017
v -1.893955 5.608659 0.511008
v -1.003121 5.390835 0.887482
v -1.048582 6.083745 1.080317
v -0.036402 5.918911 0.630287
v -0.047802 6.140224 0.664927
v 0.072323 5.799062 -0.109556
v -0.007449 6.081301 -0.001851
v 0.363164 5.906904 -0.548795
v 0.495339 6.316579 -0.492427
v 0.015504 6.572433 0.797199
v 0.001145 6.893308 0.789184
v -0.981391 6.629404 1.019711
v -1.036890 7.003720 1.062405
v -1.273054 7.801393 0.943645
v -1.050747 8.736420 0.822661
v -1.125179 9.380800 0.758758
v -0.985450 10.221137 0.539445
v -0.422411 10.143682 0.701125
v -0.000455 10.091895 0.748206
v -0.000455 9.718670 0.734714
v 0.421501 10.143628 0.700052
v 0.187621 8.973196 0.615196
v -0.000010 8.276226 -0.292393
v -0.000224 8.981691 0.631755
v -0.023943 8.284921 -0.282018
v -0.188031 8.990841 0.614797
v -0.259230 8.983455 0.577012
v 0.984540 10.221087 0.537622
v -0.119173 7.750005 0.826604
v -0.286878 8.575392 0.636139
v 0.200829 8.199924 -0.298778
v 0.257020 7.997992 -0.298462
v 0.370560 7.438973 -0.370243
v 0.368832 7.205669 -0.374757
v 0.507869 6.913457 -0.430040
v 0.392489 6.616297 -0.457622
v 2.537154 7.024788 -0.395654
v 1.868244 6.561439 -1.349047
v 2.145999 6.966419 -1.224221
v 2.413552 6.683967 -0.369300
v 2.046806 6.797399 0.619790
v 2.244297 7.850954 -0.345446
v 1.791740 7.753760 0.438248
v 2.127379 6.587008 0.724394
v 2.010491 7.740705 -1.207921
v 1.316960 7.023378 -1.921879
v 0.773816 6.539145 -1.750743
v 0.812776 5.696254 -1.772079
v 1.604992 5.798573 -1.490838
v 1.609975 5.605573 -1.465837
v 1.796074 6.088657 -1.040073
v 2.374663 6.232805 -0.321746
v 2.385264 6.357306 0.146704
v 1.923332 6.152100 0.610410
v 1.052498 6.078310 1.085692
v 0.981018 6.588703 1.020045
v 1.036926 6.967306 1.063230
v 1.265597 7.795717 0.934081
v 1.879334 5.481942 -0.983760
v 2.027370 5.712275 -0.337270
v 1.796062 5.301558 0.239636
v 1.019287 5.412084 0.908052
v 1.288507 7.880998 -1.680280
v 0.728567 7.772580 -1.701710
v -0.200823 8.145776 -0.295215
v 0.103860 5.693461 -0.562236
v -0.000455 9.945477 -1.619221
v 0.811993 10.425399 -1.449157
v -0.000455 10.431473 -1.427868
v 0.686631 10.649606 -1.278006
v -0.000455 10.648634 -1.323988
v -0.000455 10.992569 -1.108655
v 0.590957 10.999465 -1.068783
v 1.043889 10.983985 -0.821014
v 1.187545 10.640867 -0.817070
v 1.276069 10.988194 -0.329050
v 1.369589 10.288069 -0.911417
v -0.312733 4.744013 -0.453719
v -2.069758 6.161840 0.658414
v -2.384060 6.247769 0.150392
v 0.483618 4.779615 -0.775062
v 0.329637 4.732705 -0.459685
v -0.216022 5.220471 -0.452953
v -0.140866 5.705441 -0.559193
v -7.835198 13.795560 0.055590
v -7.906719 13.823165 -0.036705
v -7.856196 13.744019 0.007637
v -7.765683 13.751431 0.005393
v -7.712616 13.745101 -0.047905
v -7.856196 13.744019 0.007637
v -7.607557 13.859464 -0.034115
v -7.534659 13.811925 -0.152674
v -7.529729 13.898913 -0.090164
v -7.614165 13.761333 -0.096097
v -7.791224 13.721104 -0.104899
v -7.906719 13.823165 -0.036705
v -7.847942 13.806580 -0.159030
v -7.859100 13.895764 -0.081248
v -7.816738 13.915583 -0.135391
v -7.724039 13.856994 -0.267029
v -7.735955 13.974399 -0.188765
v -7.643683 13.894011 -0.295057
v -7.643271 14.008519 -0.232860
v -7.579274 13.918323 -0.349066
v -7.586311 14.038444 -0.264754
v -7.558609 14.049213 -0.283857
v -7.571076 13.924911 -0.367703
v -7.510209 13.817154 -0.289172
v -7.481111 13.828241 -0.306202
v -7.462188 13.839153 -0.192750
v -7.420823 13.844330 -0.215066
v -7.466208 13.932565 -0.128473
v -7.425464 13.957296 -0.153367
v -7.546369 14.035459 -0.164335
v -7.501315 14.061919 -0.189325
v -7.558609 14.049213 -0.283857
v -7.586311 14.038444 -0.264754
v -7.598511 14.012184 -0.134614
v -7.643271 14.008519 -0.232860
v -7.683921 13.987803 -0.083708
v -7.735955 13.974399 -0.188765
v -7.748308 13.956762 -0.075415
v -7.816738 13.915583 -0.135391
v -7.840693 13.912664 -0.014794
v -7.859100 13.895764 -0.081248
v -7.876959 13.866073 0.022270
v -7.765229 13.799552 0.040214
v -7.667760 13.831115 -0.017415
v -7.574352 13.796466 -0.240303
v -7.653484 13.752321 -0.203339
v -7.300610 14.053628 -0.200313
v -7.392683 14.145051 -0.272686
v -7.290779 13.900872 -0.245622
v -7.452461 13.818070 -0.361262
vt 0.864300 0.739700
vt 0.879900 0.732200
vt 0.886200 0.714600
vt 0.879400 0.697300
vt 0.863300 0.690400
vt 0.879400 0.697300
vt 0.864300 0.739700
vt 0.863300 0.690400
vt 0.886200 0.714600
vt 0.879900 0.732200
vt 0.338100 0.865700
vt 0.359600 0.847700
vt 0.359600 0.865800
vt 0.338400 0.848100
vt 0.359400 0.829500
vt 0.316700 0.865600
vt 0.338400 0.830200
vt 0.359400 0.811300
vt 0.316700 0.849900
vt 0.299800 0.865500
vt 0.338400 0.811400
vt 0.359900 0.793100
vt 0.317900 0.831700
vt 0.299800 0.850700
vt 0.283400 0.865500
vt 0.338600 0.792400
vt 0.360600 0.774800
vt 0.318400 0.812100
vt 0.299800 0.832200
vt 0.283900 0.848600
vt 0.267300 0.865400
vt 0.339400 0.773700
vt 0.360800 0.756500
vt 0.318100 0.791900
vt 0.299800 0.812400
vt 0.284900 0.831400
vt 0.267800 0.846200
vt 0.251200 0.865400
vt 0.004200 0.793100
vt 0.003400 0.774800
vt 0.024700 0.773700
vt 0.025300 0.792400
vt 0.004700 0.811300
vt 0.025500 0.811400
vt 0.004600 0.829500
vt 0.025700 0.830200
vt 0.004400 0.847700
vt 0.025700 0.848100
vt 0.004300 0.865800
vt 0.025800 0.865700
vt 0.047400 0.849900
vt 0.047200 0.865600
vt 0.064300 0.850700
vt 0.064300 0.865500
vt 0.080200 0.848600
vt 0.080900 0.865500
vt 0.096200 0.846200
vt 0.096600 0.865400
vt 0.114700 0.846400
vt 0.114600 0.865400
vt 0.129200 0.847800
vt 0.128400 0.865400
vt 0.144800 0.848600
vt 0.143900 0.865200
vt 0.161600 0.848300
vt 0.160200 0.865200
vt 0.182000 0.846600
vt 0.182000 0.865100
vt 0.201800 0.848300
vt 0.202900 0.865200
vt 0.219600 0.848600
vt 0.220600 0.865200
vt 0.234700 0.847800
vt 0.235600 0.865400
vt 0.251000 0.846400
vt 0.268300 0.829200
vt 0.285600 0.812500
vt 0.299800 0.792000
vt 0.318100 0.772100
vt 0.339400 0.755700
vt 0.361300 0.738300
vt 0.339400 0.738300
vt 0.317100 0.753800
vt 0.317600 0.738000
vt 0.299800 0.752700
vt 0.299800 0.738000
vt 0.284200 0.754400
vt 0.283700 0.737800
vt 0.268100 0.757200
vt 0.267300 0.737800
vt 0.250500 0.757100
vt 0.251500 0.737800
vt 0.234300 0.755200
vt 0.235700 0.737800
vt 0.218800 0.754000
vt 0.220700 0.737800
vt 0.201200 0.754500
vt 0.202900 0.737800
vt 0.182000 0.756000
vt 0.182000 0.737500
vt 0.162600 0.754500
vt 0.160000 0.737800
vt 0.145500 0.754000
vt 0.143800 0.737800
vt 0.129800 0.755200
vt 0.128300 0.737800
vt 0.115000 0.757100
vt 0.114500 0.737800
vt 0.096000 0.757200
vt 0.096600 0.737800
vt 0.079800 0.754400
vt 0.080800 0.737800
vt 0.064200 0.752700
vt 0.064300 0.738000
vt 0.046900 0.753800
vt 0.046300 0.738000
vt 0.024700 0.755700
vt 0.024700 0.738300
vt 0.003100 0.756500
vt 0.002800 0.738300
vt 0.299800 0.771700
vt 0.285200 0.772300
vt 0.268600 0.774400
vt 0.248900 0.775500
vt 0.232300 0.772900
vt 0.216100 0.771500
vt 0.199600 0.773600
vt 0.182000 0.773800
vt 0.164800 0.773600
vt 0.147700 0.771500
vt 0.131700 0.772900
vt 0.115700 0.775500
vt 0.095300 0.774400
vt 0.078600 0.772300
vt 0.064100 0.771700
vt 0.045900 0.772100
vt 0.285900 0.792200
vt 0.269000 0.793000
vt 0.247700 0.793500
vt 0.231200 0.792600
vt 0.214800 0.791900
vt 0.198900 0.792200
vt 0.182000 0.792400
vt 0.165900 0.792200
vt 0.148700 0.791900
vt 0.132800 0.792600
vt 0.116100 0.793500
vt 0.095000 0.793000
vt 0.077800 0.792200
vt 0.064100 0.792000
vt 0.045900 0.791900
vt 0.268800 0.811800
vt 0.248400 0.811000
vt 0.231700 0.812700
vt 0.215500 0.813000
vt 0.199300 0.810700
vt 0.182000 0.810900
vt 0.165300 0.810700
vt 0.148200 0.813000
vt 0.132300 0.812700
vt 0.115900 0.811000
vt 0.095100 0.811800
vt 0.078100 0.812500
vt 0.064100 0.812400
vt 0.045700 0.812100
vt 0.250000 0.828700
vt 0.233300 0.830800
vt 0.217300 0.831800
vt 0.200400 0.829700
vt 0.182000 0.828600
vt 0.163700 0.829700
vt 0.146600 0.831800
vt 0.130700 0.830800
vt 0.115200 0.828700
vt 0.095600 0.829200
vt 0.079000 0.831400
vt 0.064100 0.832200
vt 0.046000 0.831700
vt 0.186800 0.165500
vt 0.191900 0.133300
vt 0.197500 0.150400
vt 0.174200 0.127000
vt 0.167800 0.167000
vt 0.155000 0.153300
vt 0.157800 0.135700
vt 0.175800 0.171400
vt 0.151100 0.198700
vt 0.156500 0.179200
vt 0.163900 0.213900
vt 0.184600 0.213400
vt 0.193600 0.180200
vt 0.197500 0.198700
vt 0.678200 0.217300
vt 0.665000 0.217300
vt 0.678200 0.196300
vt 0.665000 0.238300
vt 0.676300 0.236800
vt 0.664600 0.250500
vt 0.680200 0.244600
vt 0.682600 0.217800
vt 0.682600 0.189500
vt 0.666000 0.188000
vt 0.666000 0.194800
vt 0.649900 0.190900
vt 0.653800 0.199700
vt 0.647500 0.217800
vt 0.652300 0.217300
vt 0.648900 0.245600
vt 0.653300 0.238300
vt 0.666000 0.198700
vt 0.955100 0.334000
vt 0.957500 0.347700
vt 0.932100 0.329100
vt 0.999000 0.403300
vt 0.981000 0.374000
vt 0.993700 0.377400
vt 0.981900 0.399400
vt 0.996600 0.434100
vt 0.976600 0.429700
vt 0.955600 0.392100
vt 0.955100 0.425300
vt 0.930200 0.426300
vt 0.931200 0.379900
vt 0.956100 0.370100
vt 0.931600 0.363300
vt 0.934100 0.342800
vt 0.903800 0.327600
vt 0.904300 0.342800
vt 0.875000 0.330600
vt 0.987300 0.467800
vt 0.968800 0.465300
vt 0.948700 0.460000
vt 0.905800 0.426800
vt 0.904800 0.380900
vt 0.904800 0.364300
vt 0.874000 0.344200
vt 0.852500 0.336900
vt 0.850600 0.350100
vt 0.877400 0.364700
vt 0.853500 0.372100
vt 0.855000 0.394000
vt 0.828600 0.401900
vt 0.835000 0.432100
vt 0.814500 0.437000
vt 0.824700 0.470200
vt 0.842800 0.467300
vt 0.833000 0.486300
vt 0.850100 0.483400
vt 0.860800 0.456100
vt 0.864300 0.478000
vt 0.951200 0.477500
vt 0.963400 0.481400
vt 0.976600 0.482900
vt 0.811500 0.406200
vt 0.829100 0.376500
vt 0.815900 0.380400
vt 0.881300 0.427200
vt 0.856400 0.427200
vt 0.878900 0.381300
vt 0.882300 0.503700
vt 0.902300 0.499000
vt 0.880900 0.521700
vt 0.994600 0.517100
vt 0.996100 0.544200
vt 0.982900 0.544200
vt 0.982400 0.516800
vt 0.987800 0.496600
vt 0.965300 0.490200
vt 0.936500 0.519500
vt 0.936500 0.495100
vt 0.890100 0.521500
vt 0.881300 0.544700
vt 0.890100 0.544700
vt 0.880900 0.567400
vt 0.890600 0.567600
vt 0.884300 0.585400
vt 0.902800 0.590300
vt 0.937000 0.569300
vt 0.937000 0.594000
vt 0.982400 0.571800
vt 0.965800 0.598600
vt 0.995100 0.571300
vt 0.988300 0.591800
vt 0.936500 0.544400
vt 0.705600 0.217300
vt 0.704100 0.198700
vt 0.716300 0.199700
vt 0.718300 0.217300
vt 0.705600 0.238300
vt 0.716800 0.238300
vt 0.706100 0.250500
vt 0.721200 0.245600
vt 0.722700 0.217800
vt 0.720700 0.190900
vt 0.704100 0.188000
vt 0.704600 0.194800
vt 0.687500 0.189500
vt 0.692400 0.196300
vt 0.685500 0.217800
vt 0.690400 0.217300
vt 0.687000 0.245100
vt 0.691900 0.238300
vt 0.991200 0.732400
vt 0.997100 0.746100
vt 0.994600 0.764300
vt 0.977500 0.743400
vt 0.994600 0.782500
vt 0.991200 0.716800
vt 0.977500 0.723600
vt 0.994600 0.701200
vt 0.979000 0.700700
vt 0.961400 0.700200
vt 0.956500 0.761500
vt 0.958500 0.786900
vt 0.994600 0.810500
vt 0.962400 0.810800
vt 0.994600 0.855600
vt 0.964800 0.853900
vt 0.994600 0.882000
vt 0.968300 0.877600
vt 0.994600 0.923800
vt 0.940400 0.700700
vt 0.940400 0.810900
vt 0.941400 0.851700
vt 0.918500 0.811000
vt 0.920900 0.787100
vt 0.939900 0.788900
vt 0.939500 0.756500
vt 0.920900 0.700200
vt 0.922400 0.762500
vt 0.916500 0.875500
vt 0.918500 0.849500
vt 0.942400 0.875200
vt 0.942900 0.914000
vt 0.916000 0.917000
vt 0.942900 0.983200
vt 0.914600 0.957800
vt 0.916000 0.987900
vt 0.900400 0.990600
vt 0.898400 0.970800
vt 0.882800 0.977800
vt 0.880900 0.962300
vt 0.864700 0.975500
vt 0.847700 0.967200
vt 0.850100 0.997000
vt 0.818400 0.967500
vt 0.818800 0.997100
vt 0.792000 0.966700
vt 0.789600 0.996500
vt 0.776900 0.994500
vt 0.776400 0.974500
vt 0.764200 0.992500
vt 0.764200 0.977500
vt 0.764200 0.962400
vt 0.764200 0.923800
vt 0.794900 0.931100
vt 0.764200 0.882000
vt 0.792500 0.885000
vt 0.764200 0.855600
vt 0.793500 0.843400
vt 0.764200 0.810500
vt 0.793900 0.810500
vt 0.793900 0.799700
vt 0.820300 0.810900
vt 0.819800 0.796400
vt 0.848100 0.801000
vt 0.845200 0.782100
vt 0.884800 0.783000
vt 0.884300 0.764300
vt 0.904800 0.743400
vt 0.891100 0.735600
vt 0.890600 0.718300
vt 0.904300 0.723600
vt 0.884800 0.700700
vt 0.903800 0.700700
vt 0.884800 0.811000
vt 0.969700 0.916700
vt 0.994600 0.962400
vt 0.969700 0.957200
vt 0.982900 0.970600
vt 0.964400 0.987200
vt 0.979500 0.989900
vt 0.994600 0.992500
vt 0.994600 0.977500
vt 0.882300 0.847400
vt 0.880400 0.878200
vt 0.847200 0.838500
vt 0.847700 0.882300
vt 0.819300 0.851400
vt 0.818800 0.885100
vt 0.818800 0.934300
vt 0.877400 0.924400
vt 0.844700 0.931500
vt 0.867700 0.995100
vt 0.884800 0.993300
vt 0.841800 0.764300
vt 0.819800 0.764300
vt 0.820800 0.782000
vt 0.801800 0.764300
vt 0.797400 0.781700
vt 0.764200 0.782500
vt 0.764200 0.764300
vt 0.763700 0.747300
vt 0.797400 0.747300
vt 0.820800 0.747300
vt 0.841800 0.747300
vt 0.881300 0.749000
vt 0.482700 0.191400
vt 0.467300 0.213400
vt 0.461200 0.207000
vt 0.490200 0.194800
vt 0.496600 0.169400
vt 0.483900 0.167500
vt 0.490000 0.142100
vt 0.481200 0.143600
vt 0.468800 0.123000
vt 0.461900 0.128900
vt 0.469000 0.144000
vt 0.456500 0.144500
vt 0.453400 0.165500
vt 0.470900 0.167500
vt 0.455800 0.190400
vt 0.470200 0.190900
vt 0.847200 0.736300
vt 0.846700 0.690900
vt 0.837900 0.737100
vt 0.837400 0.690900
vt 0.822800 0.688200
vt 0.823200 0.740000
vt 0.814000 0.741200
vt 0.813000 0.687500
vt 0.780800 0.745100
vt 0.766600 0.737500
vt 0.759800 0.718300
vt 0.766100 0.698700
vt 0.781200 0.690200
vt 0.329600 0.660900
vt 0.376200 0.646500
vt 0.377700 0.660200
vt 0.325900 0.647000
vt 0.300500 0.647200
vt 0.302200 0.660900
vt 0.275900 0.647500
vt 0.277600 0.661100
vt 0.300500 0.647200
vt 0.302200 0.660900
vt 0.325900 0.647000
vt 0.329600 0.660900
vt 0.376200 0.646500
vt 0.377700 0.660200
vt 0.293700 0.679000
vt 0.294200 0.664800
vt 0.318800 0.664800
vt 0.319300 0.678500
vt 0.343500 0.678200
vt 0.343500 0.664800
vt 0.366700 0.678200
vt 0.365700 0.664800
vt 0.343500 0.678200
vt 0.343500 0.664800
vt 0.319300 0.678500
vt 0.318800 0.664800
vt 0.293700 0.679000
vt 0.294200 0.664800
vt 0.997100 0.746100
vt 0.991200 0.732400
vt 0.994600 0.764300
vt 0.977500 0.743400
vt 0.994600 0.782500
vt 0.991200 0.716800
vt 0.977500 0.723600
vt 0.994600 0.701200
vt 0.979000 0.700700
vt 0.961400 0.700200
vt 0.956500 0.761500
vt 0.958500 0.786900
vt 0.939500 0.756500
vt 0.939900 0.788900
vt 0.922400 0.762500
vt 0.920900 0.787100
vt 0.940400 0.700700
vt 0.920900 0.700200
vt 0.847700 0.967200
vt 0.818800 0.997100
vt 0.850100 0.997000
vt 0.818400 0.967500
vt 0.844700 0.931500
vt 0.818800 0.934300
vt 0.847700 0.882300
vt 0.818800 0.885100
vt 0.847200 0.838500
vt 0.819300 0.851400
vt 0.848100 0.801000
vt 0.820300 0.810900
vt 0.819800 0.796400
vt 0.793900 0.799700
vt 0.797400 0.781700
vt 0.764200 0.782500
vt 0.764200 0.764300
vt 0.801800 0.764300
vt 0.763700 0.747300
vt 0.797400 0.747300
vt 0.819800 0.764300
vt 0.820800 0.747300
vt 0.841800 0.764300
vt 0.841800 0.747300
vt 0.884300 0.764300
vt 0.881300 0.749000
vt 0.891100 0.735600
vt 0.904800 0.743400
vt 0.890600 0.718300
vt 0.904300 0.723600
vt 0.884800 0.700700
vt 0.903800 0.700700
vt 0.884800 0.783000
vt 0.918500 0.811000
vt 0.940400 0.810900
vt 0.962400 0.810800
vt 0.994600 0.810500
vt 0.964800 0.853900
vt 0.994600 0.855600
vt 0.968300 0.877600
vt 0.994600 0.882000
vt 0.969700 0.916700
vt 0.994600 0.923800
vt 0.969700 0.957200
vt 0.994600 0.962400
vt 0.982900 0.970600
vt 0.994600 0.977500
vt 0.979500 0.989900
vt 0.994600 0.992500
vt 0.918500 0.849500
vt 0.941400 0.851700
vt 0.942400 0.875200
vt 0.942900 0.914000
vt 0.942900 0.983200
vt 0.964400 0.987200
vt 0.916500 0.875500
vt 0.916000 0.917000
vt 0.914600 0.957800
vt 0.916000 0.987900
vt 0.845200 0.782100
vt 0.820800 0.782000
vt 0.884800 0.811000
vt 0.882300 0.847400
vt 0.880400 0.878200
vt 0.877400 0.924400
vt 0.880900 0.962300
vt 0.898400 0.970800
vt 0.900400 0.990600
vt 0.884800 0.993300
vt 0.882800 0.977800
vt 0.867700 0.995100
vt 0.864700 0.975500
vt 0.764200 0.962400
vt 0.764200 0.977500
vt 0.776400 0.974500
vt 0.792000 0.966700
vt 0.794900 0.931100
vt 0.789600 0.996500
vt 0.776900 0.994500
vt 0.764200 0.992500
vt 0.764200 0.923800
vt 0.792500 0.885000
vt 0.764200 0.882000
vt 0.793500 0.843400
vt 0.764200 0.855600
vt 0.764200 0.810500
vt 0.793900 0.810500
vt 0.482700 0.191400
vt 0.461200 0.207000
vt 0.467300 0.213400
vt 0.490200 0.194800
vt 0.496600 0.169400
vt 0.483900 0.167500
vt 0.490000 0.142100
vt 0.481200 0.143600
vt 0.468800 0.123000
vt 0.461900 0.128900
vt 0.469000 0.144000
vt 0.456500 0.144500
vt 0.453400 0.165500
vt 0.470900 0.167500
vt 0.455800 0.190400
vt 0.470200 0.190900
vt 0.813000 0.687500
vt 0.766100 0.698700
vt 0.781200 0.690200
vt 0.759800 0.718300
vt 0.766600 0.737500
vt 0.780800 0.745100
vt 0.814000 0.741200
vt 0.822800 0.688200
vt 0.823200 0.740000
vt 0.837900 0.737100
vt 0.837400 0.690900
vt 0.846700 0.690900
vt 0.847200 0.736300
vt 0.376200 0.646500
vt 0.377700 0.660200
vt 0.329600 0.660900
vt 0.325900 0.647000
vt 0.302200 0.660900
vt 0.300500 0.647200
vt 0.277600 0.661100
vt 0.275900 0.647500
vt 0.302200 0.660900
vt 0.300500 0.647200
vt 0.329600 0.660900
vt 0.325900 0.647000
vt 0.376200 0.646500
vt 0.377700 0.660200
vt 0.318800 0.664800
vt 0.293700 0.679000
vt 0.294200 0.664800
vt 0.319300 0.678500
vt 0.343500 0.664800
vt 0.343500 0.678200
vt 0.365700 0.664800
vt 0.366700 0.678200
vt 0.343500 0.664800
vt 0.343500 0.678200
vt 0.318800 0.664800
vt 0.319300 0.678500
vt 0.293700 0.679000
vt 0.294200 0.664800
vt 0.365000 0.476100
vt 0.365000 0.496600
vt 0.355000 0.490200
vt 0.349400 0.481400
vt 0.344000 0.475600
vt 0.349600 0.470200
vt 0.352500 0.460400
vt 0.365200 0.456500
vt 0.377900 0.460000
vt 0.382300 0.470200
vt 0.385500 0.475600
vt 0.379200 0.481400
vt 0.374300 0.490200
vt 0.364700 0.476100
vt 0.354700 0.490200
vt 0.364700 0.496600
vt 0.374000 0.490200
vt 0.378900 0.481400
vt 0.385300 0.475600
vt 0.382100 0.470200
vt 0.377700 0.460000
vt 0.365000 0.456500
vt 0.352300 0.460400
vt 0.349400 0.470200
vt 0.343800 0.475600
vt 0.349100 0.481400
vt 0.659200 0.055700
vt 0.659700 0.062000
vt 0.642600 0.064000
vt 0.673800 0.066900
vt 0.677200 0.062000
vt 0.680700 0.081100
vt 0.686500 0.081100
vt 0.678700 0.110400
vt 0.685100 0.116200
vt 0.643600 0.110800
vt 0.637200 0.116200
vt 0.641100 0.083500
vt 0.634800 0.082500
vt 0.646500 0.068400
vt 0.661100 0.083500
vt 0.655300 0.051300
vt 0.641100 0.057100
vt 0.641600 0.033200
vt 0.661600 0.035200
vt 0.660200 0.004900
vt 0.623500 0.002900
vt 0.621600 0.033200
vt 0.627000 0.049800
vt 0.659200 0.055700
vt 0.642600 0.064000
vt 0.646500 0.068400
vt 0.659700 0.062000
vt 0.677200 0.062000
vt 0.673800 0.066900
vt 0.686500 0.081100
vt 0.680700 0.081100
vt 0.685100 0.116200
vt 0.678700 0.110400
vt 0.637200 0.116200
vt 0.643600 0.110800
vt 0.634800 0.082500
vt 0.641100 0.083500
vt 0.661100 0.083500
vt 0.641100 0.057100
vt 0.655300 0.051300
vt 0.641600 0.033200
vt 0.627000 0.049800
vt 0.621600 0.033200
vt 0.623500 0.002900
vt 0.660200 0.004900
vt 0.661600 0.035200
vt 0.405500 0.318800
vt 0.407200 0.306600
vt 0.449200 0.306600
vt 0.480700 0.302200
vt 0.476300 0.309600
vt 0.436800 0.327100
vt 0.411100 0.350100
vt 0.403100 0.333000
vt 0.399700 0.345700
vt 0.411600 0.365700
vt 0.386200 0.361300
vt 0.665000 0.443800
vt 0.720700 0.469200
vt 0.678200 0.476100
vt 0.724600 0.440900
vt 0.721200 0.417500
vt 0.718300 0.393600
vt 0.666500 0.398400
vt 0.718300 0.375000
vt 0.711400 0.361300
vt 0.659700 0.377900
vt 0.701200 0.348100
vt 0.652300 0.349600
vt 0.620600 0.343800
vt 0.646000 0.325200
vt 0.622100 0.319800
vt 0.626000 0.305200
vt 0.592300 0.323200
vt 0.597700 0.304200
vt 0.561000 0.306200
vt 0.572300 0.324200
vt 0.504400 0.302700
vt 0.509800 0.319300
vt 0.463400 0.322800
vt 0.427700 0.356900
vt 0.427500 0.364300
vt 0.439700 0.407700
vt 0.441700 0.422400
vt 0.382800 0.374500
vt 0.382800 0.393100
vt 0.384800 0.417000
vt 0.386500 0.440900
vt 0.443100 0.467300
vt 0.390400 0.469200
vt 0.431200 0.519500
vt 0.392100 0.483400
vt 0.384500 0.505100
vt 0.403100 0.548800
vt 0.464800 0.528600
vt 0.461400 0.566700
vt 0.498500 0.536600
vt 0.499500 0.573000
vt 0.540500 0.536900
vt 0.543000 0.585000
vt 0.585000 0.511200
vt 0.587400 0.569600
vt 0.619600 0.525600
vt 0.623000 0.544200
vt 0.654300 0.515600
vt 0.657200 0.529100
vt 0.682600 0.492200
vt 0.686500 0.501200
vt 0.727500 0.487800
vt 0.691400 0.504600
vt 0.729500 0.495100
vt 0.703600 0.509300
vt 0.692400 0.560800
vt 0.655800 0.558100
vt 0.638700 0.585200
vt 0.626500 0.571500
vt 0.586900 0.587600
vt 0.540500 0.605000
vt 0.492900 0.607900
vt 0.535600 0.622300
vt 0.491500 0.623000
vt 0.494900 0.640100
vt 0.439200 0.624500
vt 0.445600 0.638700
vt 0.364500 0.642800
vt 0.364300 0.623800
vt 0.283400 0.638700
vt 0.289600 0.623800
vt 0.237500 0.622800
vt 0.236100 0.607400
vt 0.188200 0.605500
vt 0.228600 0.573000
vt 0.183200 0.584700
vt 0.227900 0.535900
vt 0.186400 0.538600
vt 0.211400 0.474600
vt 0.175800 0.480000
vt 0.206400 0.413600
vt 0.172600 0.435100
vt 0.166300 0.408700
vt 0.137200 0.412600
vt 0.176000 0.359400
vt 0.148300 0.360400
vt 0.147000 0.335400
vt 0.131200 0.367200
vt 0.132800 0.342300
vt 0.106600 0.335900
vt 0.137500 0.317900
vt 0.106800 0.322300
vt 0.131100 0.304700
vt 0.102800 0.305200
vt 0.082200 0.305700
vt 0.082500 0.325200
vt 0.046900 0.327600
vt 0.076700 0.342800
vt 0.036000 0.334500
vt 0.024400 0.353500
vt 0.070200 0.371100
vt 0.019400 0.361300
vt 0.061600 0.384300
vt 0.010400 0.376000
vt 0.007800 0.394000
vt 0.062700 0.441900
vt 0.006100 0.417500
vt 0.004500 0.440900
vt 0.055700 0.474100
vt 0.008000 0.469200
vt 0.004600 0.483400
vt 0.052100 0.490700
vt 0.047600 0.503900
vt 0.068700 0.529100
vt 0.046500 0.509000
vt 0.070400 0.560500
vt 0.037100 0.560800
vt 0.049300 0.589800
vt 0.091900 0.586900
vt 0.061800 0.606400
vt 0.100400 0.601800
vt 0.070000 0.634800
vt 0.108500 0.627900
vt 0.114400 0.650400
vt 0.150900 0.625000
vt 0.150000 0.643600
vt 0.193400 0.622300
vt 0.191200 0.640100
vt 0.234100 0.640100
vt 0.078500 0.659400
vt 0.001500 0.487800
vt -0.000500 0.495100
vt 0.031200 0.509300
vt 0.103100 0.526400
vt 0.099500 0.542200
vt 0.073900 0.514400
vt 0.081700 0.454600
vt 0.109800 0.470200
vt 0.112100 0.418500
vt 0.144700 0.471200
vt 0.145300 0.436000
vt 0.089000 0.391600
vt 0.101900 0.567600
vt 0.141500 0.588400
vt 0.145300 0.602300
vt 0.098600 0.351600
vt 0.140100 0.571000
vt 0.140600 0.512000
vt 0.167500 0.305700
vt 0.158800 0.329600
vt 0.219700 0.307100
vt 0.217200 0.318400
vt 0.246700 0.302700
vt 0.253200 0.314500
vt 0.279100 0.306600
vt 0.320800 0.306600
vt 0.322000 0.317900
vt 0.290300 0.334000
vt 0.249000 0.328600
vt 0.217300 0.336900
vt 0.176800 0.338400
vt 0.205200 0.350100
vt 0.248500 0.348600
vt 0.247300 0.376500
vt 0.295700 0.358900
vt 0.296400 0.378900
vt 0.305400 0.341800
vt 0.312700 0.361300
vt 0.327600 0.345700
vt 0.339400 0.362300
vt 0.291500 0.404800
vt 0.285400 0.416500
vt 0.247600 0.403300
vt 0.245500 0.422900
vt 0.238900 0.475100
vt 0.259800 0.525600
vt 0.266600 0.564200
vt 0.281500 0.607400
vt 0.329300 0.612300
vt 0.364500 0.606900
vt 0.364700 0.586900
vt 0.403300 0.617900
vt 0.385300 0.550300
vt 0.364500 0.509000
vt 0.364300 0.552700
vt 0.344500 0.505100
vt 0.342800 0.550000
vt 0.326700 0.546600
vt 0.447300 0.608900
vt 0.283900 0.467300
vt 0.294200 0.514400
vt 0.336900 0.483400
vt 0.338600 0.469200
vt 0.342000 0.440900
vt 0.343000 0.417500
vt 0.344000 0.394000
vt 0.344500 0.376000
vt 0.556200 0.419900
vt 0.591800 0.401900
vt 0.587400 0.430700
vt 0.556200 0.399900
vt 0.518600 0.425300
vt 0.548800 0.476100
vt 0.509800 0.473600
vt 0.519000 0.409200
vt 0.586400 0.468300
vt 0.616700 0.424300
vt 0.637700 0.397500
vt 0.628400 0.361300
vt 0.604000 0.363800
vt 0.602100 0.353500
vt 0.588900 0.371100
vt 0.556200 0.377000
vt 0.539100 0.381300
vt 0.519500 0.370600
vt 0.474600 0.373000
vt 0.477300 0.392100
vt 0.481200 0.431200
vt 0.483400 0.473600
vt 0.585900 0.346200
vt 0.551300 0.351100
vt 0.511200 0.331500
vt 0.470700 0.346200
vt 0.619100 0.467800
vt 0.646500 0.456100
vt 0.724100 0.483400
vt 0.325700 0.335000
vt 0.678700 0.587400
vt 0.628400 0.601800
vt 0.667000 0.606400
vt 0.620100 0.627900
vt 0.658700 0.634800
vt 0.650400 0.659400
vt 0.614300 0.650400
vt 0.578600 0.643600
vt 0.578100 0.625000
vt 0.537600 0.640100
vt 0.583500 0.601800
vt 0.049700 0.307600
vt 0.202800 0.371100
vt 0.189500 0.364700
vt 0.645000 0.307100
vt 0.678200 0.307600
vt 0.681600 0.327600
vt 0.691900 0.334500
vt 0.694800 0.833400
vt 0.693800 0.829300
vt 0.694300 0.834500
vt 0.697300 0.835900
vt 0.699200 0.836500
vt 0.694300 0.838500
vt 0.703600 0.834100
vt 0.709000 0.836500
vt 0.709000 0.834200
vt 0.703600 0.836400
vt 0.698200 0.839000
vt 0.693800 0.841900
vt 0.698700 0.842800
vt 0.695300 0.846100
vt 0.699200 0.846400
vt 0.704600 0.842800
vt 0.703100 0.846400
vt 0.708500 0.842800
vt 0.710000 0.846300
vt 0.712900 0.842700
vt 0.711400 0.846300
vt 0.712400 0.846300
vt 0.713900 0.842500
vt 0.712400 0.839100
vt 0.712900 0.839200
vt 0.711400 0.836500
vt 0.712900 0.836400
vt 0.710900 0.833600
vt 0.712400 0.833100
vt 0.710900 0.828000
vt 0.712400 0.827900
vt 0.711900 0.826000
vt 0.710900 0.826000
vt 0.709500 0.828200
vt 0.709500 0.826000
vt 0.703600 0.828600
vt 0.703100 0.826000
vt 0.700200 0.828500
vt 0.699200 0.826200
vt 0.696800 0.829100
vt 0.696800 0.827100
vt 0.694800 0.829800
vt 0.696800 0.833900
vt 0.700200 0.834100
vt 0.708500 0.838900
vt 0.704100 0.839100
vt 0.720200 0.834100
vt 0.720700 0.828400
vt 0.717800 0.835800
vt 0.717800 0.839200
vn 0.0000 -0.9997 0.0227
vn -0.9902 -0.0171 -0.1383
vn -0.8509 0.0081 -0.5253
vn -0.9902 0.0137 -0.1389
vn -0.8270 0.0107 -0.5621
vn -0.0116 0.1044 -0.9945
vn -0.9866 -0.0945 -0.1327
vn -0.0054 0.1050 -0.9945
vn 0.7726 0.0345 -0.6339
vn -0.8044 -0.0079 -0.5941
vn -0.9871 -0.0824 -0.1370
vn 0.7509 0.0512 -0.6584
vn 0.9944 0.0189 0.1038
vn -0.0247 0.1880 -0.9819
vn -0.8250 -0.0815 -0.5592
vn -0.9366 -0.3496 0.0219
vn 0.9890 0.0644 0.1330
vn 0.5323 0.1087 0.8395
vn 0.7208 0.2022 -0.6630
vn -0.0353 -0.0091 -0.9993
vn -0.7778 -0.2855 -0.5599
vn -0.9169 -0.3934 -0.0677
vn 0.5109 0.1297 0.8498
vn -0.4157 0.1310 0.9000
vn 0.9710 0.1991 0.1327
vn 0.7317 0.0730 -0.6777
vn -0.0061 -0.2442 -0.9697
vn -0.7638 -0.2943 -0.5745
vn -0.8823 -0.4536 -0.1256
vn -0.9924 0.0360 0.1178
vn -0.5463 0.1265 0.8280
vn -0.5117 0.1235 0.8503
vn -0.9888 0.0326 0.1455
vn -0.7913 0.0046 -0.6114
vn -0.7607 0.0482 -0.6474
vn 0.0600 0.1037 -0.9928
vn 0.0506 0.1117 -0.9925
vn 0.8350 0.0371 -0.5490
vn 0.8088 -0.0075 -0.5880
vn 0.9902 0.0140 -0.1389
vn 0.9893 -0.0459 -0.1388
vn 0.7926 0.0019 -0.6097
vn 0.9852 -0.0975 -0.1412
vn 0.8106 -0.1099 -0.5751
vn 0.9900 -0.0790 -0.1172
vn 0.8053 -0.2370 -0.5434
vn 0.9604 -0.2727 -0.0565
vn 0.7722 -0.3117 -0.5536
vn 0.8938 -0.4332 -0.1161
vn 0.7065 -0.4130 -0.5747
vn 0.8791 -0.4635 -0.1114
vn 0.5088 -0.6123 -0.6052
vn 0.7232 -0.6855 -0.0839
vn 0.3396 -0.7500 -0.5677
vn 0.4588 -0.8845 -0.0847
vn 0.1521 -0.8288 -0.5385
vn 0.1976 -0.9762 -0.0893
vn 0.0044 -0.8545 -0.5194
vn 0.0010 -0.9958 -0.0917
vn -0.1267 -0.8175 -0.5618
vn -0.1952 -0.9763 -0.0940
vn -0.3359 -0.7396 -0.5832
vn -0.4558 -0.8849 -0.0959
vn -0.5154 -0.6102 -0.6017
vn -0.7137 -0.6921 -0.1080
vn -0.7176 -0.4074 -0.5648
vn -0.0319 -0.0829 -0.9961
vn 0.7559 -0.0357 -0.6537
vn 0.9816 0.1403 0.1299
vn 0.5166 0.2284 0.8252
vn -0.3885 0.1369 0.9112
vn -0.7750 0.0645 0.6287
vn -0.7351 0.0574 0.6755
vn -0.3197 0.2035 0.9254
vn -0.6311 0.0779 0.7718
vn -0.2517 -0.0460 0.9667
vn -0.5612 -0.0834 0.8235
vn -0.3289 -0.1901 0.9250
vn -0.6904 -0.1980 0.6958
vn -0.2394 -0.1338 0.9617
vn -0.5806 -0.3066 0.7543
vn -0.2794 -0.0721 0.9575
vn -0.6361 -0.2353 0.7348
vn -0.2042 -0.1299 0.9703
vn -0.5034 -0.3972 0.7674
vn 0.0048 -0.1847 0.9828
vn -0.2555 -0.6204 0.7415
vn -0.0043 -0.3906 0.9206
vn -0.1617 -0.8225 0.5453
vn -0.0075 -0.4436 0.8962
vn -0.0159 -0.8489 0.5283
vn -0.0383 -0.4328 0.9007
vn 0.0392 -0.7450 0.6659
vn 0.0274 -0.2255 0.9739
vn 0.2593 -0.5378 0.8022
vn 0.1978 -0.1373 0.9706
vn 0.4951 -0.3694 0.7864
vn 0.2887 -0.0691 0.9549
vn 0.6185 -0.2304 0.7512
vn 0.2527 -0.1039 0.9620
vn 0.6639 -0.2477 0.7056
vn 0.3506 -0.2729 0.8959
vn 0.6952 -0.3827 0.6085
vn 0.2750 0.0126 0.9614
vn 0.5468 0.0433 0.8361
vn 0.2793 0.2111 0.9367
vn 0.6737 0.0583 0.7367
vn 0.3575 0.1353 0.9240
vn 0.7691 0.0174 0.6389
vn 0.3999 0.1122 0.9096
vn 0.7951 0.0327 0.6055
vn 0.5325 0.0782 0.8428
vn 0.5917 -0.0809 0.8021
vn 0.5636 0.1955 0.8026
vn 0.4813 0.4591 0.7467
vn 0.2489 0.5686 0.7841
vn 0.1433 0.5932 0.7922
vn -0.0184 0.5850 0.8108
vn 0.0037 0.5476 0.8367
vn 0.0152 0.5855 0.8105
vn -0.1443 0.5942 0.7913
vn -0.2644 0.5672 0.7800
vn -0.4566 0.4777 0.7505
vn -0.5641 0.1864 0.8044
vn -0.5923 -0.0681 0.8028
vn -0.5101 0.0431 0.8591
vn -0.5098 0.2291 0.8293
vn 0.9958 0.0288 0.0865
vn 0.9415 0.3289 0.0741
vn 0.7469 0.6636 0.0419
vn 0.4658 0.8829 0.0599
vn 0.2126 0.9729 0.0904
vn -0.0357 0.9944 0.0999
vn 0.0006 0.9945 0.1044
vn 0.0345 0.9946 0.0978
vn -0.2167 0.9723 0.0875
vn -0.4706 0.8803 0.0604
vn -0.7321 0.6801 0.0384
vn -0.9458 0.3173 0.0691
vn -0.9961 0.0483 0.0741
vn -0.9819 0.1493 0.1166
vn -0.9716 0.1950 0.1344
vn 0.7208 0.2415 -0.6497
vn 0.6059 0.4893 -0.6272
vn 0.4102 0.6682 -0.6207
vn 0.1917 0.7647 -0.6152
vn -0.0178 0.7772 -0.6290
vn -0.0100 0.7675 -0.6409
vn 0.0246 0.7734 -0.6334
vn -0.1983 0.7646 -0.6133
vn -0.4153 0.6601 -0.6259
vn -0.5887 0.4945 -0.6395
vn -0.7162 0.2362 -0.6567
vn -0.7470 -0.0423 -0.6635
vn -0.7203 0.1066 -0.6854
vn -0.7303 0.1991 -0.6535
vn 0.0245 -0.0181 -0.9995
vn 0.0630 0.0114 -0.9979
vn 0.0369 0.0314 -0.9988
vn -0.0004 -0.0559 -0.9984
vn -0.0043 -0.0595 -0.9982
vn 0.0165 -0.0362 -0.9992
vn -0.0589 0.0527 -0.9969
vn -0.1079 0.0233 -0.9939
vn -0.0359 -0.0033 -0.9993
vn 0.0210 -0.0807 -0.9965
vn -0.0244 -0.2319 -0.9724
vn 0.0298 -0.0296 -0.9991
vn 0.0614 0.1871 -0.9804
vn -0.0127 -0.9980 0.0623
vn -0.0068 -0.9981 0.0614
vn -0.0932 -0.9944 0.0508
vn 0.0083 -0.9983 0.0569
vn 0.0219 -0.9974 0.0682
vn 0.0356 -0.9974 0.0632
vn -0.0352 -0.9992 0.0183
vn 0.0015 -0.9984 0.0569
vn 0.0325 -0.9972 0.0674
vn -0.0420 -0.9990 0.0119
vn 0.0136 -0.9975 0.0695
vn -0.0198 -0.9980 0.0598
vn -0.0145 -0.9981 0.0594
vn -0.0984 -0.9945 0.0369
vn 0.5132 0.0626 -0.8560
vn 0.9938 0.1054 -0.0348
vn 0.4700 -0.5609 -0.6815
vn 0.8720 0.4884 -0.0333
vn 0.4345 0.4788 -0.7628
vn 0.3991 0.9147 -0.0641
vn 0.0000 0.5369 -0.8437
vn 0.0000 0.0294 -0.9996
vn 0.0000 -0.6265 -0.7794
vn -0.1111 -0.9901 0.0856
vn 0.3036 -0.9435 0.1330
vn -0.1453 -0.6673 0.7305
vn 0.4183 -0.3871 0.8217
vn -0.0412 0.0008 0.9992
vn 0.5561 0.0756 0.8276
vn -0.0401 0.5656 0.8237
vn 0.4164 0.5550 0.7201
vn 0.9590 -0.2835 -0.0003
vn -0.3569 -0.8493 0.3890
vn -0.3341 -0.9402 0.0666
vn -0.1731 -0.9395 0.2956
vn -0.9535 -0.1624 0.2538
vn -0.9150 -0.3928 0.0924
vn -0.5425 -0.7238 0.4264
vn -0.9995 -0.0217 -0.0208
vn -0.9639 0.1333 0.2305
vn -0.9911 0.1332 0.0007
vn -0.7196 -0.1129 -0.6851
vn -0.7090 0.1442 -0.6903
vn -0.1497 0.1639 -0.9750
vn -0.2155 -0.3493 -0.9119
vn -0.6821 -0.6273 -0.3757
vn -0.1775 -0.8964 -0.4061
vn -0.1925 -0.9795 0.0590
vn 0.0043 -0.9690 0.2472
vn 0.0002 -0.9985 0.0546
vn 0.1814 -0.9429 0.2792
vn -0.9370 0.2534 0.2405
vn -0.9606 0.2738 -0.0482
vn -0.4802 0.3769 -0.7921
vn 0.0042 0.2200 -0.9755
vn -0.0045 -0.3383 -0.9410
vn -0.0057 -0.9049 -0.4257
vn 0.2028 -0.9768 0.0694
vn 0.3192 -0.8819 0.3470
vn 0.3144 -0.9463 0.0747
vn 0.2076 -0.8843 -0.4183
vn 0.6550 -0.6268 -0.4220
vn 0.7104 -0.1544 -0.6866
vn 0.9995 -0.0226 -0.0224
vn 0.9911 0.1330 -0.0010
vn 0.9646 0.1336 0.2275
vn 0.9417 0.2375 0.2384
vn 0.9658 0.2577 -0.0279
vn 0.8907 0.3680 0.2668
vn 0.9192 0.3881 -0.0664
vn 0.5729 0.3206 -0.7543
vn 0.4495 0.4943 -0.7440
vn -0.4721 0.5303 -0.7043
vn -0.9254 0.3782 -0.0220
vn -0.8604 0.3964 0.3203
vn 0.9551 -0.1549 0.2527
vn 0.9150 -0.3928 0.0924
vn 0.5425 -0.7238 0.4264
vn 0.1403 0.1855 -0.9726
vn 0.7131 0.1453 -0.6859
vn 0.2434 -0.3642 -0.8989
vn -0.3468 0.5691 0.7455
vn -0.1467 0.2272 0.9627
vn -0.1989 0.5589 0.8050
vn -0.1760 -0.5635 0.8071
vn -0.0086 -0.5442 0.8389
vn -0.0082 -0.2603 0.9655
vn -0.1020 -0.3301 0.9384
vn -0.2352 -0.6873 0.6872
vn -0.0770 -0.2842 0.9557
vn -0.0027 0.0343 0.9994
vn -0.0085 0.0444 0.9990
vn -0.1409 0.3438 0.9284
vn 0.0164 0.4981 0.8670
vn 0.0121 0.2728 0.9620
vn 0.0881 0.5451 0.8337
vn 0.0790 0.3207 0.9439
vn 0.1775 0.4059 0.8965
vn 0.0503 0.1483 0.9877
vn -0.0481 0.0620 0.9969
vn -0.1070 0.0519 0.9929
vn 0.0613 -0.3213 0.9450
vn 0.1231 -0.3270 0.9370
vn 0.1416 -0.6103 0.7794
vn 0.3510 -0.7494 0.5614
vn -0.0005 0.0390 0.9992
vn -0.9945 0.0978 -0.0373
vn -0.9585 -0.2850 0.0103
vn -0.4058 -0.3810 0.8307
vn -0.5366 0.0195 0.8436
vn -0.8679 0.4945 -0.0483
vn -0.4028 0.5632 0.7215
vn -0.3991 0.9147 -0.0641
vn 0.0404 0.5659 0.8235
vn 0.0003 -0.0577 0.9983
vn 0.0729 -0.6775 0.7319
vn 0.0855 -0.9727 0.2155
vn -0.2907 -0.9400 0.1787
vn 0.0198 -0.6174 -0.7864
vn -0.4713 -0.5522 -0.6877
vn -0.5115 0.0705 -0.8564
vn 0.0000 0.5369 -0.8436
vn -0.4398 0.4755 -0.7619
vn 0.9424 -0.3266 0.0718
vn 0.8847 -0.4649 0.0341
vn 0.9888 -0.1287 0.0754
vn 0.9947 0.0866 0.0555
vn 0.9759 0.0427 0.2140
vn 0.9284 -0.3255 -0.1793
vn 0.9411 0.2970 -0.1615
vn 0.9790 0.1920 -0.0682
vn 0.8462 0.5303 0.0528
vn 0.5494 0.8194 0.1632
vn 0.7003 0.6282 0.3390
vn 0.7982 0.2964 0.5244
vn 0.9466 0.0120 0.3222
vn 0.6941 0.1651 0.7007
vn 0.9318 0.0103 0.3629
vn 0.6985 0.0271 0.7151
vn 0.9125 -0.0372 0.4074
vn 0.7010 -0.0320 0.7124
vn 0.9205 -0.0283 0.3897
vn 0.0151 0.9401 0.3405
vn 0.0085 0.2068 0.9783
vn 0.0135 0.0181 0.9997
vn -0.6851 0.1879 0.7038
vn -0.7240 0.3972 0.5640
vn 0.0618 0.6103 0.7897
vn 0.0165 0.8883 0.4590
vn -0.6681 0.7369 0.1036
vn -0.7992 0.5175 0.3056
vn -0.7129 -0.0459 0.6998
vn -0.6981 0.0390 0.7149
vn 0.0340 -0.0468 0.9983
vn 0.0275 -0.0705 0.9971
vn -0.7163 -0.0429 0.6965
vn -0.0044 -0.0391 0.9992
vn -0.7408 -0.0173 0.6715
vn -0.7329 0.0561 0.6780
vn -0.7850 0.0320 0.6187
vn -0.8380 -0.0080 0.5457
vn -0.9603 -0.2775 0.0286
vn -0.9642 -0.2455 0.1003
vn -0.8985 -0.0763 -0.4323
vn -0.7424 -0.0163 -0.6698
vn -0.6890 -0.0498 -0.7231
vn 0.0124 -0.0100 -0.9999
vn 0.0151 0.0080 -0.9999
vn 0.7426 -0.0117 -0.6696
vn 0.6954 0.0091 -0.7185
vn 0.8659 -0.0105 -0.5001
vn 0.8977 -0.0930 -0.4307
vn 0.6855 -0.0501 -0.7264
vn 0.6631 -0.2538 -0.7042
vn 0.9141 -0.1499 -0.3768
vn 0.9521 -0.0454 -0.3023
vn 0.6945 -0.0835 -0.7146
vn 0.9651 -0.0648 -0.2538
vn 0.7721 -0.0887 -0.6293
vn 0.9565 -0.0381 -0.2893
vn 0.8018 0.0559 -0.5949
vn 0.9260 -0.1531 -0.3450
vn 0.7245 -0.3995 -0.5617
vn 0.6726 -0.4929 -0.5520
vn -0.0284 -0.2893 -0.9568
vn -0.0127 -0.2968 -0.9549
vn -0.7656 0.0915 -0.6368
vn -0.7528 0.1508 -0.6407
vn -0.9997 -0.0126 -0.0200
vn -0.9921 -0.1109 -0.0583
vn -0.9787 -0.1836 0.0918
vn -0.8897 -0.4535 0.0522
vn -0.7488 -0.6524 -0.1171
vn -0.9771 -0.0498 -0.2069
vn -0.9612 0.1078 -0.2538
vn -0.8653 0.4532 -0.2141
vn -0.9983 -0.0564 -0.0176
vn 0.7217 -0.0499 0.6904
vn 0.8545 -0.2225 0.4695
vn 0.7232 -0.0451 0.6891
vn 0.8359 -0.1436 0.5298
vn 0.7155 -0.0300 0.6980
vn 0.7954 -0.0708 0.6020
vn 0.7220 -0.0476 0.6902
vn 0.6929 -0.1907 0.6954
vn -0.9996 0.0254 -0.0154
vn -0.9950 -0.0565 0.0822
vn -0.7945 0.0102 -0.6072
vn -0.8071 -0.0914 -0.5834
vn 0.0032 0.0192 -0.9998
vn 0.0328 -0.0777 -0.9964
vn 0.0132 -0.0510 -0.9986
vn -0.9955 -0.0557 0.0773
vn -0.7344 -0.0493 -0.6769
vn -0.8773 -0.1651 -0.4507
vn -0.9980 -0.0382 0.0509
vn -0.6892 -0.1629 -0.7060
vn -0.0007 -0.1467 -0.9892
vn -0.0144 0.1873 -0.9822
vn 0.6597 -0.1769 -0.7304
vn 0.7329 0.1532 -0.6629
vn 0.9588 0.0129 -0.2837
vn 0.9348 -0.1535 -0.3203
vn 0.8545 -0.3897 -0.3433
vn 0.7046 -0.3981 -0.5874
vn 0.0019 -0.4810 -0.8767
vn -0.7592 -0.3489 -0.5495
vn -0.8988 -0.4316 -0.0769
vn 0.6402 0.2915 0.7107
vn 0.9018 0.2732 0.3348
vn 0.8485 0.4706 0.2420
vn 0.6535 -0.1259 0.7464
vn -0.0282 0.0647 0.9975
vn -0.0280 0.4729 0.8807
vn -0.6848 0.0315 0.7280
vn -0.6966 0.3278 0.6382
vn -0.9501 0.2050 0.2351
vn -0.9124 0.3835 0.1428
vn -0.6440 0.7199 0.2590
vn -0.5043 0.8601 0.0771
vn -0.0232 0.9925 0.1203
vn -0.0175 0.9093 0.4157
vn 0.4973 0.8592 0.1203
vn 0.5769 0.7548 0.3121
vn -0.0000 -0.6948 0.7192
vn 0.0001 -0.6928 0.7211
vn 0.0110 -0.6864 0.7271
vn 0.0001 -0.7038 0.7104
vn -0.0034 -0.7046 -0.7096
vn -0.0460 -0.5709 -0.8197
vn -0.0485 -0.7048 -0.7077
vn 0.0001 -0.7655 -0.6434
vn 0.0001 -0.9997 0.0226
vn 0.0001 -0.9997 0.0227
vn 0.0002 -0.9997 0.0227
vn 0.0002 -0.9997 0.0228
vn 0.0005 -0.9997 0.0228
vn 0.9422 -0.3201 0.0993
vn 0.9628 -0.0351 -0.2677
vn 0.9498 0.0691 -0.3052
vn 0.9103 -0.4021 0.0986
vn 0.6603 -0.1800 0.7291
vn 0.6615 -0.1424 0.7363
vn -0.0074 -0.1011 0.9949
vn -0.0067 -0.1012 0.9948
vn -0.7425 -0.1423 0.6545
vn -0.7278 -0.1796 0.6618
vn -0.9274 -0.3688 0.0628
vn -0.9447 -0.3278 0.0013
vn -0.9260 0.0405 -0.3753
vn -0.8822 0.2067 -0.4230
vn 0.9990 -0.0371 0.0238
vn 0.9990 -0.0377 0.0242
vn 0.9864 -0.0358 -0.1606
vn 0.9860 -0.0405 -0.1618
vn 0.7292 -0.0208 -0.6840
vn 0.7307 -0.0155 -0.6825
vn 0.0015 -0.0227 -0.9997
vn 0.0011 -0.0236 -0.9997
vn -0.7721 -0.0192 -0.6352
vn -0.7744 -0.0254 -0.6322
vn -0.9961 -0.0354 -0.0812
vn -0.9961 -0.0401 -0.0790
vn -0.9988 -0.0375 0.0319
vn -0.9988 -0.0376 0.0320
vn -0.8847 -0.4649 0.0341
vn -0.9424 -0.3266 0.0718
vn -0.9888 -0.1287 0.0754
vn -0.9947 0.0866 0.0555
vn -0.9562 0.1221 0.2659
vn -0.9284 -0.3255 -0.1793
vn -0.9411 0.2970 -0.1615
vn -0.9790 0.1920 -0.0682
vn -0.8462 0.5303 0.0528
vn -0.5684 0.8023 0.1823
vn -0.7206 0.6080 0.3333
vn -0.8107 0.3334 0.4813
vn 0.0537 0.8936 0.4456
vn -0.0117 0.6160 0.7876
vn 0.7740 0.5512 0.3116
vn 0.7184 0.4040 0.5664
vn 0.0408 0.9399 0.3391
vn 0.6496 0.7558 0.0823
vn 0.7368 -0.0319 -0.6754
vn 0.0177 0.0018 -0.9998
vn 0.6473 -0.0313 -0.7616
vn 0.0041 -0.0058 -1.0000
vn 0.7338 -0.0617 -0.6766
vn -0.0003 -0.0562 -0.9984
vn 0.7925 -0.0799 -0.6046
vn 0.0111 -0.0730 -0.9973
vn 0.7792 0.0217 -0.6264
vn 0.0382 0.0139 -0.9992
vn 0.7636 0.0890 -0.6395
vn 0.0163 -0.2768 -0.9608
vn 0.0127 -0.2968 -0.9549
vn -0.6726 -0.4929 -0.5520
vn -0.7329 0.1532 -0.6629
vn -0.9588 0.0129 -0.2837
vn -0.9348 -0.1535 -0.3203
vn -0.6597 -0.1769 -0.7304
vn -0.8545 -0.3897 -0.3433
vn -0.7046 -0.3981 -0.5874
vn 0.0007 -0.1467 -0.9892
vn -0.0019 -0.4810 -0.8767
vn 0.6892 -0.1629 -0.7060
vn 0.7592 -0.3489 -0.5495
vn 0.9921 -0.1109 -0.0583
vn 0.8988 -0.4316 -0.0769
vn 0.8897 -0.4535 0.0522
vn 0.9787 -0.1836 0.0918
vn 0.7488 -0.6524 -0.1171
vn 0.9771 -0.0498 -0.2069
vn 0.9612 0.1078 -0.2538
vn 0.8653 0.4532 -0.2141
vn 0.9996 0.0272 0.0121
vn 0.7053 0.1716 0.6879
vn -0.0079 0.1960 0.9806
vn -0.6992 0.1246 0.7040
vn -0.9044 -0.0304 0.4256
vn -0.7095 0.0395 0.7036
vn -0.9264 0.0315 0.3752
vn -0.7073 -0.0399 0.7058
vn -0.9113 -0.0610 0.4072
vn -0.7226 -0.0543 0.6891
vn -0.9215 -0.0207 0.3879
vn -0.7434 -0.0345 0.6679
vn -0.8537 -0.2238 0.4703
vn -0.8425 -0.1665 0.5124
vn -0.7071 -0.2148 0.6738
vn -0.7972 -0.0310 0.6029
vn -0.7419 -0.0158 0.6704
vn 0.7005 0.0209 0.7133
vn 0.0012 0.0092 1.0000
vn -0.0306 -0.0350 0.9989
vn -0.0130 -0.0750 0.9971
vn 0.0081 -0.0390 0.9992
vn -0.7020 -0.0126 0.7121
vn 0.7154 -0.0469 0.6972
vn 0.7031 -0.0438 0.7098
vn 0.7114 -0.0156 0.7026
vn 0.7463 0.0402 0.6644
vn 0.7528 0.1508 -0.6407
vn 0.0144 0.1873 -0.9822
vn 0.9950 -0.0867 0.0495
vn 0.9997 0.0045 0.0242
vn 0.9947 -0.0422 0.0935
vn 0.9971 -0.0632 0.0428
vn 0.9671 -0.2393 0.0862
vn 0.8254 0.0135 0.5643
vn 0.7829 -0.0040 0.6222
vn 0.9929 0.0255 0.1165
vn 0.9516 -0.3008 0.0635
vn 0.8868 -0.0564 -0.4587
vn 0.9053 -0.1368 -0.4021
vn -0.8946 -0.1801 -0.4089
vn -0.6618 -0.2510 -0.7064
vn -0.8935 -0.0827 -0.4415
vn -0.7600 -0.0302 -0.6493
vn -0.7092 -0.0484 -0.7034
vn -0.7137 0.0124 -0.7004
vn -0.8588 -0.0309 -0.5113
vn -0.6822 -0.0546 -0.7291
vn -0.9441 0.0150 -0.3292
vn -0.7791 -0.0963 -0.6195
vn -0.9665 -0.0915 -0.2397
vn -0.7999 0.0285 -0.5994
vn -0.9532 -0.0301 -0.3009
vn -0.9260 -0.1531 -0.3450
vn -0.7197 -0.3892 -0.5749
vn -0.6402 0.2915 0.7107
vn -0.8485 0.4706 0.2420
vn -0.9018 0.2732 0.3348
vn -0.6535 -0.1259 0.7464
vn 0.0282 0.0647 0.9975
vn 0.0280 0.4729 0.8807
vn 0.6848 0.0315 0.7280
vn 0.6966 0.3278 0.6382
vn 0.9501 0.2050 0.2351
vn 0.9124 0.3835 0.1428
vn 0.6440 0.7199 0.2590
vn 0.5043 0.8601 0.0771
vn 0.0232 0.9925 0.1203
vn 0.0175 0.9093 0.4157
vn -0.4973 0.8592 0.1203
vn -0.5769 0.7548 0.3121
vn -0.0001 -0.7655 -0.6434
vn -0.0002 -0.9997 0.0228
vn -0.0005 -0.9997 0.0228
vn -0.0002 -0.9997 0.0227
vn -0.0001 -0.9997 0.0227
vn -0.0001 -0.9997 0.0226
vn 0.0485 -0.7048 -0.7077
vn 0.0034 -0.7046 -0.7096
vn 0.0460 -0.5709 -0.8197
vn -0.0110 -0.6864 0.7271
vn -0.0001 -0.7038 0.7104
vn -0.0001 -0.6928 0.7211
vn 0.9260 0.0405 -0.3753
vn 0.8822 0.2067 -0.4230
vn 0.9447 -0.3278 0.0013
vn 0.9274 -0.3688 0.0628
vn 0.7278 -0.1796 0.6618
vn 0.7425 -0.1423 0.6545
vn 0.0067 -0.1012 0.9948
vn 0.0074 -0.1011 0.9949
vn -0.6615 -0.1424 0.7363
vn -0.6603 -0.1800 0.7291
vn -0.9422 -0.3201 0.0993
vn -0.9103 -0.4021 0.0986
vn -0.9628 -0.0351 -0.2677
vn -0.9498 0.0691 -0.3052
vn 0.9961 -0.0401 -0.0790
vn 0.9988 -0.0375 0.0319
vn 0.9988 -0.0376 0.0320
vn 0.9961 -0.0354 -0.0812
vn 0.7744 -0.0254 -0.6322
vn 0.7721 -0.0192 -0.6352
vn -0.0011 -0.0236 -0.9997
vn -0.0015 -0.0227 -0.9997
vn -0.7307 -0.0155 -0.6825
vn -0.7292 -0.0208 -0.6840
vn -0.9864 -0.0358 -0.1606
vn -0.9860 -0.0405 -0.1618
vn -0.9990 -0.0371 0.0238
vn -0.9990 -0.0377 0.0242
vn 0.0030 0.9999 0.0150
vn 0.0110 0.8724 -0.4887
vn -0.4412 0.8127 -0.3807
vn -0.5305 0.7819 -0.3274
vn -0.5428 0.8339 0.1001
vn -0.5440 0.7537 0.3688
vn -0.4073 0.8176 0.4069
vn -0.0021 0.8190 0.5737
vn 0.3812 0.8257 0.4157
vn 0.5430 0.7894 0.2863
vn 0.5616 0.8274 0.0081
vn 0.5502 0.7510 -0.3651
vn 0.4751 0.7975 -0.3718
vn -0.0030 0.9999 0.0150
vn 0.4412 0.8127 -0.3807
vn -0.0110 0.8724 -0.4887
vn -0.4751 0.7975 -0.3718
vn -0.5502 0.7510 -0.3651
vn -0.5616 0.8274 0.0081
vn -0.5430 0.7894 0.2863
vn -0.3812 0.8257 0.4157
vn 0.0021 0.8190 0.5737
vn 0.4073 0.8176 0.4069
vn 0.5440 0.7537 0.3688
vn 0.5428 0.8339 0.1001
vn 0.5305 0.7819 -0.3274
vn -0.1767 -0.9570 0.2300
vn 0.4115 -0.8862 0.2129
vn -0.1238 -0.5037 0.8550
vn 0.4488 -0.7895 -0.4187
vn -0.1203 -0.8360 -0.5354
vn 0.5754 -0.3823 -0.7230
vn -0.0196 -0.3814 -0.9242
vn 0.5767 0.4393 -0.6888
vn -0.0017 0.5243 -0.8515
vn 0.5765 0.7041 0.4146
vn -0.0007 0.8534 0.5212
vn 0.5765 -0.0095 0.8170
vn -0.0212 0.0849 0.9962
vn 0.4495 -0.5150 0.7299
vn 0.9848 -0.1690 0.0406
vn -0.9828 0.1790 -0.0460
vn -0.9835 0.1758 -0.0422
vn -0.9894 0.1412 -0.0339
vn -0.9895 0.1390 -0.0397
vn -0.9942 0.1043 -0.0269
vn -0.9942 0.1052 -0.0234
vn -0.9895 0.1419 -0.0278
vn -0.9828 0.1804 -0.0404
vn 0.1767 -0.9570 0.2300
vn 0.1204 -0.5014 0.8568
vn -0.4488 -0.5131 0.7317
vn -0.4115 -0.8862 0.2130
vn 0.1237 -0.8372 -0.5328
vn -0.4495 -0.7904 -0.4162
vn 0.0211 -0.3770 -0.9260
vn -0.5765 -0.3797 -0.7235
vn 0.0007 0.5234 -0.8521
vn -0.5765 0.4389 -0.6892
vn 0.0016 0.8540 0.5203
vn -0.5767 0.7043 0.4139
vn 0.0196 0.0802 0.9966
vn -0.5754 -0.0120 0.8178
vn -0.9848 -0.1690 0.0406
vn 0.9835 0.1758 -0.0422
vn 0.9828 0.1790 -0.0460
vn 0.9894 0.1412 -0.0339
vn 0.9828 0.1804 -0.0404
vn 0.9895 0.1419 -0.0278
vn 0.9942 0.1052 -0.0234
vn 0.9942 0.1043 -0.0269
vn 0.9895 0.1390 -0.0397
vn -0.8364 -0.3068 0.4542
vn -0.5930 -0.6695 0.4474
vn -0.5922 -0.6275 0.5055
vn -0.2457 -0.6974 0.6732
vn -0.0214 -0.5989 0.8005
vn -0.7110 -0.5009 0.4936
vn -0.9314 -0.0976 0.3507
vn -0.9318 -0.3014 0.2024
vn -0.7569 -0.4320 0.4904
vn -0.9283 -0.1861 0.3219
vn -0.8744 -0.1827 0.4495
vn -0.7124 0.1788 -0.6786
vn -0.8559 0.2078 -0.4735
vn -0.7843 0.2071 -0.5848
vn -0.8482 0.3207 -0.4215
vn -0.8320 0.3556 -0.4259
vn -0.8477 0.0258 -0.5299
vn -0.6806 0.0932 -0.7267
vn -0.8491 0.0170 -0.5279
vn -0.8408 0.0873 -0.5342
vn -0.5609 0.0322 -0.8273
vn -0.8306 -0.3481 -0.4347
vn -0.5585 -0.3874 -0.7335
vn -0.3170 -0.1114 -0.9419
vn -0.5457 -0.5780 -0.6068
vn -0.0673 -0.3387 -0.9385
vn 0.0402 -0.7635 -0.6446
vn 0.5575 -0.6038 -0.5697
vn 0.5938 -0.5962 -0.5404
vn 0.5233 -0.8199 -0.2322
vn 0.8341 -0.5263 -0.1651
vn 0.4842 -0.8076 0.3367
vn 0.5343 -0.6168 0.5781
vn -0.2305 -0.6524 0.7219
vn -0.7693 -0.2326 0.5950
vn -0.7746 -0.1496 0.6145
vn -0.6593 -0.1551 0.7357
vn -0.6771 0.0478 0.7343
vn -0.9552 0.0196 0.2955
vn -0.9184 -0.1102 0.3799
vn -0.9024 0.1999 0.3818
vn -0.9160 0.1737 0.3616
vn -0.6025 0.1917 0.7747
vn -0.9156 0.2054 0.3457
vn -0.6437 0.1700 0.7462
vn -0.8533 0.4676 0.2307
vn -0.7126 -0.1662 0.6816
vn -0.0311 -0.2509 0.9675
vn 0.1140 0.0932 0.9891
vn 0.2562 0.1394 0.9565
vn 0.7170 0.1220 0.6863
vn 0.7312 0.2641 0.6290
vn 0.9781 0.1952 0.0720
vn 0.9405 0.3397 -0.0064
vn 0.8063 0.1693 -0.5668
vn 0.7919 0.2915 -0.5366
vn 0.2611 0.1781 -0.9488
vn 0.2148 0.0558 -0.9751
vn -0.4737 0.0700 -0.8779
vn -0.2037 -0.2389 -0.9494
vn -0.7694 -0.0924 -0.6321
vn -0.3387 -0.7001 -0.6286
vn -0.5347 0.6349 -0.5576
vn -0.2158 -0.6926 -0.6883
vn 0.5592 -0.8012 -0.2128
vn -0.3906 -0.7224 -0.5706
vn -0.0615 -0.2672 -0.9617
vn -0.0109 -0.1531 -0.9881
vn 0.3046 0.1973 -0.9318
vn 0.4194 0.1013 -0.9021
vn 0.7259 0.4269 -0.5393
vn 0.9089 0.4140 -0.0500
vn 0.7415 0.3588 0.5670
vn 0.9018 0.4322 0.0001
vn 0.7057 0.4110 0.5771
vn 0.6594 0.4399 0.6097
vn 0.3548 0.3583 0.8636
vn 0.2350 0.3959 0.8877
vn -0.0305 0.2102 0.9772
vn -0.0193 0.3159 0.9486
vn -0.2413 0.3391 0.9093
vn -0.3343 0.3741 0.8650
vn -0.7038 0.4203 0.5728
vn -0.7698 0.3489 0.5345
vn -0.9073 0.4203 -0.0138
vn -0.7417 0.2433 0.6251
vn -0.9352 0.3530 0.0281
vn -0.7104 0.1819 0.6799
vn -0.9753 0.1995 0.0945
vn -0.7654 0.2136 0.6071
vn -0.9687 0.2360 0.0766
vn -0.7179 0.0960 0.6895
vn -0.9995 0.0016 -0.0312
vn -0.9805 -0.1686 -0.1007
vn -0.6768 -0.1583 -0.7189
vn -0.9488 -0.3124 -0.0471
vn -0.7152 -0.3951 -0.5766
vn -0.6420 -0.5448 -0.5395
vn -0.4054 -0.2934 -0.8658
vn -0.4226 -0.5329 -0.7331
vn -0.2696 -0.1626 -0.9491
vn -0.5234 -0.5111 -0.6817
vn -0.1534 -0.3133 -0.9372
vn -0.5880 -0.6111 -0.5299
vn 0.0750 -0.7437 -0.6643
vn 0.5446 -0.7287 -0.4152
vn 0.5283 -0.6612 -0.5326
vn 0.8314 -0.3570 -0.4259
vn 0.6445 -0.3779 -0.6647
vn 0.8576 -0.4623 -0.2253
vn 0.8294 -0.3596 -0.4276
vn 0.6624 0.0074 -0.7491
vn 0.8408 0.0873 -0.5342
vn 0.6986 0.1200 -0.7054
vn 0.8491 0.0170 -0.5279
vn 0.8631 0.0795 -0.4988
vn 0.7114 0.1777 -0.6799
vn 0.8619 0.2831 -0.4206
vn 0.8513 0.1185 -0.5112
vn 0.7836 0.2031 -0.5871
vn 0.8307 0.2324 -0.5058
vn 0.8094 0.4931 -0.3189
vn 0.7131 -0.1231 -0.6902
vn 0.2588 -0.7056 -0.6597
vn 0.2155 -0.2559 -0.9424
vn 0.1661 -0.7166 -0.6774
vn -0.0006 -0.1835 -0.9830
vn 0.1071 -0.3143 -0.9433
vn -0.0156 0.1450 -0.9893
vn -0.2925 0.2110 -0.9327
vn -0.0007 0.3822 -0.9241
vn -0.3756 0.4629 -0.8029
vn -0.0233 0.5011 -0.8651
vn -0.3258 0.6089 -0.7232
vn -0.3056 0.5012 -0.8096
vn -0.7202 0.4234 -0.5496
vn -0.6555 0.2732 -0.7040
vn -0.9161 0.4010 0.0064
vn -0.9003 0.4346 -0.0225
vn -0.6370 0.3896 0.6652
vn -0.0509 0.5300 -0.8465
vn 0.0525 0.9341 0.3531
vn -0.3322 -0.9051 -0.2653
vn 0.3495 -0.7394 -0.5754
vn -0.2624 0.1773 -0.9485
vn -0.2600 0.0311 -0.9651
vn 0.4754 0.0715 -0.8768
vn 0.3782 0.1855 -0.9069
vn -0.2948 0.2210 -0.9296
vn -0.2341 -0.1318 -0.9632
vn -0.8017 0.2055 -0.5613
vn -0.8298 -0.0963 -0.5498
vn 0.1719 -0.0393 -0.9843
vn -0.4335 0.1266 -0.8922
vn -0.7324 0.4030 -0.5488
vn -0.7486 0.4468 -0.4899
vn 0.0391 -0.3464 -0.9373
vn -0.7827 0.2994 -0.5456
vn -0.8006 0.1821 -0.5709
vn -0.5644 -0.7952 -0.2217
vn -0.8307 -0.5298 -0.1710
vn -0.5144 -0.7844 0.3465
vn -0.6143 -0.5828 0.5319
vn 0.3075 -0.6348 0.7089
vn 0.0217 -0.5759 0.8172
vn 0.6090 -0.6081 0.5093
vn 0.6114 -0.6320 0.4762
vn 0.8554 -0.3071 0.4171
vn 0.7155 -0.5034 0.4844
vn 0.2342 -0.6437 0.7286
vn -0.5747 -0.6210 0.5330
vn -0.9108 -0.4127 0.0079
vn -0.6333 -0.5464 0.5480
vn -0.0292 -0.5464 0.8370
vn -0.0337 -0.0878 0.9956
vn 0.7784 -0.2412 0.5796
vn 0.7801 -0.1363 0.6106
vn 0.9355 -0.1161 0.3336
vn 0.9282 -0.1878 0.3213
vn 0.7506 -0.4487 0.4850
vn 0.8744 -0.1827 0.4495
vn 0.6569 -0.1577 0.7373
vn 0.6786 0.0482 0.7329
vn -0.0122 -0.0286 0.9995
vn -0.0801 -0.0190 0.9966
vn -0.2915 0.1504 0.9447
vn -0.1107 0.1680 0.9795
vn -0.3008 0.0998 0.9484
vn -0.3794 0.3130 0.8707
vn -0.1181 0.2615 0.9580
vn 0.0012 0.1703 0.9854
vn -0.0117 -0.1011 0.9948
vn 0.0984 0.2132 0.9720
vn 0.2582 -0.5031 0.8247
vn -0.0331 -0.7919 0.6098
vn -0.0230 -0.4951 0.8685
vn 0.6473 0.0051 0.7622
vn -0.2681 -0.4384 0.8579
vn 0.1142 -0.2397 0.9641
vn 0.4083 0.3007 0.8619
vn 0.6166 0.1690 0.7689
vn 0.6687 0.2076 0.7140
vn 0.8198 0.5310 0.2144
vn 0.9130 0.2031 0.3537
vn 0.9417 0.0766 0.3277
vn 0.9285 0.1586 0.3359
vn 0.9227 -0.0455 0.3827
vn 0.9552 0.0196 0.2955
vn 0.9998 0.0119 -0.0171
vn 0.6849 -0.2869 -0.6698
vn 0.8272 -0.1022 -0.5525
vn 0.9770 -0.1805 -0.1131
vn 0.6529 0.3664 0.6629
vn 0.9693 0.2301 0.0868
vn 0.7228 0.1765 0.6682
vn 0.6817 0.1097 0.7233
vn 0.7997 0.2111 -0.5621
vn 0.2273 -0.1051 -0.9681
vn -0.2112 -0.0745 -0.9746
vn -0.2022 -0.3931 -0.8970
vn 0.6588 -0.0540 -0.7504
vn 0.6176 -0.2981 -0.7278
vn 0.8871 -0.2359 -0.3967
vn 0.9182 -0.3583 -0.1688
vn 0.9153 -0.2881 0.2815
vn 0.6437 -0.4262 0.6356
vn 0.0276 -0.1097 0.9936
vn -0.0211 -0.0022 0.9998
vn 0.1226 0.0095 0.9924
vn 0.3648 0.1275 0.9223
vn 0.8662 -0.1729 -0.4689
vn 0.9385 -0.3151 -0.1414
vn 0.7250 -0.4530 0.5188
vn 0.0645 -0.5171 0.8535
vn 0.3092 0.2146 -0.9265
vn -0.3783 0.1856 -0.9069
vn -0.8120 0.4527 -0.3685
vn 0.9376 -0.3184 0.1396
vn 0.0488 0.0803 -0.9956
vn 0.3793 0.4453 -0.8111
vn 0.0102 0.4218 -0.9066
vn 0.2648 0.5883 -0.7641
vn 0.0579 0.4800 -0.8754
vn 0.0543 0.5275 -0.8478
vn 0.2285 0.5449 -0.8067
vn 0.7078 0.3677 -0.6032
vn 0.7418 0.4330 -0.5121
vn 0.9059 0.4228 -0.0247
vn 0.7593 0.4033 -0.5107
vn 0.6439 -0.6437 -0.4137
vn -0.6761 -0.1320 0.7249
vn -0.9139 0.0596 0.4015
vn -0.4788 -0.7786 -0.4057
vn -0.6030 -0.7135 -0.3567
vn -0.7460 -0.2870 -0.6009
vn -0.7856 -0.5337 -0.3131
vn -0.2172 -0.1351 0.9667
vn -0.9165 0.1930 0.3504
vn -0.4633 -0.4950 0.7350
vn 0.2861 -0.7858 0.5483
vn 0.3505 -0.8342 0.4258
vn -0.4587 -0.8838 -0.0922
vn 0.4465 -0.0054 0.8948
vn 0.5818 -0.7426 0.3318
vn 0.5504 0.0096 0.8348
vn 0.5025 -0.7865 0.3591
vn -0.2584 -0.9408 -0.2196
vn -0.8664 -0.3198 -0.3834
vn -0.7455 -0.2520 -0.6170
vn -0.8254 0.3088 -0.4725
vn -0.7314 0.3435 -0.5891
vn -0.4538 -0.1259 -0.8822
vn -0.5904 0.3964 -0.7030
vn -0.4717 -0.0997 -0.8761
vn -0.5754 0.4109 -0.7071
vn -0.7445 -0.2069 -0.6347
vn -0.6113 0.4303 -0.6641
vn -0.6525 0.4179 -0.6321
vn -0.8403 -0.2892 -0.4585
vn 0.0382 -0.9121 -0.4082
vn -0.1341 -0.9770 -0.1659
vn 0.4417 -0.7837 0.4367
vn 0.3864 -0.8119 0.4376
vn 0.4845 0.0251 0.8745
vn 0.3816 0.0299 0.9238
vn -0.0696 0.8066 0.5869
vn -0.0484 0.6892 0.7229
vn -0.3285 0.9339 0.1411
vn -0.3183 0.9371 0.1434
vn 0.0059 0.8394 0.5434
vn -0.3424 0.9340 0.1017
vn -0.1019 0.8022 0.5883
vn -0.4179 0.9065 0.0607
vn -0.2610 0.8289 0.4947
vn -0.5131 0.8582 -0.0159
vn -0.3192 0.8188 0.4770
vn -0.6455 0.7636 -0.0154
vn -0.5933 0.4562 0.6632
vn 0.3705 -0.0362 0.9281
vn 0.3807 -0.0398 0.9239
vn 0.1195 -0.8825 -0.4548
vn 0.0737 -0.8769 -0.4749
vn 0.2659 0.2501 0.9310
vn 0.0682 0.6606 0.7477
vn 0.4838 -0.5490 0.6815
vn -0.1998 -0.9795 -0.0251
usemtl Material-3670.000
s off
f 1756/1756/1759 1757/1757/1759 1758/1758/1759
f 1759/1759/1759 1756/1756/1759 1758/1758/1759
f 1760/1760/1759 1756/1756/1759 1759/1759/1759
f 1761/1761/1759 1762/1762/1759 1763/1763/1759
f 1764/1764/1759 1762/1762/1759 1761/1761/1759
f 1765/1765/1759 1762/1762/1759 1764/1764/1759
s 1
f 1766/1766/1760 1767/1767/1761 1768/1768/1762
f 1769/1769/1763 1770/1770/1764 1767/1767/1761
f 1766/1766/1760 1769/1769/1763 1767/1767/1761
f 1771/1771/1765 1769/1769/1763 1766/1766/1760
f 1772/1772/1766 1773/1773/1767 1770/1770/1764
f 1769/1769/1763 1772/1772/1766 1770/1770/1764
f 1774/1774/1768 1772/1772/1766 1769/1769/1763
f 1771/1771/1765 1774/1774/1768 1769/1769/1763
f 1775/1775/1769 1774/1774/1768 1771/1771/1765
f 1776/1776/1770 1777/1777/1771 1773/1773/1767
f 1772/1772/1766 1776/1776/1770 1773/1773/1767
f 1778/1778/1772 1776/1776/1770 1772/1772/1766
f 1774/1774/1768 1778/1778/1772 1772/1772/1766
f 1779/1779/1773 1778/1778/1772 1774/1774/1768
f 1775/1775/1769 1779/1779/1773 1774/1774/1768
f 1780/1780/1774 1779/1779/1773 1775/1775/1769
f 1781/1781/1775 1782/1782/1776 1777/1777/1771
f 1776/1776/1770 1781/1781/1775 1777/1777/1771
f 1783/1783/1777 1781/1781/1775 1776/1776/1770
f 1778/1778/1772 1783/1783/1777 1776/1776/1770
f 1784/1784/1778 1783/1783/1777 1778/1778/1772
f 1779/1779/1773 1784/1784/1778 1778/1778/1772
f 1785/1785/1779 1784/1784/1778 1779/1779/1773
f 1780/1780/1774 1785/1785/1779 1779/1779/1773
f 1786/1786/1780 1785/1785/1779 1780/1780/1774
f 1787/1787/1781 1788/1788/1782 1782/1782/1776
f 1781/1781/1775 1787/1787/1781 1782/1782/1776
f 1789/1789/1783 1787/1787/1781 1781/1781/1775
f 1783/1783/1777 1789/1789/1783 1781/1781/1775
f 1790/1790/1784 1789/1789/1783 1783/1783/1777
f 1784/1784/1778 1790/1790/1784 1783/1783/1777
f 1791/1791/1785 1790/1790/1784 1784/1784/1778
f 1785/1785/1779 1791/1791/1785 1784/1784/1778
f 1792/1792/1786 1791/1791/1785 1785/1785/1779
f 1786/1786/1780 1792/1792/1786 1785/1785/1779
f 1793/1793/1787 1792/1792/1786 1786/1786/1780
f 1794/1794/1788 1795/1795/1789 1796/1796/1790
f 1797/1797/1791 1794/1794/1788 1796/1796/1790
f 1798/1798/1792 1794/1794/1788 1797/1797/1791
f 1799/1799/1793 1798/1798/1792 1797/1797/1791
f 1800/1800/1794 1798/1798/1792 1799/1799/1793
f 1801/1801/1795 1800/1800/1794 1799/1799/1793
f 1802/1802/1796 1800/1800/1794 1801/1801/1795
f 1803/1803/1797 1802/1802/1796 1801/1801/1795
f 1804/1804/1798 1802/1802/1796 1803/1803/1797
f 1805/1805/1799 1804/1804/1798 1803/1803/1797
f 1806/1806/1800 1805/1805/1799 1803/1803/1797
f 1807/1807/1801 1805/1805/1799 1806/1806/1800
f 1808/1808/1802 1807/1807/1801 1806/1806/1800
f 1809/1809/1803 1807/1807/1801 1808/1808/1802
f 1810/1810/1804 1809/1809/1803 1808/1808/1802
f 1811/1811/1805 1809/1809/1803 1810/1810/1804
f 1812/1812/1806 1811/1811/1805 1810/1810/1804
f 1813/1813/1807 1811/1811/1805 1812/1812/1806
f 1814/1814/1808 1813/1813/1807 1812/1812/1806
f 1815/1815/1809 1813/1813/1807 1814/1814/1808
f 1816/1816/1810 1815/1815/1809 1814/1814/1808
f 1817/1817/1811 1815/1815/1809 1816/1816/1810
f 1818/1818/1812 1817/1817/1811 1816/1816/1810
f 1819/1819/1813 1817/1817/1811 1818/1818/1812
f 1820/1820/1814 1819/1819/1813 1818/1818/1812
f 1821/1821/1815 1819/1819/1813 1820/1820/1814
f 1822/1822/1816 1821/1821/1815 1820/1820/1814
f 1823/1823/1817 1821/1821/1815 1822/1822/1816
f 1824/1824/1818 1823/1823/1817 1822/1822/1816
f 1825/1825/1819 1823/1823/1817 1824/1824/1818
f 1826/1826/1820 1825/1825/1819 1824/1824/1818
f 1827/1827/1821 1825/1825/1819 1826/1826/1820
f 1828/1828/1822 1827/1827/1821 1826/1826/1820
f 1829/1829/1823 1827/1827/1821 1828/1828/1822
f 1830/1830/1824 1829/1829/1823 1828/1828/1822
f 1793/1793/1787 1829/1829/1823 1830/1830/1824
f 1792/1792/1786 1793/1793/1787 1830/1830/1824
f 1831/1831/1825 1792/1792/1786 1830/1830/1824
f 1791/1791/1785 1792/1792/1786 1831/1831/1825
f 1832/1832/1826 1791/1791/1785 1831/1831/1825
f 1790/1790/1784 1791/1791/1785 1832/1832/1826
f 1833/1833/1827 1790/1790/1784 1832/1832/1826
f 1789/1789/1783 1790/1790/1784 1833/1833/1827
f 1834/1834/1828 1789/1789/1783 1833/1833/1827
f 1787/1787/1781 1789/1789/1783 1834/1834/1828
f 1835/1835/1829 1787/1787/1781 1834/1834/1828
f 1788/1788/1782 1787/1787/1781 1835/1835/1829
f 1836/1836/1830 1788/1788/1782 1835/1835/1829
f 1837/1837/1831 1836/1836/1830 1835/1835/1829
f 1838/1838/1832 1837/1837/1831 1835/1835/1829
f 1839/1839/1833 1837/1837/1831 1838/1838/1832
f 1840/1840/1834 1839/1839/1833 1838/1838/1832
f 1841/1841/1835 1839/1839/1833 1840/1840/1834
f 1842/1842/1836 1841/1841/1835 1840/1840/1834
f 1843/1843/1837 1841/1841/1835 1842/1842/1836
f 1844/1844/1838 1843/1843/1837 1842/1842/1836
f 1845/1845/1839 1843/1843/1837 1844/1844/1838
f 1846/1846/1840 1845/1845/1839 1844/1844/1838
f 1847/1847/1841 1845/1845/1839 1846/1846/1840
f 1848/1848/1842 1847/1847/1841 1846/1846/1840
f 1849/1849/1843 1847/1847/1841 1848/1848/1842
f 1850/1850/1844 1849/1849/1843 1848/1848/1842
f 1851/1851/1845 1849/1849/1843 1850/1850/1844
f 1852/1852/1846 1851/1851/1845 1850/1850/1844
f 1853/1853/1847 1851/1851/1845 1852/1852/1846
f 1854/1854/1848 1853/1853/1847 1852/1852/1846
f 1855/1855/1849 1853/1853/1847 1854/1854/1848
f 1856/1856/1850 1855/1855/1849 1854/1854/1848
f 1857/1857/1851 1855/1855/1849 1856/1856/1850
f 1858/1858/1852 1857/1857/1851 1856/1856/1850
f 1859/1859/1853 1857/1857/1851 1858/1858/1852
f 1860/1860/1854 1859/1859/1853 1858/1858/1852
f 1861/1861/1855 1859/1859/1853 1860/1860/1854
f 1862/1862/1856 1861/1861/1855 1860/1860/1854
f 1863/1863/1857 1861/1861/1855 1862/1862/1856
f 1864/1864/1858 1863/1863/1857 1862/1862/1856
f 1865/1865/1859 1863/1863/1857 1864/1864/1858
f 1866/1866/1860 1865/1865/1859 1864/1864/1858
f 1867/1867/1861 1865/1865/1859 1866/1866/1860
f 1868/1868/1862 1867/1867/1861 1866/1866/1860
f 1869/1869/1863 1867/1867/1861 1868/1868/1862
f 1870/1870/1864 1869/1869/1863 1868/1868/1862
f 1871/1871/1865 1869/1869/1863 1870/1870/1864
f 1872/1872/1866 1871/1871/1865 1870/1870/1864
f 1873/1873/1867 1871/1871/1865 1872/1872/1866
f 1874/1874/1868 1873/1873/1867 1872/1872/1866
f 1875/1875/1869 1873/1873/1867 1874/1874/1868
f 1838/1838/1832 1835/1835/1829 1834/1834/1828
f 1876/1876/1870 1838/1838/1832 1834/1834/1828
f 1840/1840/1834 1838/1838/1832 1876/1876/1870
f 1877/1877/1871 1840/1840/1834 1876/1876/1870
f 1842/1842/1836 1840/1840/1834 1877/1877/1871
f 1878/1878/1872 1842/1842/1836 1877/1877/1871
f 1844/1844/1838 1842/1842/1836 1878/1878/1872
f 1879/1879/1873 1844/1844/1838 1878/1878/1872
f 1846/1846/1840 1844/1844/1838 1879/1879/1873
f 1880/1880/1874 1846/1846/1840 1879/1879/1873
f 1848/1848/1842 1846/1846/1840 1880/1880/1874
f 1881/1881/1875 1848/1848/1842 1880/1880/1874
f 1850/1850/1844 1848/1848/1842 1881/1881/1875
f 1882/1882/1876 1850/1850/1844 1881/1881/1875
f 1852/1852/1846 1850/1850/1844 1882/1882/1876
f 1883/1883/1877 1852/1852/1846 1882/1882/1876
f 1854/1854/1848 1852/1852/1846 1883/1883/1877
f 1884/1884/1878 1854/1854/1848 1883/1883/1877
f 1856/1856/1850 1854/1854/1848 1884/1884/1878
f 1885/1885/1879 1856/1856/1850 1884/1884/1878
f 1858/1858/1852 1856/1856/1850 1885/1885/1879
f 1886/1886/1880 1858/1858/1852 1885/1885/1879
f 1860/1860/1854 1858/1858/1852 1886/1886/1880
f 1887/1887/1881 1860/1860/1854 1886/1886/1880
f 1862/1862/1856 1860/1860/1854 1887/1887/1881
f 1888/1888/1882 1862/1862/1856 1887/1887/1881
f 1864/1864/1858 1862/1862/1856 1888/1888/1882
f 1889/1889/1883 1864/1864/1858 1888/1888/1882
f 1866/1866/1860 1864/1864/1858 1889/1889/1883
f 1890/1890/1884 1866/1866/1860 1889/1889/1883
f 1868/1868/1862 1866/1866/1860 1890/1890/1884
f 1891/1891/1885 1868/1868/1862 1890/1890/1884
f 1870/1870/1864 1868/1868/1862 1891/1891/1885
f 1796/1796/1790 1870/1870/1864 1891/1891/1885
f 1872/1872/1866 1870/1870/1864 1796/1796/1790
f 1795/1795/1789 1872/1872/1866 1796/1796/1790
f 1874/1874/1868 1872/1872/1866 1795/1795/1789
f 1876/1876/1870 1834/1834/1828 1833/1833/1827
f 1892/1892/1886 1876/1876/1870 1833/1833/1827
f 1877/1877/1871 1876/1876/1870 1892/1892/1886
f 1893/1893/1887 1877/1877/1871 1892/1892/1886
f 1878/1878/1872 1877/1877/1871 1893/1893/1887
f 1894/1894/1888 1878/1878/1872 1893/1893/1887
f 1879/1879/1873 1878/1878/1872 1894/1894/1888
f 1895/1895/1889 1879/1879/1873 1894/1894/1888
f 1880/1880/1874 1879/1879/1873 1895/1895/1889
f 1896/1896/1890 1880/1880/1874 1895/1895/1889
f 1881/1881/1875 1880/1880/1874 1896/1896/1890
f 1897/1897/1891 1881/1881/1875 1896/1896/1890
f 1882/1882/1876 1881/1881/1875 1897/1897/1891
f 1898/1898/1892 1882/1882/1876 1897/1897/1891
f 1883/1883/1877 1882/1882/1876 1898/1898/1892
f 1899/1899/1893 1883/1883/1877 1898/1898/1892
f 1884/1884/1878 1883/1883/1877 1899/1899/1893
f 1900/1900/1894 1884/1884/1878 1899/1899/1893
f 1885/1885/1879 1884/1884/1878 1900/1900/1894
f 1901/1901/1895 1885/1885/1879 1900/1900/1894
f 1886/1886/1880 1885/1885/1879 1901/1901/1895
f 1902/1902/1896 1886/1886/1880 1901/1901/1895
f 1887/1887/1881 1886/1886/1880 1902/1902/1896
f 1903/1903/1897 1887/1887/1881 1902/1902/1896
f 1888/1888/1882 1887/1887/1881 1903/1903/1897
f 1904/1904/1898 1888/1888/1882 1903/1903/1897
f 1889/1889/1883 1888/1888/1882 1904/1904/1898
f 1905/1905/1899 1889/1889/1883 1904/1904/1898
f 1890/1890/1884 1889/1889/1883 1905/1905/1899
f 1906/1906/1900 1890/1890/1884 1905/1905/1899
f 1891/1891/1885 1890/1890/1884 1906/1906/1900
f 1797/1797/1791 1891/1891/1885 1906/1906/1900
f 1796/1796/1790 1891/1891/1885 1797/1797/1791
f 1892/1892/1886 1833/1833/1827 1832/1832/1826
f 1907/1907/1901 1892/1892/1886 1832/1832/1826
f 1893/1893/1887 1892/1892/1886 1907/1907/1901
f 1908/1908/1902 1893/1893/1887 1907/1907/1901
f 1894/1894/1888 1893/1893/1887 1908/1908/1902
f 1909/1909/1903 1894/1894/1888 1908/1908/1902
f 1895/1895/1889 1894/1894/1888 1909/1909/1903
f 1910/1910/1904 1895/1895/1889 1909/1909/1903
f 1896/1896/1890 1895/1895/1889 1910/1910/1904
f 1911/1911/1905 1896/1896/1890 1910/1910/1904
f 1897/1897/1891 1896/1896/1890 1911/1911/1905
f 1912/1912/1906 1897/1897/1891 1911/1911/1905
f 1898/1898/1892 1897/1897/1891 1912/1912/1906
f 1913/1913/1907 1898/1898/1892 1912/1912/1906
f 1899/1899/1893 1898/1898/1892 1913/1913/1907
f 1914/1914/1908 1899/1899/1893 1913/1913/1907
f 1900/1900/1894 1899/1899/1893 1914/1914/1908
f 1915/1915/1909 1900/1900/1894 1914/1914/1908
f 1901/1901/1895 1900/1900/1894 1915/1915/1909
f 1916/1916/1910 1901/1901/1895 1915/1915/1909
f 1902/1902/1896 1901/1901/1895 1916/1916/1910
f 1917/1917/1911 1902/1902/1896 1916/1916/1910
f 1903/1903/1897 1902/1902/1896 1917/1917/1911
f 1918/1918/1912 1903/1903/1897 1917/1917/1911
f 1904/1904/1898 1903/1903/1897 1918/1918/1912
f 1919/1919/1913 1904/1904/1898 1918/1918/1912
f 1905/1905/1899 1904/1904/1898 1919/1919/1913
f 1920/1920/1914 1905/1905/1899 1919/1919/1913
f 1906/1906/1900 1905/1905/1899 1920/1920/1914
f 1799/1799/1793 1906/1906/1900 1920/1920/1914
f 1797/1797/1791 1906/1906/1900 1799/1799/1793
f 1907/1907/1901 1832/1832/1826 1831/1831/1825
f 1921/1921/1915 1907/1907/1901 1831/1831/1825
f 1908/1908/1902 1907/1907/1901 1921/1921/1915
f 1922/1922/1916 1908/1908/1902 1921/1921/1915
f 1909/1909/1903 1908/1908/1902 1922/1922/1916
f 1923/1923/1917 1909/1909/1903 1922/1922/1916
f 1910/1910/1904 1909/1909/1903 1923/1923/1917
f 1924/1924/1918 1910/1910/1904 1923/1923/1917
f 1911/1911/1905 1910/1910/1904 1924/1924/1918
f 1925/1925/1919 1911/1911/1905 1924/1924/1918
f 1912/1912/1906 1911/1911/1905 1925/1925/1919
f 1926/1926/1920 1912/1912/1906 1925/1925/1919
f 1913/1913/1907 1912/1912/1906 1926/1926/1920
f 1927/1927/1921 1913/1913/1907 1926/1926/1920
f 1914/1914/1908 1913/1913/1907 1927/1927/1921
f 1928/1928/1922 1914/1914/1908 1927/1927/1921
f 1915/1915/1909 1914/1914/1908 1928/1928/1922
f 1929/1929/1923 1915/1915/1909 1928/1928/1922
f 1916/1916/1910 1915/1915/1909 1929/1929/1923
f 1930/1930/1924 1916/1916/1910 1929/1929/1923
f 1917/1917/1911 1916/1916/1910 1930/1930/1924
f 1931/1931/1925 1917/1917/1911 1930/1930/1924
f 1918/1918/1912 1917/1917/1911 1931/1931/1925
f 1932/1932/1926 1918/1918/1912 1931/1931/1925
f 1919/1919/1913 1918/1918/1912 1932/1932/1926
f 1933/1933/1927 1919/1919/1913 1932/1932/1926
f 1920/1920/1914 1919/1919/1913 1933/1933/1927
f 1801/1801/1795 1920/1920/1914 1933/1933/1927
f 1799/1799/1793 1920/1920/1914 1801/1801/1795
f 1921/1921/1915 1831/1831/1825 1830/1830/1824
f 1828/1828/1822 1921/1921/1915 1830/1830/1824
f 1922/1922/1916 1921/1921/1915 1828/1828/1822
f 1826/1826/1820 1922/1922/1916 1828/1828/1822
f 1923/1923/1917 1922/1922/1916 1826/1826/1820
f 1824/1824/1818 1923/1923/1917 1826/1826/1820
f 1924/1924/1918 1923/1923/1917 1824/1824/1818
f 1822/1822/1816 1924/1924/1918 1824/1824/1818
f 1925/1925/1919 1924/1924/1918 1822/1822/1816
f 1820/1820/1814 1925/1925/1919 1822/1822/1816
f 1926/1926/1920 1925/1925/1919 1820/1820/1814
f 1818/1818/1812 1926/1926/1920 1820/1820/1814
f 1927/1927/1921 1926/1926/1920 1818/1818/1812
f 1816/1816/1810 1927/1927/1921 1818/1818/1812
f 1928/1928/1922 1927/1927/1921 1816/1816/1810
f 1814/1814/1808 1928/1928/1922 1816/1816/1810
f 1929/1929/1923 1928/1928/1922 1814/1814/1808
f 1812/1812/1806 1929/1929/1923 1814/1814/1808
f 1930/1930/1924 1929/1929/1923 1812/1812/1806
f 1810/1810/1804 1930/1930/1924 1812/1812/1806
f 1931/1931/1925 1930/1930/1924 1810/1810/1804
f 1808/1808/1802 1931/1931/1925 1810/1810/1804
f 1932/1932/1926 1931/1931/1925 1808/1808/1802
f 1806/1806/1800 1932/1932/1926 1808/1808/1802
f 1933/1933/1927 1932/1932/1926 1806/1806/1800
f 1803/1803/1797 1933/1933/1927 1806/1806/1800
f 1801/1801/1795 1933/1933/1927 1803/1803/1797
f 1934/1934/1928 1935/1935/1929 1936/1936/1930
f 1937/1937/1931 1935/1935/1929 1934/1934/1928
f 1938/1938/1932 1937/1937/1931 1934/1934/1928
f 1939/1939/1933 1937/1937/1931 1938/1938/1932
f 1940/1940/1934 1937/1937/1931 1939/1939/1933
f 1941/1941/1935 1942/1942/1936 1943/1943/1937
f 1944/1944/1938 1942/1942/1936 1941/1941/1935
f 1945/1945/1939 1944/1944/1938 1941/1941/1935
f 1946/1946/1940 1945/1945/1939 1941/1941/1935
f 1947/1947/1941 1945/1945/1939 1946/1946/1940
f 1948/1948/1942 1949/1949/1943 1950/1950/1944
f 1951/1951/1945 1949/1949/1943 1948/1948/1942
f 1952/1952/1946 1951/1951/1945 1948/1948/1942
f 1953/1953/1947 1951/1951/1945 1952/1952/1946
f 1954/1954/1948 1953/1953/1947 1952/1952/1946
f 1955/1955/1949 1954/1954/1948 1952/1952/1946
f 1948/1948/1942 1955/1955/1949 1952/1952/1946
f 1956/1956/1950 1955/1955/1949 1948/1948/1942
f 1950/1950/1944 1956/1956/1950 1948/1948/1942
f 1957/1957/1951 1956/1956/1950 1950/1950/1944
f 1958/1958/1952 1957/1957/1951 1950/1950/1944
f 1959/1959/1953 1957/1957/1951 1958/1958/1952
f 1960/1960/1954 1959/1959/1953 1958/1958/1952
f 1961/1961/1955 1959/1959/1953 1960/1960/1954
f 1962/1962/1956 1961/1961/1955 1960/1960/1954
f 1963/1963/1957 1961/1961/1955 1962/1962/1956
f 1964/1964/1958 1963/1963/1957 1962/1962/1956
f 1953/1953/1947 1963/1963/1957 1964/1964/1958
f 1951/1951/1945 1953/1953/1947 1964/1964/1958
f 1949/1949/1943 1951/1951/1945 1964/1964/1958
f 1962/1962/1956 1949/1949/1943 1964/1964/1958
f 1965/1965/1959 1949/1949/1943 1962/1962/1956
f 1960/1960/1954 1965/1965/1959 1962/1962/1956
f 1958/1958/1952 1965/1965/1959 1960/1960/1954
f 1950/1950/1944 1965/1965/1959 1958/1958/1952
f 1949/1949/1943 1965/1965/1959 1950/1950/1944
f 1966/1966/1960 1967/1967/1961 1968/1968/1962
f 1969/1969/1963 1970/1970/1964 1971/1971/1965
f 1972/1972/1966 1970/1970/1964 1969/1969/1963
f 1973/1973/1967 1972/1972/1966 1969/1969/1963
f 1974/1974/1968 1972/1972/1966 1973/1973/1967
f 1975/1975/1969 1972/1972/1966 1974/1974/1968
f 1976/1976/1970 1975/1975/1969 1974/1974/1968
f 1977/1977/1971 1975/1975/1969 1976/1976/1970
f 1978/1978/1972 1975/1975/1969 1977/1977/1971
f 1979/1979/1973 1975/1975/1969 1978/1978/1972
f 1980/1980/1974 1979/1979/1973 1978/1978/1972
f 1981/1981/1975 1979/1979/1973 1980/1980/1974
f 1967/1967/1961 1979/1979/1973 1981/1981/1975
f 1968/1968/1962 1967/1967/1961 1981/1981/1975
f 1982/1982/1976 1968/1968/1962 1981/1981/1975
f 1983/1983/1977 1982/1982/1976 1981/1981/1975
f 1984/1984/1978 1982/1982/1976 1983/1983/1977
f 1972/1972/1966 1979/1979/1973 1970/1970/1964
f 1975/1975/1969 1979/1979/1973 1972/1972/1966
f 1980/1980/1974 1983/1983/1977 1981/1981/1975
f 1974/1974/1968 1973/1973/1967 1985/1985/1979
f 1986/1986/1980 1974/1974/1968 1985/1985/1979
f 1976/1976/1970 1974/1974/1968 1986/1986/1980
f 1987/1987/1981 1976/1976/1970 1986/1986/1980
f 1977/1977/1971 1976/1976/1970 1987/1987/1981
f 1988/1988/1982 1977/1977/1971 1987/1987/1981
f 1978/1978/1972 1977/1977/1971 1988/1988/1982
f 1989/1989/1983 1978/1978/1972 1988/1988/1982
f 1980/1980/1974 1978/1978/1972 1989/1989/1983
f 1990/1990/1984 1980/1980/1974 1989/1989/1983
f 1983/1983/1977 1980/1980/1974 1990/1990/1984
f 1991/1991/1985 1983/1983/1977 1990/1990/1984
f 1984/1984/1978 1983/1983/1977 1991/1991/1985
f 1992/1992/1986 1984/1984/1978 1991/1991/1985
f 1993/1993/1987 1992/1992/1986 1991/1991/1985
f 1994/1994/1988 1993/1993/1987 1991/1991/1985
f 1995/1995/1989 1993/1993/1987 1994/1994/1988
f 1996/1996/1990 1995/1995/1989 1994/1994/1988
f 1997/1997/1991 1995/1995/1989 1996/1996/1990
f 1998/1998/1992 1997/1997/1991 1996/1996/1990
f 1999/1999/1993 1997/1997/1991 1998/1998/1992
f 2000/2000/1994 1999/1999/1993 1998/1998/1992
f 2001/2001/1995 2000/2000/1994 1998/1998/1992
f 2002/2002/1996 2000/2000/1994 2001/2001/1995
f 2003/2003/1997 2002/2002/1996 2001/2001/1995
f 2004/2004/1998 2003/2003/1997 2001/2001/1995
f 2005/2005/1999 2003/2003/1997 2004/2004/1998
f 1987/1987/1981 2005/2005/1999 2004/2004/1998
f 2006/2006/2000 2005/2005/1999 1987/1987/1981
f 2007/2007/2001 2006/2006/2000 1987/1987/1981
f 1986/1986/1980 2007/2007/2001 1987/1987/1981
f 2008/2008/2002 2007/2007/2001 1986/1986/1980
f 1985/1985/1979 2008/2008/2002 1986/1986/1980
f 2004/2004/1998 1988/1988/1982 1987/1987/1981
f 1997/1997/1991 1999/1999/1993 2009/2009/2003
f 2010/2010/2004 1997/1997/1991 2009/2009/2003
f 1995/1995/1989 1997/1997/1991 2010/2010/2004
f 2010/2010/2004 2009/2009/2003 2011/2011/2005
f 1988/1988/1982 2012/2012/2006 1989/1989/1983
f 2004/2004/1998 2012/2012/2006 1988/1988/1982
f 2013/2013/2007 2012/2012/2006 2004/2004/1998
f 2001/2001/1995 2013/2013/2007 2004/2004/1998
f 1998/1998/1992 2013/2013/2007 2001/2001/1995
f 1996/1996/1990 2013/2013/2007 1998/1998/1992
f 2014/2014/2008 2013/2013/2007 1996/1996/1990
f 1994/1994/1988 2014/2014/2008 1996/1996/1990
f 1990/1990/1984 2014/2014/2008 1994/1994/1988
f 1991/1991/1985 1990/1990/1984 1994/1994/1988
f 2014/2014/2008 1990/1990/1984 1989/1989/1983
f 2012/2012/2006 2014/2014/2008 1989/1989/1983
f 2013/2013/2007 2014/2014/2008 2012/2012/2006
f 2015/2015/2009 2016/2016/2010 2017/2017/2011
f 2018/2018/2012 2019/2019/2013 2020/2020/2014
f 2021/2021/2015 2018/2018/2012 2020/2020/2014
f 2022/2022/2016 2018/2018/2012 2021/2021/2015
f 2023/2023/2017 2022/2022/2016 2021/2021/2015
f 2024/2024/2018 2023/2023/2017 2021/2021/2015
f 2025/2025/2019 2023/2023/2017 2024/2024/2018
f 2026/2026/2020 2025/2025/2019 2024/2024/2018
f 2016/2016/2010 2025/2025/2019 2026/2026/2020
f 2017/2017/2011 2016/2016/2010 2026/2026/2020
f 2027/2027/2021 2017/2017/2011 2026/2026/2020
f 2028/2028/2022 2027/2027/2021 2026/2026/2020
f 2029/2029/2023 2027/2027/2021 2028/2028/2022
f 2030/2030/2024 2029/2029/2023 2028/2028/2022
f 2031/2031/2025 2029/2029/2023 2030/2030/2024
f 2032/2032/2026 2031/2031/2025 2030/2030/2024
f 2033/2033/2027 2032/2032/2026 2030/2030/2024
f 2034/2034/2028 2032/2032/2026 2033/2033/2027
f 2035/2035/2029 2034/2034/2028 2033/2033/2027
f 2036/2036/2030 2034/2034/2028 2035/2035/2029
f 2037/2037/2031 2036/2036/2030 2035/2035/2029
f 2038/2038/2032 2036/2036/2030 2037/2037/2031
f 2035/2035/2029 2019/2019/2013 2037/2037/2031
f 2020/2020/2014 2019/2019/2013 2035/2035/2029
f 2033/2033/2027 2020/2020/2014 2035/2035/2029
f 2039/2039/2033 2020/2020/2014 2033/2033/2027
f 2030/2030/2024 2039/2039/2033 2033/2033/2027
f 2028/2028/2022 2039/2039/2033 2030/2030/2024
f 2024/2024/2018 2039/2039/2033 2028/2028/2022
f 2026/2026/2020 2024/2024/2018 2028/2028/2022
f 2021/2021/2015 2020/2020/2014 2039/2039/2033
f 2024/2024/2018 2021/2021/2015 2039/2039/2033
f 2040/2040/2034 2041/2041/2035 2042/2042/2036
f 2043/2043/2037 2040/2040/2034 2042/2042/2036
f 2044/2044/2038 2040/2040/2034 2043/2043/2037
f 2045/2045/2039 2044/2044/2038 2043/2043/2037
f 2046/2046/2040 2044/2044/2038 2045/2045/2039
f 2047/2047/2041 2046/2046/2040 2045/2045/2039
f 2048/2048/2042 2047/2047/2041 2045/2045/2039
f 2043/2043/2037 2048/2048/2042 2045/2045/2039
f 2049/2049/2043 2048/2048/2042 2043/2043/2037
f 2042/2042/2036 2049/2049/2043 2043/2043/2037
f 2050/2050/2044 2049/2049/2043 2042/2042/2036
f 2051/2051/2045 2050/2050/2044 2042/2042/2036
f 2052/2052/2046 2050/2050/2044 2051/2051/2045
f 2053/2053/2047 2052/2052/2046 2051/2051/2045
f 2054/2054/1949 2052/2052/2046 2053/2053/2047
f 2055/2055/2048 2054/2054/1949 2053/2053/2047
f 2056/2056/2049 2054/2054/1949 2055/2055/2048
f 2057/2057/2050 2056/2056/2049 2055/2055/2048
f 2046/2046/2040 2056/2056/2049 2057/2057/2050
f 2044/2044/2038 2046/2046/2040 2057/2057/2050
f 2040/2040/2034 2044/2044/2038 2057/2057/2050
f 2055/2055/2048 2040/2040/2034 2057/2057/2050
f 2041/2041/2035 2040/2040/2034 2055/2055/2048
f 2053/2053/2047 2041/2041/2035 2055/2055/2048
f 2051/2051/2045 2041/2041/2035 2053/2053/2047
f 2042/2042/2036 2041/2041/2035 2051/2051/2045
f 2058/2058/2051 2059/2059/2052 2060/2060/2053
f 2061/2061/2054 2060/2060/2053 2062/2062/2055
f 2058/2058/2051 2060/2060/2053 2061/2061/2054
f 2063/2063/2056 2058/2058/2051 2061/2061/2054
f 2064/2064/2057 2063/2063/2056 2061/2061/2054
f 2065/2065/2058 2063/2063/2056 2064/2064/2057
f 2066/2066/2059 2065/2065/2058 2064/2064/2057
f 2067/2067/2060 2066/2066/2059 2064/2064/2057
f 2061/2061/2054 2067/2067/2060 2064/2064/2057
f 2068/2068/2061 2067/2067/2060 2061/2061/2054
f 2062/2062/2055 2068/2068/2061 2061/2061/2054
f 2069/2069/2062 2068/2068/2061 2062/2062/2055
f 2070/2070/2063 2069/2069/2062 2062/2062/2055
f 2071/2071/2064 2069/2069/2062 2070/2070/2063
f 2072/2072/2065 2071/2071/2064 2070/2070/2063
f 2073/2073/2066 2071/2071/2064 2072/2072/2065
f 2074/2074/2067 2073/2073/2066 2072/2072/2065
f 2075/2075/2068 2073/2073/2066 2074/2074/2067
f 2076/2076/2069 2075/2075/2068 2074/2074/2067
f 2068/2068/2061 2077/2077/2070 2067/2067/2060
f 2073/2073/2066 2078/2078/2071 2071/2071/2064
f 2079/2079/2072 2073/2073/2066 2075/2075/2068
f 2078/2078/2071 2073/2073/2066 2079/2079/2072
f 2080/2080/2073 2078/2078/2071 2079/2079/2072
f 2081/2081/2074 2078/2078/2071 2080/2080/2073
f 2082/2082/2075 2078/2078/2071 2081/2081/2074
f 2071/2071/2064 2078/2078/2071 2082/2082/2075
f 2069/2069/2062 2071/2071/2064 2082/2082/2075
f 2068/2068/2061 2069/2069/2062 2082/2082/2075
f 2083/2083/2076 2068/2068/2061 2082/2082/2075
f 2077/2077/2070 2068/2068/2061 2083/2083/2076
f 2084/2084/2077 2077/2077/2070 2083/2083/2076
f 2085/2085/2078 2084/2084/2077 2083/2083/2076
f 2081/2081/2074 2085/2085/2078 2083/2083/2076
f 2082/2082/2075 2081/2081/2074 2083/2083/2076
f 2086/2086/2079 2087/2087/2080 2088/2088/2081
f 2089/2089/2082 2086/2086/2079 2088/2088/2081
f 2090/2090/2083 2086/2086/2079 2089/2089/2082
f 2091/2091/2084 2090/2090/2083 2089/2089/2082
f 2092/2092/2085 2090/2090/2083 2091/2091/2084
f 2093/2093/2086 2092/2092/2085 2091/2091/2084
f 2094/2094/2087 2092/2092/2085 2093/2093/2086
f 2095/2095/2088 2092/2092/2085 2094/2094/2087
f 2096/2096/2089 2095/2095/2088 2094/2094/2087
f 2097/2097/2090 2095/2095/2088 2096/2096/2089
f 2098/2098/2091 2097/2097/2090 2096/2096/2089
f 2099/2099/2092 2097/2097/2090 2098/2098/2091
f 2100/2100/2093 2099/2099/2092 2098/2098/2091
f 2101/2101/2094 2099/2099/2092 2100/2100/2093
f 2102/2102/2095 2101/2101/2094 2100/2100/2093
f 2103/2103/2096 2101/2101/2094 2102/2102/2095
f 2104/2104/2097 2103/2103/2096 2102/2102/2095
f 2105/2105/2098 2103/2103/2096 2104/2104/2097
f 2106/2106/2099 2103/2103/2096 2105/2105/2098
f 2107/2107/2100 2106/2106/2099 2105/2105/2098
f 2108/2108/2101 2106/2106/2099 2107/2107/2100
f 2109/2109/2102 2106/2106/2099 2108/2108/2101
f 2103/2103/2096 2106/2106/2099 2109/2109/2102
f 2110/2110/2103 2103/2103/2096 2109/2109/2102
f 2111/2111/2104 2103/2103/2096 2110/2110/2103
f 2112/2112/2105 2111/2111/2104 2110/2110/2103
f 2113/2113/2106 2111/2111/2104 2112/2112/2105
f 2114/2114/2107 2113/2113/2106 2112/2112/2105
f 2115/2115/2108 2113/2113/2106 2114/2114/2107
f 2116/2116/2109 2115/2115/2108 2114/2114/2107
f 2117/2117/2110 2115/2115/2108 2116/2116/2109
f 2118/2118/2111 2117/2117/2110 2116/2116/2109
f 2119/2119/2112 2117/2117/2110 2118/2118/2111
f 2120/2120/2113 2119/2119/2112 2118/2118/2111
f 2121/2121/2114 2119/2119/2112 2120/2120/2113
f 2122/2122/2115 2121/2121/2114 2120/2120/2113
f 2123/2123/2116 2121/2121/2114 2122/2122/2115
f 2124/2124/2117 2123/2123/2116 2122/2122/2115
f 2125/2125/2118 2123/2123/2116 2124/2124/2117
f 2126/2126/2119 2125/2125/2118 2124/2124/2117
f 2127/2127/2120 2125/2125/2118 2126/2126/2119
f 2128/2128/2121 2125/2125/2118 2127/2127/2120
f 2129/2129/2122 2128/2128/2121 2127/2127/2120
f 2130/2130/2123 2128/2128/2121 2129/2129/2122
f 2084/2084/2077 2128/2128/2121 2130/2130/2123
f 2125/2125/2118 2128/2128/2121 2084/2084/2077
f 2085/2085/2078 2125/2125/2118 2084/2084/2077
f 2123/2123/2116 2125/2125/2118 2085/2085/2078
f 2081/2081/2074 2123/2123/2116 2085/2085/2078
f 2131/2131/2124 2123/2123/2116 2081/2081/2074
f 2080/2080/2073 2131/2131/2124 2081/2081/2074
f 2087/2087/2080 2131/2131/2124 2080/2080/2073
f 2079/2079/2072 2087/2087/2080 2080/2080/2073
f 2088/2088/2081 2087/2087/2080 2079/2079/2072
f 2075/2075/2068 2088/2088/2081 2079/2079/2072
f 2132/2132/2125 2088/2088/2081 2075/2075/2068
f 2076/2076/2069 2132/2132/2125 2075/2075/2068
f 2133/2133/2126 2132/2132/2125 2076/2076/2069
f 2134/2134/2127 2132/2132/2125 2133/2133/2126
f 2135/2135/2128 2134/2134/2127 2133/2133/2126
f 2136/2136/2129 2134/2134/2127 2135/2135/2128
f 2137/2137/2130 2136/2136/2129 2135/2135/2128
f 2138/2138/2131 2137/2137/2130 2135/2135/2128
f 2139/2139/2132 2138/2138/2131 2135/2135/2128
f 2133/2133/2126 2139/2139/2132 2135/2135/2128
f 2134/2134/2127 2136/2136/2129 2091/2091/2084
f 2089/2089/2082 2134/2134/2127 2091/2091/2084
f 2132/2132/2125 2134/2134/2127 2089/2089/2082
f 2088/2088/2081 2132/2132/2125 2089/2089/2082
f 2131/2131/2124 2121/2121/2114 2123/2123/2116
f 2140/2140/2133 2121/2121/2114 2131/2131/2124
f 2087/2087/2080 2140/2140/2133 2131/2131/2124
f 2086/2086/2079 2140/2140/2133 2087/2087/2080
f 2141/2141/2134 2140/2140/2133 2086/2086/2079
f 2142/2142/2135 2140/2140/2133 2141/2141/2134
f 2143/2143/2136 2142/2142/2135 2141/2141/2134
f 2144/2144/2137 2142/2142/2135 2143/2143/2136
f 2145/2145/2138 2144/2144/2137 2143/2143/2136
f 2115/2115/2108 2144/2144/2137 2145/2145/2138
f 2113/2113/2106 2115/2115/2108 2145/2145/2138
f 2146/2146/2139 2113/2113/2106 2145/2145/2138
f 2111/2111/2104 2113/2113/2106 2146/2146/2139
f 2101/2101/2094 2111/2111/2104 2146/2146/2139
f 2103/2103/2096 2111/2111/2104 2101/2101/2094
f 2117/2117/2110 2144/2144/2137 2115/2115/2108
f 2119/2119/2112 2144/2144/2137 2117/2117/2110
f 2142/2142/2135 2144/2144/2137 2119/2119/2112
f 2121/2121/2114 2142/2142/2135 2119/2119/2112
f 2140/2140/2133 2142/2142/2135 2121/2121/2114
f 2141/2141/2134 2147/2147/2140 2143/2143/2136
f 2090/2090/2083 2147/2147/2140 2141/2141/2134
f 2086/2086/2079 2090/2090/2083 2141/2141/2134
f 2090/2090/2083 2092/2092/2085 2147/2147/2140
f 2097/2097/2090 2092/2092/2085 2095/2095/2088
f 2147/2147/2140 2092/2092/2085 2097/2097/2090
f 2148/2148/2141 2147/2147/2140 2097/2097/2090
f 2143/2143/2136 2147/2147/2140 2148/2148/2141
f 2145/2145/2138 2143/2143/2136 2148/2148/2141
f 2146/2146/2139 2145/2145/2138 2148/2148/2141
f 2099/2099/2092 2146/2146/2139 2148/2148/2141
f 2101/2101/2094 2146/2146/2139 2099/2099/2092
f 2148/2148/2141 2097/2097/2090 2099/2099/2092
f 2098/2098/2091 2149/2149/2142 2100/2100/2093
f 2150/2150/2143 2149/2149/2142 2098/2098/2091
f 2096/2096/2089 2150/2150/2143 2098/2098/2091
f 2094/2094/2087 2150/2150/2143 2096/2096/2089
f 2122/2122/2115 2151/2151/2144 2124/2124/2117
f 2152/2152/2145 2151/2151/2144 2122/2122/2115
f 2153/2153/2146 2152/2152/2145 2122/2122/2115
f 2154/2154/2147 2152/2152/2145 2153/2153/2146
f 2155/2155/2148 2154/2154/2147 2153/2153/2146
f 2120/2120/2113 2155/2155/2148 2153/2153/2146
f 2118/2118/2111 2155/2155/2148 2120/2120/2113
f 2153/2153/2146 2122/2122/2115 2120/2120/2113
f 2156/2156/2149 2118/2118/2111 2116/2116/2109
f 2155/2155/2148 2118/2118/2111 2156/2156/2149
f 2157/2157/2150 2155/2155/2148 2156/2156/2149
f 2154/2154/2147 2155/2155/2148 2157/2157/2150
f 2158/2158/2151 2154/2154/2147 2157/2157/2150
f 2159/2159/2152 2154/2154/2147 2158/2158/2151
f 2152/2152/2145 2154/2154/2147 2159/2159/2152
f 2160/2160/2153 2152/2152/2145 2159/2159/2152
f 2151/2151/2144 2152/2152/2145 2160/2160/2153
f 2161/2161/2154 2151/2151/2144 2160/2160/2153
f 2124/2124/2117 2151/2151/2144 2161/2161/2154
f 2162/2162/2155 2124/2124/2117 2161/2161/2154
f 2126/2126/2119 2124/2124/2117 2162/2162/2155
f 2163/2163/2156 2164/2164/2157 2165/2165/2158
f 2166/2166/2159 2164/2164/2157 2163/2163/2156
f 2167/2167/2160 2166/2166/2159 2163/2163/2156
f 2168/2168/2161 2167/2167/2160 2163/2163/2156
f 2169/2169/2162 2167/2167/2160 2168/2168/2161
f 2170/2170/2163 2169/2169/2162 2168/2168/2161
f 2171/2171/2164 2169/2169/2162 2170/2170/2163
f 2172/2172/2165 2171/2171/2164 2170/2170/2163
f 2173/2173/2166 2172/2172/2165 2170/2170/2163
f 2174/2174/2167 2172/2172/2165 2173/2173/2166
f 2175/2175/2168 2174/2174/2167 2173/2173/2166
f 2176/2176/2169 2175/2175/2168 2173/2173/2166
f 2177/2177/2170 2175/2175/2168 2176/2176/2169
f 2178/2178/2171 2177/2177/2170 2176/2176/2169
f 2165/2165/2158 2177/2177/2170 2178/2178/2171
f 2163/2163/2156 2165/2165/2158 2178/2178/2171
f 2176/2176/2169 2163/2163/2156 2178/2178/2171
f 2168/2168/2161 2163/2163/2156 2176/2176/2169
f 2170/2170/2163 2168/2168/2161 2176/2176/2169
f 2173/2173/2166 2170/2170/2163 2176/2176/2169
f 2179/2179/2172 1756/1756/1759 1760/1760/1759
f 2180/2180/2173 2179/2179/2172 1760/1760/1759
f 2181/2181/2174 2179/2179/2172 2180/2180/2173
f 2182/2182/2175 2181/2181/2174 2180/2180/2173
f 2183/2183/2176 2181/2181/2174 2182/2182/2175
f 2184/2184/2177 2181/2181/2174 2183/2183/2176
f 2185/2185/2178 2184/2184/2177 2183/2183/2176
f 2186/2186/2179 2185/2185/2178 2183/2183/2176
f 2187/2187/2180 2185/2185/2178 2186/2186/2179
f 2188/2188/2181 2187/2187/2180 2186/2186/2179
f 2189/2189/2182 2188/2188/2181 2186/2186/2179
f 2190/2190/2183 2189/2189/2182 2186/2186/2179
f 2191/2191/2184 2190/2190/2183 2186/2186/2179
f 2192/2192/2185 2193/2193/2186 2194/2194/2187
f 2195/2195/2188 2193/2193/2186 2192/2192/2185
f 2196/2196/2189 2195/2195/2188 2192/2192/2185
f 2197/2197/2190 2196/2196/2189 2192/2192/2185
f 2198/2198/2191 2196/2196/2189 2197/2197/2190
f 2199/2199/2192 2198/2198/2191 2197/2197/2190
f 2200/2200/2193 2198/2198/2191 2199/2199/2192
f 2201/2201/2194 2200/2200/2193 2199/2199/2192
f 2202/2202/2195 2200/2200/2193 2201/2201/2194
f 2203/2203/2196 2202/2202/2195 2201/2201/2194
f 2204/2204/2197 2202/2202/2195 2203/2203/2196
f 2205/2205/2198 2204/2204/2197 2203/2203/2196
f 2206/2206/2199 2207/2207/2200 2208/2208/2201
f 2209/2209/2202 2206/2206/2199 2208/2208/2201
f 2210/2210/2203 2209/2209/2202 2208/2208/2201
f 2211/2211/2204 2210/2210/2203 2208/2208/2201
f 2212/2212/2205 2210/2210/2203 2211/2211/2204
f 2213/2213/2206 2212/2212/2205 2211/2211/2204
f 2214/2214/2207 2212/2212/2205 2213/2213/2206
f 2215/2215/2208 2214/2214/2207 2213/2213/2206
f 2216/2216/2209 2214/2214/2207 2215/2215/2208
f 2217/2217/2210 2216/2216/2209 2215/2215/2208
f 2218/2218/2211 2216/2216/2209 2217/2217/2210
f 2219/2219/2212 2218/2218/2211 2217/2217/2210
f 2220/2220/2213 2221/2221/2214 2222/2222/2215
f 2223/2223/2216 2224/2224/2217 2222/2222/2215
f 2221/2221/2214 2223/2223/2216 2222/2222/2215
f 2225/2225/2218 2223/2223/2216 2221/2221/2214
f 2226/2226/2219 2223/2223/2216 2225/2225/2218
f 2227/2227/2220 2226/2226/2219 2225/2225/2218
f 2228/2228/2221 2226/2226/2219 2227/2227/2220
f 2229/2229/2222 2226/2226/2219 2228/2228/2221
f 2223/2223/2216 2226/2226/2219 2229/2229/2222
f 2230/2230/2223 2223/2223/2216 2229/2229/2222
f 2224/2224/2217 2223/2223/2216 2230/2230/2223
f 2231/2231/2224 2224/2224/2217 2230/2230/2223
f 2232/2232/2225 2231/2231/2224 2230/2230/2223
f 2233/2233/2226 2231/2231/2224 2232/2232/2225
f 2234/2234/2227 2233/2233/2226 2232/2232/2225
f 2235/2235/2228 2233/2233/2226 2234/2234/2227
f 2229/2229/2222 2232/2232/2225 2230/2230/2223
f 2236/2236/2229 2232/2232/2225 2229/2229/2222
f 2234/2234/2227 2232/2232/2225 2236/2236/2229
f 2237/2237/2230 2234/2234/2227 2236/2236/2229
f 2238/2238/2231 2239/2239/2232 2240/2240/2233
f 2241/2241/2234 2239/2239/2232 2238/2238/2231
f 2242/2242/2235 2241/2241/2234 2238/2238/2231
f 2243/2243/2236 2241/2241/2234 2242/2242/2235
f 2244/2244/2237 2243/2243/2236 2242/2242/2235
f 2245/2245/2238 2243/2243/2236 2244/2244/2237
f 2246/2246/2239 2245/2245/2238 2244/2244/2237
f 2247/2247/2240 2245/2245/2238 2246/2246/2239
f 2248/2248/2241 2247/2247/2240 2246/2246/2239
f 2249/2249/2242 2247/2247/2240 2248/2248/2241
f 2250/2250/2243 2249/2249/2242 2248/2248/2241
f 2251/2251/2244 2249/2249/2242 2250/2250/2243
f 2252/2252/2245 2251/2251/2244 2250/2250/2243
f 2253/2253/2246 2251/2251/2244 2252/2252/2245
f 2254/2254/2247 2253/2253/2246 2252/2252/2245
f 2255/2255/2248 2254/2254/2247 2252/2252/2245
f 2256/2256/2249 2254/2254/2247 2255/2255/2248
f 2257/2257/2250 2256/2256/2249 2255/2255/2248
f 2258/2258/2251 2257/2257/2250 2255/2255/2248
f 2259/2259/2252 2257/2257/2250 2258/2258/2251
f 2260/2260/2253 2259/2259/2252 2258/2258/2251
f 2261/2261/2254 2259/2259/2252 2260/2260/2253
f 2262/2262/2255 2261/2261/2254 2260/2260/2253
f 2263/2263/2256 2261/2261/2254 2262/2262/2255
f 2264/2264/2257 2263/2263/2256 2262/2262/2255
f 2265/2265/2258 2264/2264/2257 2262/2262/2255
f 2266/2266/2259 2264/2264/2257 2265/2265/2258
f 2267/2267/2260 2266/2266/2259 2265/2265/2258
f 2268/2268/2261 2266/2266/2259 2267/2267/2260
f 2269/2269/2262 2268/2268/2261 2267/2267/2260
f 2237/2237/2230 2269/2269/2262 2267/2267/2260
f 2265/2265/2258 2237/2237/2230 2267/2267/2260
f 2234/2234/2227 2237/2237/2230 2265/2265/2258
f 2270/2270/2263 2234/2234/2227 2265/2265/2258
f 2235/2235/2228 2234/2234/2227 2270/2270/2263
f 2271/2271/2264 2235/2235/2228 2270/2270/2263
f 2233/2233/2226 2235/2235/2228 2271/2271/2264
f 2272/2272/2265 2233/2233/2226 2271/2271/2264
f 2231/2231/2224 2233/2233/2226 2272/2272/2265
f 2273/2273/2266 2231/2231/2224 2272/2272/2265
f 2224/2224/2217 2231/2231/2224 2273/2273/2266
f 2274/2274/2267 2224/2224/2217 2273/2273/2266
f 2275/2275/2268 2274/2274/2267 2273/2273/2266
f 2276/2276/2269 2274/2274/2267 2275/2275/2268
f 2277/2277/2270 2276/2276/2269 2275/2275/2268
f 2278/2278/2271 2276/2276/2269 2277/2277/2270
f 2279/2279/2272 2278/2278/2271 2277/2277/2270
f 2280/2280/2273 2278/2278/2271 2279/2279/2272
f 2281/2281/2274 2280/2280/2273 2279/2279/2272
f 2282/2282/2275 2280/2280/2273 2281/2281/2274
f 2283/2283/2276 2282/2282/2275 2281/2281/2274
f 2284/2284/2277 2282/2282/2275 2283/2283/2276
f 2285/2285/2278 2284/2284/2277 2283/2283/2276
f 2286/2286/2279 2284/2284/2277 2285/2285/2278
f 2272/2272/2265 2271/2271/2264 2287/2287/2280
f 2288/2288/2281 2272/2272/2265 2287/2287/2280
f 2273/2273/2266 2272/2272/2265 2288/2288/2281
f 2275/2275/2268 2273/2273/2266 2288/2288/2281
f 2289/2289/2282 2275/2275/2268 2288/2288/2281
f 2277/2277/2270 2275/2275/2268 2289/2289/2282
f 2290/2290/2283 2277/2277/2270 2289/2289/2282
f 2279/2279/2272 2277/2277/2270 2290/2290/2283
f 2291/2291/2284 2279/2279/2272 2290/2290/2283
f 2281/2281/2274 2279/2279/2272 2291/2291/2284
f 2292/2292/2285 2281/2281/2274 2291/2291/2284
f 2285/2285/2278 2281/2281/2274 2292/2292/2285
f 2283/2283/2276 2281/2281/2274 2285/2285/2278
f 2293/2293/2286 2288/2288/2281 2287/2287/2280
f 2289/2289/2282 2288/2288/2281 2293/2293/2286
f 2294/2294/2287 2289/2289/2282 2293/2293/2286
f 2290/2290/2283 2289/2289/2282 2294/2294/2287
f 2295/2295/2288 2290/2290/2283 2294/2294/2287
f 2291/2291/2284 2290/2290/2283 2295/2295/2288
f 2296/2296/2289 2291/2291/2284 2295/2295/2288
f 2262/2262/2255 2270/2270/2263 2265/2265/2258
f 2297/2297/2290 2270/2270/2263 2262/2262/2255
f 2260/2260/2253 2297/2297/2290 2262/2262/2255
f 2258/2258/2251 2297/2297/2290 2260/2260/2253
f 2298/2298/2291 2297/2297/2290 2258/2258/2251
f 2255/2255/2248 2298/2298/2291 2258/2258/2251
f 2252/2252/2245 2298/2298/2291 2255/2255/2248
f 2250/2250/2243 2298/2298/2291 2252/2252/2245
f 2297/2297/2290 2298/2298/2291 2250/2250/2243
f 2248/2248/2241 2297/2297/2290 2250/2250/2243
f 2270/2270/2263 2297/2297/2290 2248/2248/2241
f 2299/2299/2292 2270/2270/2263 2248/2248/2241
f 2271/2271/2264 2270/2270/2263 2299/2299/2292
f 2300/2300/2293 2271/2271/2264 2299/2299/2292
f 2287/2287/2280 2271/2271/2264 2300/2300/2293
f 2301/2301/2294 2287/2287/2280 2300/2300/2293
f 2293/2293/2286 2287/2287/2280 2301/2301/2294
f 2302/2302/2295 2293/2293/2286 2301/2301/2294
f 2294/2294/2287 2293/2293/2286 2302/2302/2295
f 2303/2303/2296 2294/2294/2287 2302/2302/2295
f 2295/2295/2288 2294/2294/2287 2303/2303/2296
f 2304/2304/2297 2295/2295/2288 2303/2303/2296
f 2296/2296/2289 2295/2295/2288 2304/2304/2297
f 2305/2305/2298 2296/2296/2289 2304/2304/2297
f 2306/2306/2299 2305/2305/2298 2304/2304/2297
f 2307/2307/2300 2306/2306/2299 2304/2304/2297
f 2308/2308/2301 2306/2306/2299 2307/2307/2300
f 2309/2309/2302 2308/2308/2301 2307/2307/2300
f 2238/2238/2231 2308/2308/2301 2309/2309/2302
f 2303/2303/2296 2238/2238/2231 2309/2309/2302
f 2302/2302/2295 2238/2238/2231 2303/2303/2296
f 2242/2242/2235 2238/2238/2231 2302/2302/2295
f 2301/2301/2294 2242/2242/2235 2302/2302/2295
f 2244/2244/2237 2242/2242/2235 2301/2301/2294
f 2300/2300/2293 2244/2244/2237 2301/2301/2294
f 2246/2246/2239 2244/2244/2237 2300/2300/2293
f 2299/2299/2292 2246/2246/2239 2300/2300/2293
f 2248/2248/2241 2246/2246/2239 2299/2299/2292
f 2303/2303/2296 2307/2307/2300 2304/2304/2297
f 2309/2309/2302 2307/2307/2300 2303/2303/2296
f 2308/2308/2301 2238/2238/2231 2240/2240/2233
f 2310/2310/2303 2311/2311/2304 2312/2312/2305
f 2313/2313/2306 2314/2314/2307 2310/2310/2303
f 2312/2312/2305 2313/2313/2306 2310/2310/2303
f 2315/2315/2308 2313/2313/2306 2312/2312/2305
f 2316/2316/2309 2315/2315/2308 2312/2312/2305
f 2311/2311/2304 2316/2316/2309 2312/2312/2305
f 2317/2317/2310 2316/2316/2309 2311/2311/2304
f 2318/2318/2311 2310/2310/2303 2314/2314/2307
f 2319/2319/2312 2318/2318/2311 2314/2314/2307
f 2320/2320/2313 2318/2318/2311 2319/2319/2312
f 2321/2321/2314 2320/2320/2313 2319/2319/2312
f 2322/2322/2315 2320/2320/2313 2321/2321/2314
f 2323/2323/2316 2322/2322/2315 2321/2321/2314
f 2324/2324/2317 2323/2323/2316 2321/2321/2314
f 2251/2251/2244 2323/2323/2316 2324/2324/2317
f 2249/2249/2242 2251/2251/2244 2324/2324/2317
f 2321/2321/2314 2249/2249/2242 2324/2324/2317
f 2247/2247/2240 2249/2249/2242 2321/2321/2314
f 2319/2319/2312 2247/2247/2240 2321/2321/2314
f 2245/2245/2238 2247/2247/2240 2319/2319/2312
f 2314/2314/2307 2245/2245/2238 2319/2319/2312
f 2243/2243/2236 2245/2245/2238 2314/2314/2307
f 2313/2313/2306 2243/2243/2236 2314/2314/2307
f 2241/2241/2234 2243/2243/2236 2313/2313/2306
f 2315/2315/2308 2241/2241/2234 2313/2313/2306
f 2239/2239/2232 2241/2241/2234 2315/2315/2308
f 2323/2323/2316 2251/2251/2244 2253/2253/2246
f 2325/2325/2318 2326/2326/2319 2327/2327/2320
f 2328/2328/2321 2325/2325/2318 2327/2327/2320
f 2329/2329/2322 2325/2325/2318 2328/2328/2321
f 2330/2330/2323 2325/2325/2318 2329/2329/2322
f 2331/2331/2324 2330/2330/2323 2329/2329/2322
f 2332/2332/2325 2330/2330/2323 2331/2331/2324
f 2333/2333/2326 2332/2332/2325 2331/2331/2324
f 2334/2334/2327 2332/2332/2325 2333/2333/2326
f 2335/2335/2328 2332/2332/2325 2334/2334/2327
f 2336/2336/2329 2335/2335/2328 2334/2334/2327
f 2337/2337/2330 2335/2335/2328 2336/2336/2329
f 2338/2338/2331 2335/2335/2328 2337/2337/2330
f 2339/2339/2332 2338/2338/2331 2337/2337/2330
f 2340/2340/2333 2338/2338/2331 2339/2339/2332
f 2326/2326/2319 2340/2340/2333 2339/2339/2332
f 2325/2325/2318 2340/2340/2333 2326/2326/2319
f 2338/2338/2331 2340/2340/2333 2325/2325/2318
f 2330/2330/2323 2338/2338/2331 2325/2325/2318
f 2332/2332/2325 2338/2338/2331 2330/2330/2323
f 2335/2335/2328 2338/2338/2331 2332/2332/2325
f 2341/2341/2334 2342/2342/2335 2343/2343/2336
f 2344/2344/2337 2342/2342/2335 2341/2341/2334
f 2345/2345/2338 2344/2344/2337 2341/2341/2334
f 2346/2346/2339 2345/2345/2338 2341/2341/2334
f 2347/2347/2340 2346/2346/2339 2341/2341/2334
f 2348/2348/2341 2347/2347/2340 2341/2341/2334
f 2349/2349/2342 2347/2347/2340 2348/2348/2341
f 2350/2350/2343 2349/2349/2342 2348/2348/2341
f 2351/2351/2344 2350/2350/2343 2348/2348/2341
f 2352/2352/2345 2350/2350/2343 2351/2351/2344
f 2353/2353/2172 2350/2350/2343 2352/2352/2345
f 1763/1763/1759 2353/2353/2172 2352/2352/2345
f 1762/1762/1759 2353/2353/2172 1763/1763/1759
f 2354/2354/2346 2355/2355/2347 2356/2356/2348
f 2357/2357/2349 2354/2354/2346 2356/2356/2348
f 2358/2358/2350 2357/2357/2349 2356/2356/2348
f 2359/2359/2351 2357/2357/2349 2358/2358/2350
f 2360/2360/2352 2359/2359/2351 2358/2358/2350
f 2361/2361/2353 2359/2359/2351 2360/2360/2352
f 2362/2362/2354 2361/2361/2353 2360/2360/2352
f 2363/2363/2355 2361/2361/2353 2362/2362/2354
f 2364/2364/2356 2363/2363/2355 2362/2362/2354
f 2365/2365/2357 2363/2363/2355 2364/2364/2356
f 2366/2366/2358 2365/2365/2357 2364/2364/2356
f 2367/2367/2359 2366/2366/2358 2364/2364/2356
f 2368/2368/2360 2369/2369/2361 2370/2370/2362
f 2371/2371/2363 2369/2369/2361 2368/2368/2360
f 2372/2372/2364 2371/2371/2363 2368/2368/2360
f 2373/2373/2365 2371/2371/2363 2372/2372/2364
f 2374/2374/2366 2373/2373/2365 2372/2372/2364
f 2375/2375/2367 2373/2373/2365 2374/2374/2366
f 2376/2376/2368 2375/2375/2367 2374/2374/2366
f 2377/2377/2369 2375/2375/2367 2376/2376/2368
f 2378/2378/2370 2377/2377/2369 2376/2376/2368
f 2379/2379/2371 2377/2377/2369 2378/2378/2370
f 2380/2380/2372 2379/2379/2371 2378/2378/2370
f 2381/2381/2373 2380/2380/2372 2378/2378/2370
f 2382/2382/2374 2383/2383/2375 2384/2384/2376
f 2385/2385/2377 2382/2382/2374 2384/2384/2376
f 2386/2386/2378 2382/2382/2374 2385/2385/2377
f 2387/2387/2379 2382/2382/2374 2386/2386/2378
f 2388/2388/2380 2382/2382/2374 2387/2387/2379
f 2389/2389/2381 2382/2382/2374 2388/2388/2380
f 2390/2390/2382 2382/2382/2374 2389/2389/2381
f 2391/2391/2383 2382/2382/2374 2390/2390/2382
f 2392/2392/2384 2382/2382/2374 2391/2391/2383
f 2393/2393/2385 2382/2382/2374 2392/2392/2384
f 2394/2394/2386 2382/2382/2374 2393/2393/2385
f 2383/2383/2375 2382/2382/2374 2394/2394/2386
f 2395/2395/2387 2396/2396/2388 2397/2397/2389
f 2398/2398/2390 2395/2395/2387 2397/2397/2389
f 2399/2399/2391 2395/2395/2387 2398/2398/2390
f 2400/2400/2392 2395/2395/2387 2399/2399/2391
f 2401/2401/2393 2395/2395/2387 2400/2400/2392
f 2402/2402/2394 2395/2395/2387 2401/2401/2393
f 2403/2403/2395 2395/2395/2387 2402/2402/2394
f 2404/2404/2396 2395/2395/2387 2403/2403/2395
f 2405/2405/2397 2395/2395/2387 2404/2404/2396
f 2406/2406/2398 2395/2395/2387 2405/2405/2397
f 2407/2407/2399 2395/2395/2387 2406/2406/2398
f 2396/2396/2388 2395/2395/2387 2407/2407/2399
f 2408/2408/2400 2409/2409/2401 2410/2410/2402
f 2411/2411/2403 2409/2409/2401 2408/2408/2400
f 2412/2412/2404 2411/2411/2403 2408/2408/2400
f 2413/2413/2405 2411/2411/2403 2412/2412/2404
f 2414/2414/2406 2413/2413/2405 2412/2412/2404
f 2415/2415/2407 2413/2413/2405 2414/2414/2406
f 2416/2416/2408 2415/2415/2407 2414/2414/2406
f 2417/2417/2409 2415/2415/2407 2416/2416/2408
f 2418/2418/2410 2417/2417/2409 2416/2416/2408
f 2419/2419/2411 2417/2417/2409 2418/2418/2410
f 2420/2420/2412 2419/2419/2411 2418/2418/2410
f 2421/2421/2413 2419/2419/2411 2420/2420/2412
f 2410/2410/2402 2421/2421/2413 2420/2420/2412
f 2409/2409/2401 2421/2421/2413 2410/2410/2402
f 2422/2422/2414 2421/2421/2413 2409/2409/2401
f 2411/2411/2403 2422/2422/2414 2409/2409/2401
f 2413/2413/2405 2422/2422/2414 2411/2411/2403
f 2415/2415/2407 2422/2422/2414 2413/2413/2405
f 2417/2417/2409 2422/2422/2414 2415/2415/2407
f 2419/2419/2411 2422/2422/2414 2417/2417/2409
f 2421/2421/2413 2422/2422/2414 2419/2419/2411
f 2423/2423/2415 2424/2424/2416 2425/2425/2417
f 2426/2426/2418 2423/2423/2415 2425/2425/2417
f 2427/2427/2419 2426/2426/2418 2425/2425/2417
f 2428/2428/2420 2427/2427/2419 2425/2425/2417
f 2429/2429/2421 2428/2428/2420 2425/2425/2417
f 2430/2430/2422 2429/2429/2421 2425/2425/2417
f 2424/2424/2416 2430/2430/2422 2425/2425/2417
f 2431/2431/2423 2432/2432/2424 2433/2433/2425
f 2434/2434/2426 2431/2431/2423 2433/2433/2425
f 2435/2435/2427 2431/2431/2423 2434/2434/2426
f 2436/2436/2428 2435/2435/2427 2434/2434/2426
f 2437/2437/2429 2435/2435/2427 2436/2436/2428
f 2438/2438/2430 2437/2437/2429 2436/2436/2428
f 2439/2439/2431 2437/2437/2429 2438/2438/2430
f 2440/2440/2432 2439/2439/2431 2438/2438/2430
f 2441/2441/2433 2439/2439/2431 2440/2440/2432
f 2442/2442/2434 2441/2441/2433 2440/2440/2432
f 2443/2443/2435 2441/2441/2433 2442/2442/2434
f 2444/2444/2436 2443/2443/2435 2442/2442/2434
f 2432/2432/2424 2443/2443/2435 2444/2444/2436
f 2433/2433/2425 2432/2432/2424 2444/2444/2436
f 2445/2445/2437 2433/2433/2425 2444/2444/2436
f 2434/2434/2426 2433/2433/2425 2445/2445/2437
f 2436/2436/2428 2434/2434/2426 2445/2445/2437
f 2438/2438/2430 2436/2436/2428 2445/2445/2437
f 2440/2440/2432 2438/2438/2430 2445/2445/2437
f 2442/2442/2434 2440/2440/2432 2445/2445/2437
f 2444/2444/2436 2442/2442/2434 2445/2445/2437
f 2446/2446/2438 2447/2447/2439 2448/2448/2440
f 2449/2449/2441 2446/2446/2438 2448/2448/2440
f 2450/2450/2442 2449/2449/2441 2448/2448/2440
f 2451/2451/2443 2450/2450/2442 2448/2448/2440
f 2452/2452/2444 2451/2451/2443 2448/2448/2440
f 2453/2453/2445 2452/2452/2444 2448/2448/2440
f 2447/2447/2439 2453/2453/2445 2448/2448/2440
f 2454/2454/2446 2455/2455/2447 2456/2456/2448
f 2456/2456/2448 2457/2457/2449 2458/2458/2450
f 2459/2459/2451 2456/2456/2448 2458/2458/2450
f 2454/2454/2446 2456/2456/2448 2459/2459/2451
f 2460/2460/2452 2454/2454/2446 2459/2459/2451
f 2461/2461/2453 2454/2454/2446 2460/2460/2452
f 2462/2462/2454 2461/2461/2453 2460/2460/2452
f 2463/2463/2455 2462/2462/2454 2460/2460/2452
f 2464/2464/2456 2462/2462/2454 2463/2463/2455
f 2465/2465/2457 2466/2466/2458 2467/2467/2459
f 2468/2468/2460 2466/2466/2458 2465/2465/2457
f 2469/2469/2461 2468/2468/2460 2465/2465/2457
f 2470/2470/2462 2469/2469/2461 2465/2465/2457
f 2471/2471/2463 2470/2470/2462 2465/2465/2457
f 2472/2472/2464 2470/2470/2462 2471/2471/2463
f 2473/2473/2465 2472/2472/2464 2471/2471/2463
f 2474/2474/2466 2473/2473/2465 2471/2471/2463
f 2475/2475/2467 2473/2473/2465 2474/2474/2466
f 2476/2476/2468 2475/2475/2467 2474/2474/2466
f 2477/2477/2469 2476/2476/2468 2474/2474/2466
f 2478/2478/2470 2476/2476/2468 2477/2477/2469
f 2479/2479/2471 2478/2478/2470 2477/2477/2469
f 2480/2480/2472 2478/2478/2470 2479/2479/2471
f 2481/2481/2473 2480/2480/2472 2479/2479/2471
f 2482/2482/2474 2480/2480/2472 2481/2481/2473
f 2483/2483/2475 2482/2482/2474 2481/2481/2473
f 2484/2484/2476 2483/2483/2475 2481/2481/2473
f 2485/2485/2477 2483/2483/2475 2484/2484/2476
f 2486/2486/2478 2485/2485/2477 2484/2484/2476
f 2457/2457/2449 2485/2485/2477 2486/2486/2478
f 2458/2458/2450 2457/2457/2449 2486/2486/2478
f 2487/2487/2479 2458/2458/2450 2486/2486/2478
f 2459/2459/2451 2458/2458/2450 2487/2487/2479
f 2488/2488/2480 2459/2459/2451 2487/2487/2479
f 2460/2460/2452 2459/2459/2451 2488/2488/2480
f 2489/2489/2481 2460/2460/2452 2488/2488/2480
f 2463/2463/2455 2460/2460/2452 2489/2489/2481
f 2490/2490/2482 2463/2463/2455 2489/2489/2481
f 2464/2464/2456 2463/2463/2455 2490/2490/2482
f 2491/2491/2483 2464/2464/2456 2490/2490/2482
f 2492/2492/2484 2464/2464/2456 2491/2491/2483
f 2493/2493/2485 2492/2492/2484 2491/2491/2483
f 2494/2494/2486 2493/2493/2485 2491/2491/2483
f 2495/2495/2487 2494/2494/2486 2491/2491/2483
f 2496/2496/2488 2495/2495/2487 2491/2491/2483
f 2497/2497/2489 2495/2495/2487 2496/2496/2488
f 2498/2498/2490 2497/2497/2489 2496/2496/2488
f 2499/2499/2491 2497/2497/2489 2498/2498/2490
f 2500/2500/2492 2499/2499/2491 2498/2498/2490
f 2501/2501/2493 2500/2500/2492 2498/2498/2490
f 2502/2502/2494 2501/2501/2493 2498/2498/2490
f 2503/2503/2495 2501/2501/2493 2502/2502/2494
f 2504/2504/2496 2503/2503/2495 2502/2502/2494
f 2505/2505/2497 2503/2503/2495 2504/2504/2496
f 2506/2506/2498 2505/2505/2497 2504/2504/2496
f 2507/2507/2499 2505/2505/2497 2506/2506/2498
f 2508/2508/2500 2507/2507/2499 2506/2506/2498
f 2509/2509/2501 2507/2507/2499 2508/2508/2500
f 2510/2510/2502 2509/2509/2501 2508/2508/2500
f 2511/2511/2503 2509/2509/2501 2510/2510/2502
f 2512/2512/2504 2511/2511/2503 2510/2510/2502
f 2513/2513/2505 2511/2511/2503 2512/2512/2504
f 2514/2514/2506 2513/2513/2505 2512/2512/2504
f 2515/2515/2507 2513/2513/2505 2514/2514/2506
f 2516/2516/2508 2515/2515/2507 2514/2514/2506
f 2517/2517/2509 2515/2515/2507 2516/2516/2508
f 2518/2518/2510 2517/2517/2509 2516/2516/2508
f 2519/2519/2511 2517/2517/2509 2518/2518/2510
f 2520/2520/2512 2517/2517/2509 2519/2519/2511
f 2521/2521/2513 2517/2517/2509 2520/2520/2512
f 2522/2522/2514 2521/2521/2513 2520/2520/2512
f 2523/2523/2515 2521/2521/2513 2522/2522/2514
f 2524/2524/2516 2523/2523/2515 2522/2522/2514
f 2509/2509/2501 2523/2523/2515 2524/2524/2516
f 2507/2507/2499 2509/2509/2501 2524/2524/2516
f 2525/2525/2517 2507/2507/2499 2524/2524/2516
f 2526/2526/2518 2507/2507/2499 2525/2525/2517
f 2527/2527/2519 2526/2526/2518 2525/2525/2517
f 2528/2528/2520 2526/2526/2518 2527/2527/2519
f 2529/2529/2521 2528/2528/2520 2527/2527/2519
f 2530/2530/2522 2528/2528/2520 2529/2529/2521
f 2531/2531/2523 2530/2530/2522 2529/2529/2521
f 2532/2532/2524 2530/2530/2522 2531/2531/2523
f 2533/2533/2525 2530/2530/2522 2532/2532/2524
f 2534/2534/2526 2533/2533/2525 2532/2532/2524
f 2535/2535/2527 2533/2533/2525 2534/2534/2526
f 2536/2536/2528 2535/2535/2527 2534/2534/2526
f 2537/2537/2529 2535/2535/2527 2536/2536/2528
f 2538/2538/2530 2537/2537/2529 2536/2536/2528
f 2539/2539/2531 2537/2537/2529 2538/2538/2530
f 2540/2540/2532 2539/2539/2531 2538/2538/2530
f 2541/2541/2533 2539/2539/2531 2540/2540/2532
f 2542/2542/2534 2541/2541/2533 2540/2540/2532
f 2543/2543/2535 2541/2541/2533 2542/2542/2534
f 2544/2544/2536 2543/2543/2535 2542/2542/2534
f 2545/2545/2537 2543/2543/2535 2544/2544/2536
f 2546/2546/2538 2545/2545/2537 2544/2544/2536
f 2547/2547/2539 2545/2545/2537 2546/2546/2538
f 2548/2548/2540 2547/2547/2539 2546/2546/2538
f 2549/2549/2541 2547/2547/2539 2548/2548/2540
f 2550/2550/2542 2549/2549/2541 2548/2548/2540
f 2551/2551/2543 2549/2549/2541 2550/2550/2542
f 2552/2552/2544 2551/2551/2543 2550/2550/2542
f 2553/2553/2545 2551/2551/2543 2552/2552/2544
f 2554/2554/2546 2553/2553/2545 2552/2552/2544
f 2555/2555/2547 2553/2553/2545 2554/2554/2546
f 2556/2556/2548 2555/2555/2547 2554/2554/2546
f 2557/2557/2549 2555/2555/2547 2556/2556/2548
f 2558/2558/2550 2557/2557/2549 2556/2556/2548
f 2559/2559/2551 2558/2558/2550 2556/2556/2548
f 2560/2560/2552 2559/2559/2551 2556/2556/2548
f 2561/2561/2553 2559/2559/2551 2560/2560/2552
f 2562/2562/2554 2561/2561/2553 2560/2560/2552
f 2563/2563/2555 2561/2561/2553 2562/2562/2554
f 2564/2564/2556 2563/2563/2555 2562/2562/2554
f 2565/2565/2557 2564/2564/2556 2562/2562/2554
f 2566/2566/2558 2564/2564/2556 2565/2565/2557
f 2567/2567/2559 2566/2566/2558 2565/2565/2557
f 2568/2568/2560 2566/2566/2558 2567/2567/2559
f 2569/2569/2561 2568/2568/2560 2567/2567/2559
f 2570/2570/2562 2569/2569/2561 2567/2567/2559
f 2571/2571/2563 2569/2569/2561 2570/2570/2562
f 2572/2572/2564 2571/2571/2563 2570/2570/2562
f 2573/2573/2565 2572/2572/2564 2570/2570/2562
f 2574/2574/2566 2572/2572/2564 2573/2573/2565
f 2575/2575/2567 2574/2574/2566 2573/2573/2565
f 2576/2576/2568 2575/2575/2567 2573/2573/2565
f 2577/2577/2569 2575/2575/2567 2576/2576/2568
f 2578/2578/2570 2577/2577/2569 2576/2576/2568
f 2579/2579/2571 2577/2577/2569 2578/2578/2570
f 2580/2580/2572 2579/2579/2571 2578/2578/2570
f 2581/2581/2573 2579/2579/2571 2580/2580/2572
f 2582/2582/2574 2581/2581/2573 2580/2580/2572
f 2583/2583/2575 2582/2582/2574 2580/2580/2572
f 2584/2584/2576 2582/2582/2574 2583/2583/2575
f 2585/2585/2577 2584/2584/2576 2583/2583/2575
f 2586/2586/2578 2584/2584/2576 2585/2585/2577
f 2587/2587/2579 2586/2586/2578 2585/2585/2577
f 2588/2588/2580 2586/2586/2578 2587/2587/2579
f 2589/2589/2581 2588/2588/2580 2587/2587/2579
f 2590/2590/2582 2588/2588/2580 2589/2589/2581
f 2591/2591/2583 2590/2590/2582 2589/2589/2581
f 2592/2592/2584 2590/2590/2582 2591/2591/2583
f 2536/2536/2528 2592/2592/2584 2591/2591/2583
f 2593/2593/2585 2592/2592/2584 2536/2536/2528
f 2534/2534/2526 2593/2593/2585 2536/2536/2528
f 2594/2594/2586 2586/2586/2578 2588/2588/2580
f 2577/2577/2569 2595/2595/2587 2575/2575/2567
f 2596/2596/2588 2595/2595/2587 2577/2577/2569
f 2579/2579/2571 2596/2596/2588 2577/2577/2569
f 2597/2597/2589 2596/2596/2588 2579/2579/2571
f 2581/2581/2573 2597/2597/2589 2579/2579/2571
f 2598/2598/2590 2599/2599/2591 2600/2600/2592
f 2601/2601/2593 2598/2598/2590 2600/2600/2592
f 2602/2602/2594 2598/2598/2590 2601/2601/2593
f 2603/2603/2595 2602/2602/2594 2601/2601/2593
f 2604/2604/2596 2602/2602/2594 2603/2603/2595
f 2605/2605/2597 2604/2604/2596 2603/2603/2595
f 2544/2544/2536 2604/2604/2596 2605/2605/2597
f 2546/2546/2538 2544/2544/2536 2605/2605/2597
f 2548/2548/2540 2546/2546/2538 2605/2605/2597
f 2603/2603/2595 2548/2548/2540 2605/2605/2597
f 2606/2606/2598 2548/2548/2540 2603/2603/2595
f 2601/2601/2593 2606/2606/2598 2603/2603/2595
f 2570/2570/2562 2606/2606/2598 2601/2601/2593
f 2573/2573/2565 2570/2570/2562 2601/2601/2593
f 2600/2600/2592 2573/2573/2565 2601/2601/2593
f 2576/2576/2568 2573/2573/2565 2600/2600/2592
f 2578/2578/2570 2576/2576/2568 2600/2600/2592
f 2599/2599/2591 2578/2578/2570 2600/2600/2592
f 2580/2580/2572 2578/2578/2570 2599/2599/2591
f 2607/2607/2599 2580/2580/2572 2599/2599/2591
f 2583/2583/2575 2580/2580/2572 2607/2607/2599
f 2608/2608/2600 2583/2583/2575 2607/2607/2599
f 2585/2585/2577 2583/2583/2575 2608/2608/2600
f 2609/2609/2601 2585/2585/2577 2608/2608/2600
f 2587/2587/2579 2585/2585/2577 2609/2609/2601
f 2589/2589/2581 2587/2587/2579 2609/2609/2601
f 2538/2538/2530 2589/2589/2581 2609/2609/2601
f 2591/2591/2583 2589/2589/2581 2538/2538/2530
f 2536/2536/2528 2591/2591/2583 2538/2538/2530
f 2565/2565/2557 2562/2562/2554 2610/2610/2602
f 2606/2606/2598 2565/2565/2557 2610/2610/2602
f 2567/2567/2559 2565/2565/2557 2606/2606/2598
f 2570/2570/2562 2567/2567/2559 2606/2606/2598
f 2562/2562/2554 2560/2560/2552 2556/2556/2548
f 2554/2554/2546 2562/2562/2554 2556/2556/2548
f 2610/2610/2602 2562/2562/2554 2554/2554/2546
f 2552/2552/2544 2610/2610/2602 2554/2554/2546
f 2606/2606/2598 2610/2610/2602 2552/2552/2544
f 2548/2548/2540 2606/2606/2598 2552/2552/2544
f 2550/2550/2542 2548/2548/2540 2552/2552/2544
f 2540/2540/2532 2538/2538/2530 2609/2609/2601
f 2608/2608/2600 2540/2540/2532 2609/2609/2601
f 2611/2611/2603 2540/2540/2532 2608/2608/2600
f 2607/2607/2599 2611/2611/2603 2608/2608/2600
f 2599/2599/2591 2611/2611/2603 2607/2607/2599
f 2598/2598/2590 2611/2611/2603 2599/2599/2591
f 2612/2612/2604 2611/2611/2603 2598/2598/2590
f 2602/2602/2594 2612/2612/2604 2598/2598/2590
f 2604/2604/2596 2612/2612/2604 2602/2602/2594
f 2544/2544/2536 2612/2612/2604 2604/2604/2596
f 2542/2542/2534 2612/2612/2604 2544/2544/2536
f 2611/2611/2603 2542/2542/2534 2540/2540/2532
f 2612/2612/2604 2542/2542/2534 2611/2611/2603
f 2613/2613/2605 2555/2555/2547 2557/2557/2549
f 2555/2555/2547 2551/2551/2543 2553/2553/2545
f 2614/2614/2606 2551/2551/2543 2555/2555/2547
f 2613/2613/2605 2614/2614/2606 2555/2555/2547
f 2615/2615/2607 2614/2614/2606 2613/2613/2605
f 2616/2616/2608 2614/2614/2606 2615/2615/2607
f 2617/2617/2609 2616/2616/2608 2615/2615/2607
f 2618/2618/2610 2616/2616/2608 2617/2617/2609
f 2619/2619/2611 2618/2618/2610 2617/2617/2609
f 2619/2619/2611 2620/2620/2612 2621/2621/2613
f 2622/2622/2614 2619/2619/2611 2621/2621/2613
f 2618/2618/2610 2619/2619/2611 2622/2622/2614
f 2623/2623/2615 2618/2618/2610 2622/2622/2614
f 2616/2616/2608 2618/2618/2610 2623/2623/2615
f 2624/2624/2616 2616/2616/2608 2623/2623/2615
f 2614/2614/2606 2616/2616/2608 2624/2624/2616
f 2625/2625/2617 2614/2614/2606 2624/2624/2616
f 2551/2551/2543 2614/2614/2606 2625/2625/2617
f 2549/2549/2541 2551/2551/2543 2625/2625/2617
f 2624/2624/2616 2549/2549/2541 2625/2625/2617
f 2626/2626/2618 2549/2549/2541 2624/2624/2616
f 2627/2627/2619 2626/2626/2618 2624/2624/2616
f 2628/2628/2620 2626/2626/2618 2627/2627/2619
f 2629/2629/2621 2628/2628/2620 2627/2627/2619
f 2630/2630/2622 2628/2628/2620 2629/2629/2621
f 2631/2631/2623 2630/2630/2622 2629/2629/2621
f 2632/2632/2624 2630/2630/2622 2631/2631/2623
f 2633/2633/2625 2632/2632/2624 2631/2631/2623
f 2634/2634/2626 2632/2632/2624 2633/2633/2625
f 2635/2635/2627 2632/2632/2624 2634/2634/2626
f 2636/2636/2628 2635/2635/2627 2634/2634/2626
f 2637/2637/2629 2635/2635/2627 2636/2636/2628
f 2638/2638/2630 2637/2637/2629 2636/2636/2628
f 2545/2545/2537 2637/2637/2629 2638/2638/2630
f 2639/2639/2631 2545/2545/2537 2638/2638/2630
f 2543/2543/2535 2545/2545/2537 2639/2639/2631
f 2541/2541/2533 2543/2543/2535 2639/2639/2631
f 2640/2640/2632 2541/2541/2533 2639/2639/2631
f 2539/2539/2531 2541/2541/2533 2640/2640/2632
f 2641/2641/2633 2539/2539/2531 2640/2640/2632
f 2537/2537/2529 2539/2539/2531 2641/2641/2633
f 2642/2642/2634 2537/2537/2529 2641/2641/2633
f 2535/2535/2527 2537/2537/2529 2642/2642/2634
f 2533/2533/2525 2535/2535/2527 2642/2642/2634
f 2643/2643/2635 2533/2533/2525 2642/2642/2634
f 2644/2644/2636 2533/2533/2525 2643/2643/2635
f 2645/2645/2637 2644/2644/2636 2643/2643/2635
f 2646/2646/2638 2644/2644/2636 2645/2645/2637
f 2647/2647/2639 2646/2646/2638 2645/2645/2637
f 2501/2501/2493 2646/2646/2638 2647/2647/2639
f 2500/2500/2492 2501/2501/2493 2647/2647/2639
f 2648/2648/2640 2500/2500/2492 2647/2647/2639
f 2649/2649/2641 2648/2648/2640 2647/2647/2639
f 2650/2650/2642 2648/2648/2640 2649/2649/2641
f 2651/2651/2643 2650/2650/2642 2649/2649/2641
f 2652/2652/2644 2650/2650/2642 2651/2651/2643
f 2645/2645/2637 2652/2652/2644 2651/2651/2643
f 2643/2643/2635 2652/2652/2644 2645/2645/2637
f 2641/2641/2633 2652/2652/2644 2643/2643/2635
f 2642/2642/2634 2641/2641/2633 2643/2643/2635
f 2649/2649/2641 2647/2647/2639 2645/2645/2637
f 2651/2651/2643 2649/2649/2641 2645/2645/2637
f 2653/2653/2645 2526/2526/2518 2528/2528/2520
f 2530/2530/2522 2653/2653/2645 2528/2528/2520
f 2646/2646/2638 2653/2653/2645 2530/2530/2522
f 2533/2533/2525 2646/2646/2638 2530/2530/2522
f 2644/2644/2636 2646/2646/2638 2533/2533/2525
f 2503/2503/2495 2646/2646/2638 2501/2501/2493
f 2653/2653/2645 2646/2646/2638 2503/2503/2495
f 2505/2505/2497 2653/2653/2645 2503/2503/2495
f 2526/2526/2518 2653/2653/2645 2505/2505/2497
f 2507/2507/2499 2526/2526/2518 2505/2505/2497
f 2639/2639/2631 2638/2638/2630 2654/2654/2646
f 2640/2640/2632 2639/2639/2631 2654/2654/2646
f 2655/2655/2647 2640/2640/2632 2654/2654/2646
f 2641/2641/2633 2640/2640/2632 2655/2655/2647
f 2652/2652/2644 2641/2641/2633 2655/2655/2647
f 2650/2650/2642 2652/2652/2644 2655/2655/2647
f 2656/2656/2648 2650/2650/2642 2655/2655/2647
f 2657/2657/2649 2656/2656/2648 2655/2655/2647
f 2654/2654/2646 2657/2657/2649 2655/2655/2647
f 2658/2658/2650 2657/2657/2649 2654/2654/2646
f 2636/2636/2628 2658/2658/2650 2654/2654/2646
f 2659/2659/2651 2658/2658/2650 2636/2636/2628
f 2660/2660/2652 2659/2659/2651 2636/2636/2628
f 2661/2661/2653 2660/2660/2652 2636/2636/2628
f 2634/2634/2626 2661/2661/2653 2636/2636/2628
f 2636/2636/2628 2654/2654/2646 2638/2638/2630
f 2662/2662/2654 2663/2663/2655 2664/2664/2656
f 2665/2665/2657 2663/2663/2655 2662/2662/2654
f 2666/2666/2658 2665/2665/2657 2662/2662/2654
f 2667/2667/2659 2666/2666/2658 2662/2662/2654
f 2668/2668/2660 2666/2666/2658 2667/2667/2659
f 2669/2669/2661 2665/2665/2657 2666/2666/2658
f 2664/2664/2656 2667/2667/2659 2662/2662/2654
f 2670/2670/2662 2667/2667/2659 2664/2664/2656
f 2671/2671/2663 2670/2670/2662 2664/2664/2656
f 2663/2663/2655 2671/2671/2663 2664/2664/2656
f 2672/2672/2664 2671/2671/2663 2663/2663/2655
f 2673/2673/2665 2672/2672/2664 2663/2663/2655
f 2674/2674/2666 2673/2673/2665 2663/2663/2655
f 2675/2675/2667 2673/2673/2665 2674/2674/2666
f 2676/2676/2668 2675/2675/2667 2674/2674/2666
f 2663/2663/2655 2676/2676/2668 2674/2674/2666
f 2677/2677/2669 2676/2676/2668 2663/2663/2655
f 2665/2665/2657 2677/2677/2669 2663/2663/2655
f 2678/2678/2670 2677/2677/2669 2665/2665/2657
f 2669/2669/2661 2678/2678/2670 2665/2665/2657
f 2679/2679/2671 2678/2678/2670 2669/2669/2661
f 2680/2680/2672 2679/2679/2671 2669/2669/2661
f 2681/2681/2673 2680/2680/2672 2669/2669/2661
f 2666/2666/2658 2681/2681/2673 2669/2669/2661
f 2682/2682/2674 2681/2681/2673 2666/2666/2658
f 2668/2668/2660 2682/2682/2674 2666/2666/2658
f 2683/2683/2675 2682/2682/2674 2668/2668/2660
f 2678/2678/2670 2679/2679/2671 2677/2677/2669
f 2676/2676/2668 2684/2684/2676 2675/2675/2667
f 2685/2685/2677 2684/2684/2676 2676/2676/2668
f 2677/2677/2669 2685/2685/2677 2676/2676/2668
f 2686/2686/2678 2685/2685/2677 2677/2677/2669
f 2679/2679/2671 2686/2686/2678 2677/2677/2669
f 2687/2687/2679 2686/2686/2678 2679/2679/2671
f 2680/2680/2672 2687/2687/2679 2679/2679/2671
f 2489/2489/2481 2687/2687/2679 2680/2680/2672
f 2681/2681/2673 2489/2489/2481 2680/2680/2672
f 2490/2490/2482 2489/2489/2481 2681/2681/2673
f 2491/2491/2483 2490/2490/2482 2681/2681/2673
f 2682/2682/2674 2491/2491/2483 2681/2681/2673
f 2496/2496/2488 2491/2491/2483 2682/2682/2674
f 2683/2683/2675 2496/2496/2488 2682/2682/2674
f 2498/2498/2490 2496/2496/2488 2683/2683/2675
f 2502/2502/2494 2498/2498/2490 2683/2683/2675
f 2668/2668/2660 2502/2502/2494 2683/2683/2675
f 2504/2504/2496 2502/2502/2494 2668/2668/2660
f 2667/2667/2659 2504/2504/2496 2668/2668/2660
f 2506/2506/2498 2504/2504/2496 2667/2667/2659
f 2508/2508/2500 2506/2506/2498 2667/2667/2659
f 2670/2670/2662 2508/2508/2500 2667/2667/2659
f 2688/2688/2680 2508/2508/2500 2670/2670/2662
f 2671/2671/2663 2688/2688/2680 2670/2670/2662
f 2689/2689/2681 2688/2688/2680 2671/2671/2663
f 2672/2672/2664 2689/2689/2681 2671/2671/2663
f 2465/2465/2457 2689/2689/2681 2672/2672/2664
f 2471/2471/2463 2465/2465/2457 2672/2672/2664
f 2673/2673/2665 2471/2471/2463 2672/2672/2664
f 2474/2474/2466 2471/2471/2463 2673/2673/2665
f 2477/2477/2469 2474/2474/2466 2673/2673/2665
f 2675/2675/2667 2477/2477/2469 2673/2673/2665
f 2479/2479/2471 2477/2477/2469 2675/2675/2667
f 2481/2481/2473 2479/2479/2471 2675/2675/2667
f 2684/2684/2676 2481/2481/2473 2675/2675/2667
f 2484/2484/2476 2481/2481/2473 2684/2684/2676
f 2685/2685/2677 2484/2484/2476 2684/2684/2676
f 2686/2686/2678 2484/2484/2476 2685/2685/2677
f 2486/2486/2478 2484/2484/2476 2686/2686/2678
f 2487/2487/2479 2486/2486/2478 2686/2686/2678
f 2687/2687/2679 2487/2487/2479 2686/2686/2678
f 2488/2488/2480 2487/2487/2479 2687/2687/2679
f 2489/2489/2481 2488/2488/2480 2687/2687/2679
f 2689/2689/2681 2465/2465/2457 2467/2467/2459
f 2514/2514/2506 2690/2690/2682 2516/2516/2508
f 2466/2466/2458 2690/2690/2682 2514/2514/2506
f 2467/2467/2459 2466/2466/2458 2514/2514/2506
f 2512/2512/2504 2467/2467/2459 2514/2514/2506
f 2689/2689/2681 2467/2467/2459 2512/2512/2504
f 2510/2510/2502 2689/2689/2681 2512/2512/2504
f 2688/2688/2680 2689/2689/2681 2510/2510/2502
f 2508/2508/2500 2688/2688/2680 2510/2510/2502
f 2623/2623/2615 2627/2627/2619 2624/2624/2616
f 2629/2629/2621 2627/2627/2619 2623/2623/2615
f 2622/2622/2614 2629/2629/2621 2623/2623/2615
f 2631/2631/2623 2629/2629/2621 2622/2622/2614
f 2621/2621/2613 2631/2631/2623 2622/2622/2614
f 2691/2691/2683 2631/2631/2623 2621/2621/2613
f 2633/2633/2625 2631/2631/2623 2691/2691/2683
f 2692/2692/2684 2522/2522/2514 2520/2520/2512
f 2693/2693/2685 2522/2522/2514 2692/2692/2684
f 2694/2694/2686 2693/2693/2685 2692/2692/2684
f 2695/2695/2687 2693/2693/2685 2694/2694/2686
f 2696/2696/2688 2695/2695/2687 2694/2694/2686
f 2697/2697/2689 2695/2695/2687 2696/2696/2688
f 2698/2698/2690 2695/2695/2687 2697/2697/2689
f 2699/2699/2691 2695/2695/2687 2698/2698/2690
f 2700/2700/2692 2695/2695/2687 2699/2699/2691
f 2701/2701/2693 2700/2700/2692 2699/2699/2691
f 2527/2527/2519 2700/2700/2692 2701/2701/2693
f 2529/2529/2521 2527/2527/2519 2701/2701/2693
f 2700/2700/2692 2527/2527/2519 2702/2702/2694
f 2525/2525/2517 2702/2702/2694 2527/2527/2519
f 2524/2524/2516 2702/2702/2694 2525/2525/2517
f 2522/2522/2514 2702/2702/2694 2524/2524/2516
f 2693/2693/2685 2702/2702/2694 2522/2522/2514
f 2700/2700/2692 2702/2702/2694 2693/2693/2685
f 2695/2695/2687 2700/2700/2692 2693/2693/2685
f 2559/2559/2551 2561/2561/2553 2703/2703/2695
f 2630/2630/2622 2632/2632/2624 2635/2635/2627
f 2637/2637/2629 2630/2630/2622 2635/2635/2627
f 2628/2628/2620 2630/2630/2622 2637/2637/2629
f 2704/2704/2696 2628/2628/2620 2637/2637/2629
f 2626/2626/2618 2628/2628/2620 2704/2704/2696
f 2705/2705/2697 2626/2626/2618 2704/2704/2696
f 2549/2549/2541 2626/2626/2618 2705/2705/2697
f 2547/2547/2539 2549/2549/2541 2705/2705/2697
f 2704/2704/2696 2547/2547/2539 2705/2705/2697
f 2545/2545/2537 2547/2547/2539 2704/2704/2696
f 2637/2637/2629 2545/2545/2537 2704/2704/2696
f 2478/2478/2470 2480/2480/2472 2706/2706/2698
f 2707/2707/2699 2478/2478/2470 2706/2706/2698
f 2708/2708/2700 2478/2478/2470 2707/2707/2699
f 2709/2709/2701 2478/2478/2470 2708/2708/2700
f 2476/2476/2468 2478/2478/2470 2709/2709/2701
f 2475/2475/2467 2476/2476/2468 2709/2709/2701
f 2523/2523/2515 2509/2509/2501 2511/2511/2503
f 2513/2513/2505 2523/2523/2515 2511/2511/2503
f 2521/2521/2513 2523/2523/2515 2513/2513/2505
f 2517/2517/2509 2521/2521/2513 2513/2513/2505
f 2515/2515/2507 2517/2517/2509 2513/2513/2505
f 2710/2710/2702 2711/2711/2703 2712/2712/2704
f 2713/2713/2705 2710/2710/2702 2712/2712/2704
f 2714/2714/2706 2713/2713/2705 2715/2715/2707
f 2716/2716/2708 2717/2717/2709 2718/2718/2710
f 2719/2719/2711 2717/2717/2709 2716/2716/2708
f 2714/2714/2706 2719/2719/2711 2716/2716/2708
f 2720/2720/2712 2719/2719/2711 2714/2714/2706
f 2715/2715/2707 2720/2720/2712 2714/2714/2706
f 2721/2721/2713 2720/2720/2712 2715/2715/2707
f 2722/2722/2714 2720/2720/2712 2721/2721/2713
f 2723/2723/2715 2722/2722/2714 2721/2721/2713
f 2724/2724/2716 2722/2722/2714 2723/2723/2715
f 2725/2725/2717 2722/2722/2714 2724/2724/2716
f 2726/2726/2718 2725/2725/2717 2724/2724/2716
f 2727/2727/2719 2725/2725/2717 2726/2726/2718
f 2728/2728/2720 2727/2727/2719 2726/2726/2718
f 2729/2729/2721 2727/2727/2719 2728/2728/2720
f 2730/2730/2722 2729/2729/2721 2728/2728/2720
f 2731/2731/2723 2729/2729/2721 2730/2730/2722
f 2732/2732/2724 2729/2729/2721 2731/2731/2723
f 2733/2733/2725 2729/2729/2721 2732/2732/2724
f 2734/2734/2726 2733/2733/2725 2732/2732/2724
f 2735/2735/2727 2733/2733/2725 2734/2734/2726
f 2736/2736/2728 2735/2735/2727 2734/2734/2726
f 2737/2737/2729 2735/2735/2727 2736/2736/2728
f 2738/2738/2730 2737/2737/2729 2736/2736/2728
f 2739/2739/2731 2737/2737/2729 2738/2738/2730
f 2740/2740/2732 2739/2739/2731 2738/2738/2730
f 2741/2741/2733 2739/2739/2731 2740/2740/2732
f 2742/2742/2734 2739/2739/2731 2741/2741/2733
f 2743/2743/2735 2739/2739/2731 2742/2742/2734
f 2744/2744/2736 2743/2743/2735 2742/2742/2734
f 2745/2745/2737 2743/2743/2735 2744/2744/2736
f 2746/2746/2738 2745/2745/2737 2744/2744/2736
f 2747/2747/2739 2745/2745/2737 2746/2746/2738
f 2748/2748/2740 2747/2747/2739 2746/2746/2738
f 2749/2749/2741 2747/2747/2739 2748/2748/2740
f 2750/2750/2742 2749/2749/2741 2748/2748/2740
f 2711/2711/2703 2749/2749/2741 2750/2750/2742
f 2751/2751/2743 2749/2749/2741 2711/2711/2703
f 2710/2710/2702 2751/2751/2743 2711/2711/2703
f 2752/2752/2744 2751/2751/2743 2710/2710/2702
f 2713/2713/2705 2752/2752/2744 2710/2710/2702
f 2753/2753/2745 2752/2752/2744 2713/2713/2705
f 2714/2714/2706 2753/2753/2745 2713/2713/2705
f 2716/2716/2708 2753/2753/2745 2714/2714/2706
f 2745/2745/2737 2753/2753/2745 2716/2716/2708
f 2718/2718/2710 2745/2745/2737 2716/2716/2708
f 2743/2743/2735 2745/2745/2737 2718/2718/2710
f 2739/2739/2731 2743/2743/2735 2718/2718/2710
f 2737/2737/2729 2739/2739/2731 2718/2718/2710
f 2717/2717/2709 2737/2737/2729 2718/2718/2710
f 2735/2735/2727 2737/2737/2729 2717/2717/2709
f 2733/2733/2725 2735/2735/2727 2717/2717/2709
f 2754/2754/2746 2733/2733/2725 2717/2717/2709
f 2729/2729/2721 2733/2733/2725 2754/2754/2746
f 2727/2727/2719 2729/2729/2721 2754/2754/2746
f 2755/2755/2747 2727/2727/2719 2754/2754/2746
f 2725/2725/2717 2727/2727/2719 2755/2755/2747
f 2720/2720/2712 2725/2725/2717 2755/2755/2747
f 2722/2722/2714 2725/2725/2717 2720/2720/2712
f 2755/2755/2747 2719/2719/2711 2720/2720/2712
f 2754/2754/2746 2719/2719/2711 2755/2755/2747
f 2717/2717/2709 2719/2719/2711 2754/2754/2746
f 2753/2753/2745 2745/2745/2737 2747/2747/2739
f 2749/2749/2741 2753/2753/2745 2747/2747/2739
f 2752/2752/2744 2753/2753/2745 2749/2749/2741
f 2751/2751/2743 2752/2752/2744 2749/2749/2741
f 2756/2756/2748 2757/2757/2749 2740/2740/2732
f 2738/2738/2730 2756/2756/2748 2740/2740/2732
f 2758/2758/2750 2756/2756/2748 2738/2738/2730
f 2736/2736/2728 2758/2758/2750 2738/2738/2730
f 2759/2759/2751 2758/2758/2750 2736/2736/2728
f 2734/2734/2726 2759/2759/2751 2736/2736/2728
f 2732/2732/2724 2759/2759/2751 2734/2734/2726
o Mesh-004_MeshData-004.001
v -0.563784 14.266419 -2.113744
v -1.092746 14.166527 -2.462230
v -0.988623 14.090332 -2.176930
v -0.623186 14.352728 -2.466449
v 0.000543 14.297762 -2.069378
v -0.988623 14.078801 -2.685670
v 0.833399 12.735565 -3.275436
v 1.128853 13.422736 -3.087141
v 1.168441 12.947338 -3.131570
v 0.691573 13.411388 -3.237920
v 0.000470 12.739219 -3.314191
v 0.001022 13.422212 -3.276743
v -0.832714 12.737434 -3.282533
v -0.689805 13.412935 -3.243804
v -1.168280 12.949963 -3.141523
v -1.128458 13.396889 -3.099538
v -0.563854 14.122006 -2.950316
v -1.046379 13.940221 -2.874324
v -0.563784 14.250678 -2.808219
v 0.000543 14.385080 -2.467183
v 0.564870 14.266419 -2.113744
v 0.624273 14.352728 -2.466449
v 0.989709 14.092983 -2.059937
v 1.093832 14.166527 -2.462230
v 0.564870 14.250678 -2.808219
v 0.989709 14.078801 -2.685670
v 1.046284 13.937980 -2.866865
v 0.564790 14.120722 -2.946061
v 0.000595 14.153850 -2.970808
v 0.000543 14.280267 -2.841260
v -7.549324 14.183470 -0.326151
v -7.417698 14.205443 -0.269338
v -7.712739 14.310293 -0.433754
v -7.709207 13.965741 -0.662577
v -7.967495 14.038366 -0.706831
v -7.971911 14.026533 -0.937757
v -7.721724 14.028223 -0.468519
v -7.496213 13.810971 -0.637377
v -7.615800 13.920046 -0.429245
v -7.416702 13.800827 -0.398280
v -7.230696 13.811515 -0.514978
v -7.280861 13.870134 -0.245618
v -7.107486 13.948538 -0.342980
v -7.003844 14.039706 -0.423973
v -7.083937 13.849559 -0.762358
v -6.783726 13.926629 -0.668808
v -6.979496 13.879087 -0.993606
v -6.769258 13.903100 -0.975245
v -6.765189 13.934919 -1.113314
v -6.510787 13.928581 -1.119356
v -6.509086 14.110256 -1.196214
v -6.754200 14.097834 -1.194839
v -6.519968 14.358230 -1.075271
v -6.759792 14.329443 -1.061524
v -6.517459 14.439030 -0.822898
v -6.765259 14.418931 -0.781537
v -6.518517 14.360950 -0.493653
v -6.770827 14.342267 -0.504144
v -6.510405 14.112140 -0.421563
v -6.770418 14.094047 -0.430738
v -7.146763 14.355221 -0.501057
v -7.003844 14.039706 -0.423973
v -7.107486 13.948538 -0.342980
v -7.197832 14.210713 -0.313078
v -7.296304 14.073644 -0.181321
v -7.389635 14.291717 -0.403811
v -7.714902 14.405684 -0.658162
v -7.877913 14.316507 -0.456590
v -7.901997 14.366160 -0.708233
v -7.696342 14.385966 -0.943819
v -7.899621 14.350752 -0.958212
v -7.774357 14.265852 -1.235175
v -7.637012 14.269533 -1.207842
v -7.566466 14.070610 -1.434335
v -7.205044 14.081884 -1.269597
v -7.210329 13.910664 -1.224065
v -6.971959 13.928791 -1.128561
v -6.968401 14.088826 -1.191957
v -6.985364 14.310196 -1.066953
v -7.025210 14.420568 -0.806821
v -7.678128 14.079568 -1.457513
v -7.247265 14.285401 -1.129551
v -7.304449 14.406545 -0.877928
v -7.383207 14.408453 -0.601715
v -7.736576 13.894170 -1.334447
v -7.558485 13.874114 -1.313194
v -7.285810 13.817410 -1.029429
v -7.372893 13.887984 -0.819520
v -7.649514 13.955063 -0.864049
v -7.859225 13.987839 -1.167454
v -7.602999 13.876959 -1.094119
v -7.280861 13.870134 -0.245618
v -7.712739 14.310293 -0.433754
v -7.549324 14.183470 -0.326151
v -7.909847 14.057963 -0.473714
v -7.877913 14.316507 -0.456590
v -6.510528 13.886543 -0.920624
v -6.503768 13.959024 -0.626148
v -6.770418 14.094047 -0.430738
v -6.510405 14.112140 -0.421563
v -8.364775 14.296629 -1.064430
v -8.159875 14.273305 -1.294706
v -8.287305 14.255096 -1.321364
v -8.241328 14.318439 -1.043033
v -8.092738 14.270013 -1.274525
v -8.380421 14.038988 -1.077385
v -7.886656 14.261286 -1.216473
v -7.774357 14.265852 -1.235175
v -7.859225 13.987839 -1.167454
v -7.915721 14.003970 -1.193900
v -8.092738 14.270013 -1.274525
v -8.138648 14.013416 -1.245813
v -8.159875 14.273305 -1.294706
v -8.287305 14.255096 -1.321364
v -8.314694 14.023662 -1.305680
v -8.208539 14.035119 -1.020875
v -8.176243 14.318754 -1.025176
v -7.974991 14.307862 -0.982350
v -7.886656 14.261286 -1.216473
v -7.774357 14.265852 -1.235175
v -7.899621 14.350752 -0.958212
v -7.971911 14.026533 -0.937757
v -7.995230 14.020866 -0.974098
v -7.585113 14.132705 -0.304639
v -7.615800 13.920046 -0.429245
v -7.589127 13.935575 -0.384853
v -7.549324 14.183470 -0.326151
v -7.417698 14.205443 -0.269338
v -7.407167 13.935831 -0.079224
v -7.494299 14.147789 -0.181077
v -7.525523 14.118821 -0.132949
v -7.373818 13.952974 -0.118541
v -7.410426 13.808671 -0.168294
v -7.382655 13.822895 -0.199608
v -7.493290 13.784447 -0.305890
v -7.467291 13.798597 -0.330306
v -7.614625 13.930530 -0.366080
v -7.589127 13.935575 -0.384853
v -7.615800 13.920046 -0.429245
v -7.416702 13.800827 -0.398280
v -7.280861 13.870134 -0.245618
v -7.296304 14.073644 -0.181321
v -7.603564 14.110083 -0.278412
v -7.614625 13.930530 -0.366080
v -7.697775 14.073024 -0.209527
v -7.738285 13.886580 -0.286538
v -7.750114 14.049808 -0.178644
v -7.611557 14.091791 -0.099938
v -7.688930 14.070206 -0.044295
v -7.568521 13.887804 0.022998
v -7.500700 13.914701 -0.041443
v -7.556405 13.754426 -0.082252
v -7.512682 13.787024 -0.133041
v -7.617713 13.736009 -0.202378
v -7.587979 13.766104 -0.235646
v -7.738285 13.886580 -0.286538
v -8.403301 14.294993 -0.417814
v -8.307705 14.323064 -0.697355
v -8.425394 14.316248 -0.691003
v -8.282400 14.297935 -0.407561
v -8.426733 14.072174 -0.431508
v -8.223793 14.327456 -0.694640
v -8.204425 14.301522 -0.414794
v -8.004428 14.323036 -0.694152
v -7.971826 14.305933 -0.449657
v -7.901997 14.366160 -0.708233
v -7.877913 14.316507 -0.456590
v -7.909847 14.057963 -0.473714
v -7.981686 14.059464 -0.464445
v -7.967495 14.038366 -0.706831
v -8.041611 14.044581 -0.697852
v -8.004428 14.323036 -0.694152
v -8.220523 14.059566 -0.676177
v -8.223793 14.327456 -0.694640
v -8.307705 14.323064 -0.697355
v -8.425394 14.316248 -0.691003
v -8.455265 14.068094 -0.675992
v -8.188124 14.063779 -0.437809
v -7.901997 14.366160 -0.708233
v -8.458385 14.309413 -1.005821
v -8.475388 14.320594 -0.722620
v -8.319298 14.325271 -0.999091
v -8.363550 14.329338 -0.710614
v -8.499594 14.081514 -0.740146
v -8.230265 14.326257 -0.986487
v -8.492780 14.075401 -0.985586
v -8.458385 14.309413 -1.005821
v -8.319298 14.325271 -0.999091
v -8.241196 14.066617 -0.970779
v -8.267952 14.078052 -0.726148
v -8.275629 14.334975 -0.714791
v -8.005893 14.339479 -0.703989
v -8.002244 14.332134 -0.959231
v -7.899621 14.350752 -0.958212
v -7.901997 14.366160 -0.708233
v -8.040242 14.067851 -0.717610
v -7.967495 14.038366 -0.706831
v -7.971911 14.026533 -0.937757
v -8.030450 14.062462 -0.950565
v -8.002244 14.332134 -0.959231
v -8.230265 14.326257 -0.986487
v -7.899621 14.350752 -0.958212
v -7.936677 14.116348 -1.584201
v -8.083999 13.901678 -1.529214
v -8.018578 14.124435 -1.615708
v -7.972966 13.883305 -1.440080
v -7.889110 14.101437 -1.565162
v -8.185514 13.992832 -1.350430
v -8.058726 14.014214 -1.267614
v -8.042276 14.237659 -1.364902
v -7.991419 14.238169 -1.351226
v -7.889110 14.101437 -1.565162
v -7.744900 14.099977 -1.493139
v -7.840453 14.265564 -1.273603
v -7.678128 14.079568 -1.457513
v -7.774357 14.265852 -1.235175
v -7.859225 13.987839 -1.167454
v -7.900486 14.016449 -1.183580
v -7.818810 13.887777 -1.360006
v -7.744900 14.099977 -1.493139
v -7.736576 13.894170 -1.334447
v -7.678128 14.079568 -1.457513
v -7.936677 14.116348 -1.584201
v -8.131780 14.225133 -1.406010
v -8.018578 14.124435 -1.615708
v 7.296306 14.073644 -0.181320
v 7.107486 13.948536 -0.342979
v 7.280862 13.870134 -0.245617
v 7.197832 14.210711 -0.313078
v 7.389635 14.291715 -0.403811
v 7.417699 14.205443 -0.269338
v 7.549325 14.183469 -0.326151
v 7.712740 14.310290 -0.433755
v 7.383208 14.408451 -0.601715
v 7.714903 14.405681 -0.658162
v 7.696343 14.385963 -0.943819
v 7.589128 13.935575 -0.384853
v 7.416704 13.800828 -0.398279
v 7.615801 13.920045 -0.429245
v 7.407168 13.935831 -0.079223
v 7.410427 13.808671 -0.168294
v 7.512682 13.787024 -0.133041
v 7.500700 13.914701 -0.041443
v 7.525524 14.118821 -0.132948
v 7.611556 14.091792 -0.099938
v 7.603565 14.110083 -0.278411
v 7.697775 14.073025 -0.209527
v 7.614626 13.930530 -0.366080
v 7.738285 13.886580 -0.286539
v 7.750114 14.049809 -0.178645
v 7.688929 14.070207 -0.044296
v 7.568520 13.887804 0.022997
v 7.556405 13.754427 -0.082252
v 7.587980 13.766104 -0.235646
v 7.617713 13.736010 -0.202378
v 7.738285 13.886580 -0.286539
v 7.614626 13.930530 -0.366080
v 7.493291 13.784447 -0.305890
v 7.467292 13.798597 -0.330305
v 7.382656 13.822895 -0.199608
v 7.280862 13.870134 -0.245617
v 7.373819 13.952974 -0.118540
v 7.296306 14.073644 -0.181320
v 7.494300 14.147789 -0.181076
v 7.417699 14.205443 -0.269338
v 7.549325 14.183469 -0.326151
v 7.585114 14.132704 -0.304639
v 7.589128 13.935575 -0.384853
v 7.615801 13.920045 -0.429245
v 7.496214 13.810969 -0.637377
v 7.372893 13.887981 -0.819520
v 7.649514 13.955060 -0.864049
v 7.709207 13.965738 -0.662577
v 7.416704 13.800828 -0.398279
v 7.280862 13.870134 -0.245617
v 7.107486 13.948536 -0.342979
v 7.230696 13.811513 -0.514978
v 7.615801 13.920045 -0.429245
v 7.721724 14.028220 -0.468519
v 7.549325 14.183469 -0.326151
v 7.712740 14.310290 -0.433755
v -6.744266 13.860091 -0.451730
v -6.748531 14.210314 -0.426011
v -6.883340 14.129923 -0.380103
v -6.639835 13.927551 -0.420727
v -6.706778 13.669302 -0.776564
v -6.347960 13.949466 -0.467960
v -6.352908 14.269969 -0.400837
v -6.316034 14.279990 -0.367418
v -6.354286 13.751561 -0.778429
v -6.612473 13.731146 -0.777966
v -6.347960 13.935196 -1.097545
v -6.260381 13.698944 -0.777236
v -6.287148 13.915222 -0.439967
v -6.141315 13.699815 -0.777256
v -6.141377 13.913165 -0.384614
v -5.772418 13.615295 -0.775340
v -5.762347 13.860370 -0.383418
v -5.599581 13.540915 -0.773654
v -5.565359 13.800253 -0.339762
v -5.526328 13.483940 -0.772363
v -5.491075 13.756063 -0.299500
v -5.235207 13.684113 -0.297869
v -5.075335 14.058869 -0.193223
v -5.411927 14.260557 -0.197794
v -5.489301 14.268827 -0.246514
v -5.758741 14.288776 -0.299249
v -6.163346 14.295625 -0.383707
v -6.744266 13.845178 -1.109709
v -6.639835 13.911163 -1.143737
v -6.883340 14.111487 -1.193488
v -6.748531 14.191966 -1.235528
v -6.352908 14.252329 -1.179121
v -6.287148 13.899719 -1.123958
v -6.316034 14.260825 -1.212959
v -6.141377 13.895156 -1.179160
v -6.163346 14.275272 -1.281655
v -5.762347 13.842360 -1.177964
v -5.758741 14.266514 -1.281456
v -5.565359 13.780328 -1.218851
v -5.489301 14.244196 -1.333232
v -5.491075 13.734360 -1.257069
v -5.411927 14.233727 -1.381528
v -5.235207 13.662409 -1.255438
v -5.075335 14.032040 -1.376957
v -5.297366 13.455226 -0.771712
v -1.093451 14.167225 -2.462289
v -0.989064 14.079477 -2.686263
v -0.623422 14.353707 -2.466484
v -0.564007 14.267202 -2.113163
v -0.989184 14.090993 -2.176430
v 0.000543 14.298575 -2.068792
v 0.833588 12.735654 -3.276414
v 1.168765 12.947456 -3.132509
v 1.129165 13.423005 -3.088053
v 0.691759 13.411637 -3.238871
v 0.000474 12.739276 -3.315189
v 0.001026 13.422440 -3.277716
v -0.832896 12.737522 -3.283512
v -0.689985 13.413184 -3.244755
v -1.168596 12.950081 -3.142464
v -1.128767 13.397148 -3.100451
v -0.564069 14.122588 -2.951096
v -1.046740 13.940814 -2.875042
v -0.564022 14.251517 -2.808705
v 0.000543 14.386081 -2.467210
v 0.565047 14.267193 -2.113133
v 0.624499 14.353707 -2.466497
v 0.990245 14.093637 -2.059397
v 1.094535 14.167224 -2.462306
v 0.565110 14.251517 -2.808711
v 0.990073 14.079446 -2.686342
v 1.046644 13.938563 -2.867590
v 0.565007 14.121305 -2.946845
v 0.000598 14.154421 -2.971631
v 0.000544 14.281136 -2.841759
v -7.712976 14.310863 -0.432963
v -7.417766 14.206179 -0.268663
v -7.549984 14.183963 -0.325579
v -7.709592 13.964821 -0.662573
v -7.972322 14.025623 -0.937730
v -7.967791 14.037416 -0.706792
v -7.722196 14.027629 -0.467864
v -7.496542 13.810040 -0.637485
v -7.616560 13.919432 -0.429024
v -7.416747 13.799839 -0.398192
v -7.230482 13.810536 -0.514904
v -7.280310 13.869475 -0.245108
v -7.106781 13.948212 -0.342348
v -7.003352 14.039365 -0.423172
v -7.083723 13.848594 -0.762230
v -6.783638 13.925686 -0.668477
v -6.979363 13.878103 -0.993731
v -6.769194 13.902108 -0.975323
v -6.765161 13.934155 -1.113957
v -6.510806 13.927806 -1.119984
v -6.509128 14.110283 -1.197212
v -6.754218 14.097871 -1.195839
v -6.520073 14.358985 -1.075910
v -6.759855 14.330199 -1.062168
v -6.517558 14.440028 -0.822927
v -6.765307 14.419931 -0.781580
v -6.518585 14.361665 -0.492959
v -6.770857 14.342983 -0.503447
v -6.510427 14.111820 -0.420617
v -6.770391 14.093698 -0.429802
v -7.146595 14.356005 -0.500462
v -7.003352 14.039365 -0.423172
v -7.106781 13.948212 -0.342348
v -7.197420 14.211279 -0.312363
v -7.295794 14.073852 -0.180486
v -7.389647 14.292511 -0.403210
v -7.715003 14.406668 -0.657999
v -7.878046 14.317086 -0.455783
v -7.902225 14.367105 -0.707989
v -7.696401 14.386931 -0.944046
v -7.899878 14.351687 -0.958444
v -7.774336 14.266679 -1.235730
v -7.636931 14.270370 -1.208374
v -7.566228 14.070778 -1.435292
v -7.204736 14.082034 -1.270535
v -7.210076 13.909938 -1.224709
v -6.971768 13.928078 -1.129233
v -6.968246 14.088924 -1.192941
v -6.985313 14.310962 -1.067599
v -7.025192 14.421567 -0.806924
v -7.677828 14.079727 -1.458454
v -7.247146 14.286188 -1.130154
v -7.304429 14.407519 -0.878118
v -7.383213 14.409410 -0.601434
v -7.736659 13.893231 -1.334798
v -7.558451 13.873262 -1.313728
v -7.285808 13.816419 -1.029483
v -7.373040 13.886993 -0.819579
v -7.649813 13.954113 -0.864032
v -7.859589 13.986912 -1.167310
v -7.603220 13.875990 -1.094053
v -7.712976 14.310863 -0.432963
v -7.909888 14.057413 -0.472883
v -7.878046 14.317086 -0.455783
v -7.549984 14.183963 -0.325579
v -6.510540 13.885543 -0.920652
v -6.503758 13.958103 -0.625765
v -6.770391 14.093698 -0.429802
v -6.510427 14.111820 -0.420617
v -7.280310 13.869475 -0.245108
v -8.287195 14.255678 -1.322166
v -8.159699 14.273887 -1.295497
v -8.365009 14.297565 -1.064161
v -8.241545 14.319213 -1.042434
v -8.380638 14.038315 -1.076681
v -8.092530 14.270738 -1.275178
v -7.886609 14.261826 -1.217309
v -7.859589 13.986912 -1.167310
v -7.774336 14.266679 -1.235730
v -7.915709 14.003196 -1.194525
v -8.092530 14.270738 -1.275178
v -8.138469 14.012760 -1.246551
v -8.159699 14.273887 -1.295497
v -8.287195 14.255678 -1.322166
v -8.314548 14.022888 -1.306293
v -8.208773 14.034609 -1.020050
v -8.176363 14.319539 -1.024562
v -7.975298 14.308664 -0.981829
v -7.886609 14.261826 -1.217309
v -7.774336 14.266679 -1.235730
v -7.899878 14.351687 -0.958444
v -7.972322 14.025623 -0.937730
v -7.995587 14.020222 -0.973421
v -7.585898 14.133315 -0.304643
v -7.549984 14.183963 -0.325579
v -7.417766 14.206179 -0.268663
v -7.616560 13.919432 -0.429024
v -7.589982 13.935287 -0.385281
v -7.406599 13.935850 -0.078401
v -7.525535 14.119643 -0.132385
v -7.494362 14.148582 -0.180465
v -7.373193 13.953093 -0.117770
v -7.409921 13.807878 -0.167955
v -7.382032 13.822182 -0.199282
v -7.493333 13.783547 -0.306311
v -7.467366 13.797632 -0.330541
v -7.615213 13.930382 -0.366875
v -7.589982 13.935287 -0.385281
v -7.616560 13.919432 -0.429024
v -7.416747 13.799839 -0.398192
v -7.280310 13.869475 -0.245108
v -7.295794 14.073852 -0.180486
v -7.604208 14.110797 -0.278682
v -7.615213 13.930382 -0.366875
v -7.698327 14.073733 -0.209969
v -7.738782 13.886461 -0.287397
v -7.750624 14.050589 -0.179019
v -7.611537 14.092644 -0.099421
v -7.688858 14.071096 -0.043840
v -7.567839 13.887881 0.023724
v -7.500167 13.914710 -0.040597
v -7.555700 13.753739 -0.082055
v -7.512147 13.786240 -0.132721
v -7.617548 13.735187 -0.202912
v -7.588012 13.765261 -0.236181
v -7.738782 13.886461 -0.287397
v -8.425432 14.316657 -0.691916
v -8.307740 14.323914 -0.697873
v -8.403345 14.295844 -0.417290
v -8.282401 14.298573 -0.406792
v -8.426766 14.071441 -0.430829
v -8.223816 14.328315 -0.695154
v -8.204357 14.302168 -0.414034
v -8.004593 14.323670 -0.694912
v -7.971797 14.306413 -0.448779
v -7.902225 14.367105 -0.707989
v -7.878046 14.317086 -0.455783
v -7.909888 14.057413 -0.472883
v -7.981626 14.058760 -0.463743
v -7.967791 14.037416 -0.706792
v -8.041698 14.043729 -0.698364
v -8.004593 14.323670 -0.694912
v -8.220556 14.058977 -0.676980
v -8.223816 14.328315 -0.695154
v -8.307740 14.323914 -0.697873
v -8.425432 14.316657 -0.691916
v -8.455303 14.067358 -0.676664
v -8.188087 14.063176 -0.437006
v -7.902225 14.367105 -0.707989
v -8.002233 14.332644 -0.960091
v -7.972322 14.025623 -0.937730
v -7.899878 14.351687 -0.958444
v -8.492760 14.074646 -0.986246
v -8.319273 14.325934 -0.999836
v -8.458414 14.310076 -1.006573
v -8.241129 14.066008 -0.971573
v -8.499662 14.080790 -0.739458
v -8.267986 14.077481 -0.725333
v -8.363607 14.330034 -0.709898
v -8.275644 14.335682 -0.714080
v -8.230209 14.327031 -0.987116
v -8.005988 14.340283 -0.703402
v -8.002233 14.332644 -0.960091
v -7.899878 14.351687 -0.958444
v -7.902225 14.367105 -0.707989
v -8.040437 14.067176 -0.716898
v -7.967791 14.037416 -0.706792
v -8.030557 14.061747 -0.951253
v -8.230209 14.327031 -0.987116
v -8.475511 14.321484 -0.722190
v -8.319273 14.325934 -0.999836
v -8.458414 14.310076 -1.006573
v -8.018167 14.124745 -1.616565
v -8.083752 13.900857 -1.529724
v -7.936312 14.116629 -1.585088
v -7.972847 13.882395 -1.440473
v -7.888748 14.101656 -1.566068
v -8.186029 13.992480 -1.349646
v -8.059177 14.014073 -1.266732
v -8.042405 14.238598 -1.364573
v -7.991428 14.239171 -1.351131
v -7.888748 14.101656 -1.566068
v -7.744469 14.100146 -1.494024
v -7.840621 14.266453 -1.273189
v -7.677828 14.079727 -1.458454
v -7.774336 14.266679 -1.235730
v -7.859589 13.986912 -1.167310
v -7.900928 14.016138 -1.182738
v -7.818776 13.886805 -1.360212
v -7.744469 14.100146 -1.494024
v -7.736659 13.893231 -1.334798
v -7.677828 14.079727 -1.458454
v -8.131881 14.226124 -1.406010
v -7.936312 14.116629 -1.585088
v -8.018167 14.124745 -1.616565
v 7.383213 14.409407 -0.601434
v 7.696401 14.386929 -0.944046
v 7.715003 14.406665 -0.658000
v 7.712976 14.310860 -0.432963
v 7.389648 14.292508 -0.403210
v 7.549984 14.183962 -0.325579
v 7.417768 14.206179 -0.268662
v 7.295795 14.073852 -0.180485
v 7.197420 14.211277 -0.312363
v 7.106781 13.948210 -0.342348
v 7.280312 13.869475 -0.245107
v 7.616561 13.919431 -0.429024
v 7.416749 13.799839 -0.398191
v 7.589983 13.935287 -0.385280
v 7.406600 13.935850 -0.078400
v 7.512147 13.786241 -0.132721
v 7.409922 13.807878 -0.167954
v 7.500167 13.914711 -0.040597
v 7.525536 14.119643 -0.132384
v 7.611537 14.092645 -0.099421
v 7.604209 14.110797 -0.278682
v 7.698327 14.073734 -0.209969
v 7.615214 13.930382 -0.366875
v 7.738782 13.886462 -0.287397
v 7.750624 14.050590 -0.179019
v 7.688857 14.071097 -0.043840
v 7.567838 13.887882 0.023723
v 7.555700 13.753741 -0.082056
v 7.588013 13.765261 -0.236181
v 7.617548 13.735188 -0.202912
v 7.738782 13.886462 -0.287397
v 7.615214 13.930382 -0.366875
v 7.493334 13.783547 -0.306311
v 7.467368 13.797632 -0.330540
v 7.382033 13.822182 -0.199282
v 7.280312 13.869475 -0.245107
v 7.373195 13.953093 -0.117769
v 7.295795 14.073852 -0.180485
v 7.494363 14.148582 -0.180465
v 7.417768 14.206179 -0.268662
v 7.549984 14.183962 -0.325579
v 7.585899 14.133314 -0.304642
v 7.589983 13.935287 -0.385280
v 7.616561 13.919431 -0.429024
v 7.496542 13.810038 -0.637485
v 7.709592 13.964818 -0.662573
v 7.649813 13.954110 -0.864032
v 7.373040 13.886991 -0.819580
v 7.722196 14.027626 -0.467865
v 7.549984 14.183962 -0.325579
v 7.712976 14.310860 -0.432963
v 7.616561 13.919431 -0.429024
v 7.230482 13.810534 -0.514904
v 7.416749 13.799839 -0.398191
v 7.106781 13.948210 -0.342348
v 7.280312 13.869475 -0.245107
v -6.883235 14.129856 -0.379111
v -6.748457 14.210226 -0.425017
v -6.743965 13.859620 -0.450902
v -6.348220 13.948924 -0.467162
v -6.353178 14.269821 -0.399886
v -6.316384 14.279840 -0.366493
v -6.639641 13.927051 -0.419886
v -6.706295 13.668432 -0.776544
v -6.354520 13.750591 -0.778407
v -6.348183 13.934588 -1.098307
v -6.612162 13.730196 -0.777944
v -6.260733 13.698014 -0.777215
v -6.287508 13.914690 -0.439198
v -6.141468 13.698834 -0.777234
v -6.141520 13.912624 -0.383783
v -5.772710 13.614336 -0.775318
v -5.762582 13.859838 -0.382602
v -5.600114 13.540075 -0.773635
v -5.565821 13.799780 -0.339010
v -5.526771 13.483040 -0.772342
v -5.491467 13.755561 -0.298735
v -5.235363 13.683531 -0.297072
v -5.075438 14.058672 -0.192248
v -5.412250 14.260409 -0.196859
v -5.489683 14.268697 -0.245600
v -5.758913 14.288639 -0.298273
v -6.163466 14.295527 -0.382719
v -6.744079 13.844550 -1.110468
v -6.639666 13.910547 -1.144505
v -6.883430 14.111146 -1.194423
v -6.748489 14.191664 -1.236483
v -6.353114 14.252068 -1.180065
v -6.287564 13.899143 -1.124660
v -6.316497 14.260586 -1.213812
v -6.141555 13.894530 -1.179924
v -6.163540 14.275021 -1.282602
v -5.762554 13.841763 -1.178744
v -5.758864 14.266282 -1.282421
v -5.565821 13.779821 -1.219579
v -5.489683 14.244024 -1.334140
v -5.491467 13.733823 -1.257811
v -5.412250 14.233537 -1.382456
v -5.235363 13.661792 -1.256208
v -5.075438 14.031798 -1.377921
v -5.297569 13.454247 -0.771690
vt 0.880900 0.521700
vt 0.866200 0.501700
vt 0.882300 0.503700
vt 0.869100 0.520500
vt 0.881300 0.544700
vt 0.856400 0.505400
vt 0.795400 0.577100
vt 0.823700 0.588400
vt 0.804700 0.590600
vt 0.820800 0.571000
vt 0.794400 0.544400
vt 0.820800 0.544400
vt 0.795400 0.511700
vt 0.820800 0.517800
vt 0.804700 0.498500
vt 0.822800 0.500200
vt 0.850100 0.522900
vt 0.845700 0.503900
vt 0.856900 0.522900
vt 0.870100 0.544400
vt 0.880900 0.567400
vt 0.869100 0.568600
vt 0.884300 0.585400
vt 0.866200 0.587400
vt 0.856900 0.566200
vt 0.856400 0.583700
vt 0.845700 0.585000
vt 0.849600 0.566200
vt 0.850600 0.544400
vt 0.856400 0.544400
vt 0.687000 0.953200
vt 0.698200 0.952400
vt 0.672900 0.952800
vt 0.676800 0.866200
vt 0.659700 0.868000
vt 0.659700 0.882100
vt 0.673300 0.856000
vt 0.694300 0.862300
vt 0.686500 0.855800
vt 0.693800 0.854600
vt 0.706500 0.860500
vt 0.700200 0.851900
vt 0.712900 0.852300
vt 0.724600 0.852400
vt 0.713400 0.871700
vt 0.741700 0.867900
vt 0.721700 0.890700
vt 0.743700 0.885600
vt 0.743700 0.896900
vt 0.756800 0.893100
vt 0.756800 0.904100
vt 0.744100 0.906600
vt 0.756800 0.917400
vt 0.744100 0.918100
vt 0.756800 0.926600
vt 0.744100 0.928800
vt 0.756800 0.939900
vt 0.743700 0.941200
vt 0.756300 0.953200
vt 0.742700 0.953100
vt 0.718800 0.940100
vt 0.724600 0.953200
vt 0.712900 0.952400
vt 0.708500 0.946000
vt 0.702600 0.953200
vt 0.699200 0.946800
vt 0.673800 0.937000
vt 0.661100 0.952700
vt 0.660600 0.936600
vt 0.675300 0.924900
vt 0.663100 0.923000
vt 0.666000 0.916400
vt 0.678200 0.916300
vt 0.684100 0.904800
vt 0.708500 0.906700
vt 0.708500 0.900000
vt 0.726600 0.900600
vt 0.731000 0.908300
vt 0.730500 0.918200
vt 0.728000 0.930800
vt 0.675800 0.905100
vt 0.705600 0.917700
vt 0.703100 0.928200
vt 0.699200 0.938800
vt 0.668000 0.901000
vt 0.684600 0.897900
vt 0.703600 0.891600
vt 0.696300 0.873900
vt 0.678700 0.879300
vt 0.664600 0.893000
vt 0.681200 0.889900
vt 0.706500 0.953200
vt 0.672900 0.852200
vt 0.686000 0.851900
vt 0.661600 0.856100
vt 0.661100 0.851900
vt 0.756800 0.879500
vt 0.756800 0.866100
vt 0.742700 0.852700
vt 0.756300 0.852900
vt 0.665000 0.968700
vt 0.675800 0.960900
vt 0.665000 0.960900
vt 0.675800 0.968700
vt 0.684100 0.960900
vt 0.665000 0.976100
vt 0.692900 0.994100
vt 0.699200 0.994100
vt 0.699200 0.985300
vt 0.692900 0.985300
vt 0.684100 0.994000
vt 0.684100 0.985300
vt 0.675800 0.994100
vt 0.665000 0.994100
vt 0.665000 0.985300
vt 0.684100 0.976100
vt 0.684100 0.968700
vt 0.692900 0.968700
vt 0.692900 0.960900
vt 0.699200 0.960900
vt 0.699200 0.968700
vt 0.699200 0.976100
vt 0.692900 0.976100
vt 0.714400 0.971700
vt 0.706100 0.961600
vt 0.706100 0.971700
vt 0.714400 0.961600
vt 0.721200 0.961600
vt 0.731000 0.976400
vt 0.721200 0.971700
vt 0.721200 0.976400
vt 0.731000 0.971700
vt 0.740200 0.976400
vt 0.739700 0.971700
vt 0.748500 0.976400
vt 0.748500 0.971700
vt 0.756300 0.976400
vt 0.756300 0.971700
vt 0.755900 0.961600
vt 0.748500 0.961600
vt 0.740200 0.961600
vt 0.731000 0.961600
vt 0.714400 0.976400
vt 0.706100 0.976400
vt 0.714400 0.984300
vt 0.706100 0.993500
vt 0.714400 0.993500
vt 0.721200 0.984300
vt 0.721200 0.993500
vt 0.731400 0.993500
vt 0.731400 0.984300
vt 0.740200 0.993500
vt 0.740200 0.984300
vt 0.748500 0.993500
vt 0.748500 0.984300
vt 0.756300 0.993500
vt 0.665000 0.968700
vt 0.675800 0.960900
vt 0.665000 0.960900
vt 0.675800 0.968700
vt 0.665000 0.976100
vt 0.684100 0.960900
vt 0.684100 0.968700
vt 0.692900 0.960900
vt 0.692900 0.968700
vt 0.699200 0.960900
vt 0.699200 0.968700
vt 0.699200 0.976100
vt 0.695300 0.976100
vt 0.699200 0.985300
vt 0.694800 0.985300
vt 0.692900 0.994100
vt 0.684100 0.985300
vt 0.684100 0.994100
vt 0.675800 0.994100
vt 0.665000 0.994100
vt 0.665000 0.985300
vt 0.684100 0.976100
vt 0.699200 0.994000
vt 0.665000 0.960900
vt 0.665000 0.968700
vt 0.675800 0.960900
vt 0.675800 0.968700
vt 0.665000 0.976100
vt 0.684100 0.960900
vt 0.665000 0.985300
vt 0.665000 0.994100
vt 0.675800 0.994100
vt 0.684100 0.985300
vt 0.684100 0.976100
vt 0.684100 0.968700
vt 0.692900 0.968700
vt 0.692900 0.960900
vt 0.699200 0.960900
vt 0.699200 0.968700
vt 0.692900 0.976100
vt 0.699200 0.976100
vt 0.699200 0.985300
vt 0.692900 0.985300
vt 0.692900 0.994100
vt 0.684100 0.994100
vt 0.699200 0.994100
vt 0.675800 0.994100
vt 0.665000 0.985300
vt 0.665000 0.994100
vt 0.684100 0.985300
vt 0.684100 0.994100
vt 0.665000 0.976100
vt 0.684100 0.976100
vt 0.675800 0.968700
vt 0.684100 0.968700
vt 0.684100 0.960900
vt 0.692900 0.960900
vt 0.692900 0.968700
vt 0.699200 0.960900
vt 0.699200 0.968700
vt 0.699200 0.976100
vt 0.692900 0.976100
vt 0.692900 0.985300
vt 0.692900 0.994100
vt 0.699200 0.985300
vt 0.699200 0.994100
vt 0.675800 0.960900
vt 0.665000 0.968700
vt 0.665000 0.960900
vt 0.702600 0.953200
vt 0.712900 0.952400
vt 0.706500 0.953200
vt 0.708500 0.946000
vt 0.699200 0.946800
vt 0.698200 0.952400
vt 0.687000 0.953200
vt 0.672900 0.952800
vt 0.699200 0.938800
vt 0.673800 0.937000
vt 0.675300 0.924900
vt 0.756300 0.971700
vt 0.748500 0.961600
vt 0.755900 0.961600
vt 0.731000 0.976400
vt 0.740200 0.976400
vt 0.740200 0.984300
vt 0.731400 0.984300
vt 0.721200 0.976400
vt 0.721200 0.984300
vt 0.714400 0.976400
vt 0.714400 0.984300
vt 0.706100 0.976400
vt 0.706100 0.993500
vt 0.714400 0.993500
vt 0.721200 0.993500
vt 0.731400 0.993500
vt 0.740200 0.993500
vt 0.748500 0.984300
vt 0.748500 0.993500
vt 0.756300 0.993500
vt 0.756300 0.976400
vt 0.748500 0.976400
vt 0.748500 0.971700
vt 0.739700 0.971700
vt 0.740200 0.961600
vt 0.731000 0.971700
vt 0.731000 0.961600
vt 0.721200 0.971700
vt 0.721200 0.961600
vt 0.714400 0.961600
vt 0.714400 0.971700
vt 0.706100 0.971700
vt 0.706100 0.961600
vt 0.694300 0.862300
vt 0.696300 0.873900
vt 0.678700 0.879300
vt 0.676800 0.866200
vt 0.693800 0.854600
vt 0.700200 0.851900
vt 0.712900 0.852300
vt 0.706500 0.860500
vt 0.686500 0.855800
vt 0.673300 0.856000
vt 0.686000 0.851900
vt 0.672900 0.852200
vt 0.259800 0.669400
vt 0.271700 0.669900
vt 0.269000 0.664600
vt 0.261500 0.673800
vt 0.248200 0.670200
vt 0.260500 0.685300
vt 0.272200 0.684600
vt 0.273200 0.684300
vt 0.247900 0.685100
vt 0.248200 0.674800
vt 0.235200 0.684800
vt 0.247900 0.689700
vt 0.260700 0.687700
vt 0.247800 0.694600
vt 0.262700 0.693400
vt 0.247700 0.709500
vt 0.263200 0.708000
vt 0.247700 0.717000
vt 0.264600 0.715800
vt 0.247700 0.720900
vt 0.265600 0.719000
vt 0.266100 0.729500
vt 0.280800 0.731400
vt 0.283000 0.716600
vt 0.281500 0.713400
vt 0.278600 0.704300
vt 0.275600 0.689700
vt 0.236600 0.669200
vt 0.234700 0.673300
vt 0.227100 0.664100
vt 0.224400 0.669400
vt 0.223500 0.684300
vt 0.235000 0.687500
vt 0.222700 0.684300
vt 0.232800 0.693100
vt 0.220000 0.689500
vt 0.232200 0.707800
vt 0.216800 0.704100
vt 0.230700 0.715600
vt 0.213900 0.713100
vt 0.229600 0.719000
vt 0.212500 0.716100
vt 0.229100 0.729200
vt 0.214400 0.731000
vt 0.247700 0.729200
vt 0.866200 0.501700
vt 0.856400 0.505400
vt 0.869100 0.520500
vt 0.880900 0.521700
vt 0.882300 0.503700
vt 0.881300 0.544700
vt 0.795400 0.577100
vt 0.804700 0.590600
vt 0.823700 0.588400
vt 0.820800 0.571000
vt 0.794400 0.544400
vt 0.820800 0.544400
vt 0.795400 0.511700
vt 0.820800 0.517800
vt 0.804700 0.498500
vt 0.822800 0.500200
vt 0.850100 0.522900
vt 0.845700 0.503900
vt 0.856900 0.522900
vt 0.870100 0.544400
vt 0.880900 0.567400
vt 0.869100 0.568600
vt 0.884300 0.585400
vt 0.866200 0.587400
vt 0.856900 0.566200
vt 0.856400 0.583700
vt 0.845700 0.585000
vt 0.849600 0.566200
vt 0.850600 0.544400
vt 0.856400 0.544400
vt 0.672900 0.952800
vt 0.698200 0.952400
vt 0.687000 0.953200
vt 0.676800 0.866200
vt 0.659700 0.882100
vt 0.659700 0.868000
vt 0.673300 0.856000
vt 0.694300 0.862300
vt 0.686500 0.855800
vt 0.693800 0.854600
vt 0.706500 0.860500
vt 0.700200 0.851900
vt 0.712900 0.852300
vt 0.724600 0.852400
vt 0.713400 0.871700
vt 0.741700 0.867900
vt 0.721700 0.890700
vt 0.743700 0.885600
vt 0.743700 0.896900
vt 0.756800 0.893100
vt 0.756800 0.904100
vt 0.744100 0.906600
vt 0.756800 0.917400
vt 0.744100 0.918100
vt 0.756800 0.926600
vt 0.744100 0.928800
vt 0.756800 0.939900
vt 0.743700 0.941200
vt 0.756300 0.953200
vt 0.742700 0.953100
vt 0.718800 0.940100
vt 0.724600 0.953200
vt 0.712900 0.952400
vt 0.708500 0.946000
vt 0.702600 0.953200
vt 0.699200 0.946800
vt 0.673800 0.937000
vt 0.661100 0.952700
vt 0.660600 0.936600
vt 0.675300 0.924900
vt 0.663100 0.923000
vt 0.666000 0.916400
vt 0.678200 0.916300
vt 0.684100 0.904800
vt 0.708500 0.906700
vt 0.708500 0.900000
vt 0.726600 0.900600
vt 0.731000 0.908300
vt 0.730500 0.918200
vt 0.728000 0.930800
vt 0.675800 0.905100
vt 0.705600 0.917700
vt 0.703100 0.928200
vt 0.699200 0.938800
vt 0.668000 0.901000
vt 0.684600 0.897900
vt 0.703600 0.891600
vt 0.696300 0.873900
vt 0.678700 0.879300
vt 0.664600 0.893000
vt 0.681200 0.889900
vt 0.672900 0.852200
vt 0.661600 0.856100
vt 0.661100 0.851900
vt 0.686000 0.851900
vt 0.756800 0.879500
vt 0.756800 0.866100
vt 0.742700 0.852700
vt 0.756300 0.852900
vt 0.706500 0.953200
vt 0.665000 0.960900
vt 0.675800 0.960900
vt 0.665000 0.968700
vt 0.675800 0.968700
vt 0.665000 0.976100
vt 0.684100 0.960900
vt 0.692900 0.994100
vt 0.699200 0.985300
vt 0.699200 0.994100
vt 0.692900 0.985300
vt 0.684100 0.994000
vt 0.684100 0.985300
vt 0.675800 0.994100
vt 0.665000 0.994100
vt 0.665000 0.985300
vt 0.684100 0.976100
vt 0.684100 0.968700
vt 0.692900 0.968700
vt 0.692900 0.960900
vt 0.699200 0.960900
vt 0.699200 0.968700
vt 0.699200 0.976100
vt 0.692900 0.976100
vt 0.714400 0.971700
vt 0.714400 0.961600
vt 0.721200 0.961600
vt 0.706100 0.961600
vt 0.706100 0.971700
vt 0.731000 0.976400
vt 0.721200 0.976400
vt 0.721200 0.971700
vt 0.731000 0.971700
vt 0.740200 0.976400
vt 0.739700 0.971700
vt 0.748500 0.976400
vt 0.748500 0.971700
vt 0.756300 0.976400
vt 0.756300 0.971700
vt 0.755900 0.961600
vt 0.748500 0.961600
vt 0.740200 0.961600
vt 0.731000 0.961600
vt 0.714400 0.976400
vt 0.706100 0.976400
vt 0.714400 0.984300
vt 0.706100 0.993500
vt 0.714400 0.993500
vt 0.721200 0.984300
vt 0.721200 0.993500
vt 0.731400 0.993500
vt 0.731400 0.984300
vt 0.740200 0.993500
vt 0.740200 0.984300
vt 0.748500 0.993500
vt 0.748500 0.984300
vt 0.756300 0.993500
vt 0.665000 0.960900
vt 0.675800 0.960900
vt 0.665000 0.968700
vt 0.675800 0.968700
vt 0.665000 0.976100
vt 0.684100 0.960900
vt 0.684100 0.968700
vt 0.692900 0.960900
vt 0.692900 0.968700
vt 0.699200 0.960900
vt 0.699200 0.968700
vt 0.699200 0.976100
vt 0.695300 0.976100
vt 0.699200 0.985300
vt 0.694800 0.985300
vt 0.692900 0.994100
vt 0.684100 0.985300
vt 0.684100 0.994100
vt 0.675800 0.994100
vt 0.665000 0.994100
vt 0.665000 0.985300
vt 0.684100 0.976100
vt 0.699200 0.994000
vt 0.692900 0.994100
vt 0.699200 0.985300
vt 0.699200 0.994100
vt 0.665000 0.985300
vt 0.675800 0.994100
vt 0.665000 0.994100
vt 0.684100 0.985300
vt 0.665000 0.976100
vt 0.684100 0.976100
vt 0.675800 0.968700
vt 0.684100 0.968700
vt 0.684100 0.960900
vt 0.692900 0.968700
vt 0.692900 0.960900
vt 0.699200 0.960900
vt 0.699200 0.968700
vt 0.692900 0.976100
vt 0.699200 0.976100
vt 0.692900 0.985300
vt 0.684100 0.994100
vt 0.665000 0.968700
vt 0.675800 0.960900
vt 0.665000 0.960900
vt 0.665000 0.994100
vt 0.665000 0.985300
vt 0.675800 0.994100
vt 0.684100 0.985300
vt 0.684100 0.994100
vt 0.665000 0.976100
vt 0.684100 0.976100
vt 0.675800 0.968700
vt 0.684100 0.968700
vt 0.684100 0.960900
vt 0.692900 0.960900
vt 0.692900 0.968700
vt 0.699200 0.960900
vt 0.699200 0.968700
vt 0.699200 0.976100
vt 0.692900 0.976100
vt 0.692900 0.985300
vt 0.692900 0.994100
vt 0.699200 0.985300
vt 0.699200 0.994100
vt 0.665000 0.968700
vt 0.675800 0.960900
vt 0.665000 0.960900
vt 0.699200 0.938800
vt 0.675300 0.924900
vt 0.673800 0.937000
vt 0.672900 0.952800
vt 0.699200 0.946800
vt 0.687000 0.953200
vt 0.698200 0.952400
vt 0.702600 0.953200
vt 0.708500 0.946000
vt 0.712900 0.952400
vt 0.706500 0.953200
vt 0.755900 0.961600
vt 0.748500 0.961600
vt 0.756300 0.971700
vt 0.731000 0.976400
vt 0.740200 0.984300
vt 0.740200 0.976400
vt 0.731400 0.984300
vt 0.721200 0.976400
vt 0.721200 0.984300
vt 0.714400 0.976400
vt 0.714400 0.984300
vt 0.706100 0.976400
vt 0.706100 0.993500
vt 0.714400 0.993500
vt 0.721200 0.993500
vt 0.731400 0.993500
vt 0.740200 0.993500
vt 0.748500 0.984300
vt 0.748500 0.993500
vt 0.756300 0.993500
vt 0.756300 0.976400
vt 0.748500 0.976400
vt 0.748500 0.971700
vt 0.739700 0.971700
vt 0.740200 0.961600
vt 0.731000 0.971700
vt 0.731000 0.961600
vt 0.721200 0.971700
vt 0.721200 0.961600
vt 0.714400 0.961600
vt 0.714400 0.971700
vt 0.706100 0.971700
vt 0.706100 0.961600
vt 0.694300 0.862300
vt 0.676800 0.866200
vt 0.678700 0.879300
vt 0.696300 0.873900
vt 0.673300 0.856000
vt 0.686000 0.851900
vt 0.672900 0.852200
vt 0.686500 0.855800
vt 0.706500 0.860500
vt 0.693800 0.854600
vt 0.712900 0.852300
vt 0.700200 0.851900
vt 0.269000 0.664600
vt 0.271700 0.669900
vt 0.259800 0.669400
vt 0.260500 0.685300
vt 0.272200 0.684600
vt 0.273200 0.684300
vt 0.261500 0.673800
vt 0.248200 0.670200
vt 0.247900 0.685100
vt 0.235200 0.684800
vt 0.248200 0.674800
vt 0.247900 0.689700
vt 0.260700 0.687700
vt 0.247800 0.694600
vt 0.262700 0.693400
vt 0.247700 0.709500
vt 0.263200 0.708000
vt 0.247700 0.717000
vt 0.264600 0.715800
vt 0.247700 0.720900
vt 0.265600 0.719000
vt 0.266100 0.729500
vt 0.280800 0.731400
vt 0.283000 0.716600
vt 0.281500 0.713400
vt 0.278600 0.704300
vt 0.275600 0.689700
vt 0.236600 0.669200
vt 0.234700 0.673300
vt 0.227100 0.664100
vt 0.224400 0.669400
vt 0.223500 0.684300
vt 0.235000 0.687500
vt 0.222700 0.684300
vt 0.232800 0.693100
vt 0.220000 0.689500
vt 0.232200 0.707800
vt 0.216800 0.704100
vt 0.230700 0.715600
vt 0.213900 0.713100
vt 0.229600 0.719000
vt 0.212500 0.716100
vt 0.229100 0.729200
vt 0.214400 0.731000
vt 0.247700 0.729200
vn -0.2047 0.9382 0.2790
vn -0.3876 0.9190 -0.0717
vn -0.4021 0.8373 0.3704
vn -0.2424 0.9693 -0.0422
vn 0.0065 0.9754 0.2203
vn -0.3794 0.8031 -0.4594
vn 0.1799 0.0907 -0.9795
vn 0.3091 0.2692 -0.9121
vn 0.3297 0.1150 -0.9371
vn 0.1795 0.2438 -0.9531
vn 0.0069 0.0573 -0.9983
vn 0.0064 0.2257 -0.9742
vn -0.1748 0.0904 -0.9805
vn -0.1777 0.2475 -0.9524
vn -0.3168 0.1195 -0.9409
vn -0.3085 0.2589 -0.9153
vn -0.2120 0.5903 -0.7789
vn -0.3353 0.5796 -0.7427
vn -0.2430 0.8367 -0.4908
vn 0.0007 0.9996 -0.0279
vn 0.1902 0.9475 0.2569
vn 0.2227 0.9745 -0.0257
vn 0.3458 0.9003 0.2644
vn 0.4034 0.9119 -0.0757
vn 0.2209 0.8370 -0.5006
vn 0.4445 0.7559 -0.4807
vn 0.3552 0.5591 -0.7491
vn 0.1972 0.5723 -0.7960
vn 0.0018 0.5668 -0.8238
vn -0.0038 0.8636 -0.5041
vn -0.4169 0.2126 0.8837
vn 0.0155 0.7391 0.6734
vn -0.0315 0.8873 0.4601
vn -0.3835 -0.9210 0.0686
vn -0.2624 -0.9580 0.1157
vn -0.2396 -0.9701 0.0391
vn -0.4377 -0.5589 0.7043
vn -0.3139 -0.9206 -0.2321
vn -0.6976 -0.6564 0.2873
vn -0.0755 -0.9900 0.1188
vn 0.3199 -0.9453 0.0630
vn 0.3820 -0.8857 0.2639
vn 0.6271 -0.7627 0.1583
vn 0.4057 -0.8329 0.3765
vn 0.1677 -0.9808 0.0996
vn 0.0834 -0.9362 0.3415
vn 0.1712 -0.9727 -0.1567
vn 0.0345 -0.9964 -0.0779
vn 0.0297 -0.7717 -0.6353
vn -0.0304 -0.7680 -0.6397
vn -0.0218 0.0227 -0.9995
vn -0.0187 0.0161 -0.9997
vn -0.1088 0.7651 -0.6346
vn -0.0755 0.7698 -0.6338
vn -0.0924 0.9936 -0.0650
vn -0.0341 0.9994 -0.0101
vn -0.0711 0.7162 0.6943
vn -0.0246 0.7081 0.7056
vn -0.0569 0.2796 0.9584
vn -0.0258 0.2690 0.9628
vn 0.1476 0.8056 0.5737
vn 0.1751 0.3078 0.9352
vn 0.6229 0.1370 0.7702
vn 0.5236 0.5349 0.6631
vn 0.5044 0.2537 0.8254
vn 0.0076 0.8473 0.5311
vn -0.1052 0.9827 0.1522
vn -0.1186 0.9400 0.3200
vn -0.2120 0.9763 0.0437
vn -0.0687 0.9698 -0.2340
vn -0.1540 0.9686 -0.1952
vn 0.0468 0.8684 -0.4936
vn 0.1037 0.8392 -0.5338
vn 0.2571 0.1508 -0.9545
vn 0.3317 0.2053 -0.9208
vn 0.3189 -0.6518 -0.6881
vn 0.1844 -0.7195 -0.6696
vn 0.1460 0.0768 -0.9863
vn 0.0216 0.7543 -0.6562
vn 0.0131 0.9957 -0.0913
vn 0.2140 0.1864 -0.9589
vn 0.1014 0.7580 -0.6443
vn -0.0013 0.9726 -0.2326
vn -0.0205 0.9622 0.2717
vn -0.1750 -0.9240 -0.3401
vn 0.0502 -0.8503 -0.5238
vn 0.0114 -0.9983 -0.0568
vn -0.1800 -0.9833 -0.0269
vn -0.2675 -0.9594 0.0896
vn -0.3610 -0.9220 0.1398
vn -0.2906 -0.9475 0.1331
vn 0.5499 -0.2134 0.8075
vn -0.3045 -0.1034 0.9469
vn -0.6202 -0.1452 0.7709
vn -0.1536 -0.7223 0.6743
vn -0.1386 -0.0484 0.9892
vn -0.0118 -0.9999 -0.0035
vn 0.0456 -0.8968 0.4401
vn 0.1045 -0.8115 0.5749
vn 0.0345 -0.7996 0.5996
vn -0.2320 0.6597 0.7148
vn -0.0051 0.9852 -0.1715
vn -0.1002 0.9770 -0.1882
vn -0.2173 0.7963 0.5645
vn 0.0862 0.9838 -0.1573
vn -0.2239 -0.6904 0.6879
vn 0.0799 -0.1537 -0.9849
vn -0.1538 -0.1893 -0.9698
vn -0.0177 -0.7664 -0.6421
vn 0.1348 -0.7325 -0.6673
vn 0.2596 -0.1416 -0.9553
vn 0.1242 -0.7895 -0.6010
vn 0.2495 -0.1593 -0.9552
vn 0.2590 -0.1395 -0.9558
vn 0.1687 -0.7611 -0.6263
vn -0.2267 -0.6425 0.7320
vn -0.1294 0.7799 0.6124
vn -0.3354 0.7598 0.5569
vn -0.0084 0.9801 -0.1982
vn -0.1516 0.9486 -0.2779
vn -0.5172 0.8493 0.1060
vn -0.7047 -0.4268 0.5668
vn -0.3083 -0.7777 0.5478
vn -0.8032 0.5923 -0.0630
vn -0.9081 -0.1063 0.4051
vn -0.9970 0.0322 0.0699
vn -0.6167 0.6330 0.4679
vn -0.0762 0.7543 0.6521
vn 0.5776 -0.0024 0.8163
vn -0.0051 0.8403 0.5421
vn 0.0759 0.7890 0.6096
vn 0.7339 0.0355 0.6783
vn 0.5208 -0.7659 0.3769
vn 0.6122 -0.7447 0.2657
vn -0.0122 -0.9119 -0.4102
vn -0.0415 -0.9634 -0.2647
vn -0.3371 -0.6185 -0.7098
vn -0.7362 -0.6749 -0.0505
vn -0.7225 -0.5904 0.3598
vn -0.0549 -0.9958 -0.0735
vn 0.5168 -0.6072 0.6035
vn 0.2098 0.2852 0.9352
vn -0.7003 0.6825 -0.2093
vn -0.6022 0.3903 -0.6965
vn -0.5317 0.7826 -0.3238
vn -0.5919 0.4142 -0.6914
vn -0.5178 0.7806 -0.3499
vn 0.0032 0.8745 0.4850
vn 0.0776 0.8884 0.4525
vn 0.6505 0.1130 0.7511
vn 0.5412 0.0182 0.8407
vn 0.7176 -0.6512 0.2470
vn 0.5267 -0.8039 0.2761
vn 0.2517 -0.8360 -0.4877
vn 0.0207 -0.8594 -0.5108
vn -0.2486 -0.6234 -0.7414
vn -0.0830 0.6608 0.7460
vn -0.0512 0.9949 0.0872
vn -0.0532 0.9952 0.0817
vn -0.0115 0.6188 0.7855
vn -0.0308 -0.7628 0.6459
vn -0.0180 0.9957 0.0913
vn 0.0747 0.6406 0.7642
vn -0.1797 0.9787 0.0995
vn 0.0171 0.6279 0.7781
vn -0.3083 0.9415 0.1361
vn -0.0179 0.6548 0.7556
vn 0.0758 -0.6596 0.7478
vn 0.0724 -0.7035 0.7070
vn -0.1385 -0.7217 -0.6783
vn -0.1318 -0.7145 -0.6871
vn -0.1027 0.0021 -0.9947
vn -0.0671 -0.7365 -0.6731
vn 0.0183 -0.0685 -0.9975
vn -0.0132 -0.0844 -0.9963
vn -0.0277 -0.0797 -0.9964
vn -0.0264 -0.7280 -0.6851
vn 0.0367 -0.7182 0.6949
vn -0.1465 0.0250 -0.9889
vn -0.1110 0.9928 -0.0459
vn -0.1386 0.6579 0.7403
vn -0.0539 0.9982 -0.0277
vn -0.0691 0.6781 0.7317
vn -0.0653 -0.7458 0.6629
vn -0.0190 0.9995 -0.0264
vn 0.0122 -0.7628 -0.6465
vn 0.0589 -0.0946 -0.9938
vn 0.0923 -0.0818 -0.9924
vn 0.0407 -0.7444 -0.6665
vn -0.0435 -0.7085 0.7044
vn -0.0289 0.7206 0.6928
vn -0.0766 0.6594 0.7478
vn -0.0980 0.9947 -0.0300
vn -0.1965 0.9797 -0.0387
vn -0.2069 0.8096 0.5494
vn -0.2063 -0.6455 0.7354
vn -0.3548 -0.6194 0.7003
vn -0.3278 -0.7519 -0.5720
vn -0.0555 -0.6473 -0.7602
vn 0.0751 -0.0566 -0.9956
vn 0.1242 -0.0590 -0.9905
vn 0.0222 -0.0679 -0.9974
vn 0.2735 -0.4905 -0.8274
vn 0.1006 -0.9218 -0.3744
vn 0.2896 -0.4192 -0.8605
vn 0.0745 -0.9833 -0.1662
vn 0.2672 -0.5605 -0.7839
vn -0.4916 -0.4116 0.7674
vn -0.4703 -0.2547 0.8450
vn -0.1911 0.9279 0.3201
vn -0.1588 0.9662 0.2031
vn 0.2913 0.8743 -0.3882
vn 0.3325 0.8308 -0.4464
vn -0.1572 0.9666 0.2025
vn 0.4321 0.7961 -0.4237
vn -0.1337 0.9657 0.2227
vn -0.5312 -0.4763 0.7007
vn -0.4297 -0.1669 0.8874
vn 0.0830 -0.9845 -0.1544
vn 0.3062 -0.5851 -0.7510
vn 0.1643 -0.9341 -0.3170
vn 0.2336 -0.5878 -0.7746
vn 0.2991 0.8973 -0.3246
vn -0.2739 0.8801 0.3878
vn 0.2161 0.9206 -0.3254
vn -0.5073 0.3004 0.8077
vn -0.6367 -0.0346 0.7704
vn -0.5499 -0.2134 0.8075
vn -0.2750 0.6021 0.7496
vn -0.0231 0.8166 0.5768
vn -0.1110 0.8258 0.5529
vn 0.1455 0.7094 0.6896
vn 0.0438 0.8346 0.5492
vn -0.0060 0.9336 0.3583
vn 0.0330 0.9888 0.1454
vn -0.0033 0.9976 -0.0686
vn 0.5636 -0.8107 -0.1584
vn 0.1477 -0.9822 -0.1162
vn 0.4935 -0.6849 0.5361
vn -0.5766 -0.0116 0.8170
vn -0.5170 -0.7662 0.3815
vn -0.5136 -0.8053 0.2961
vn -0.5296 -0.0054 0.8482
vn -0.0818 0.7888 0.6092
vn -0.0091 0.8651 0.5016
vn 0.7122 0.6742 -0.1955
vn 0.5284 0.7752 -0.3462
vn 0.6242 0.3537 -0.6967
vn 0.5919 0.4142 -0.6914
vn 0.5475 0.7555 -0.3600
vn -0.0894 0.8744 0.4769
vn -0.6774 0.1183 0.7261
vn -0.7551 -0.6129 0.2328
vn -0.0216 -0.8674 -0.4972
vn -0.2961 -0.8249 -0.4815
vn 0.2486 -0.6234 -0.7414
vn 0.3410 -0.6166 -0.7096
vn 0.0094 -0.9129 -0.4082
vn 0.1121 -0.9377 -0.3288
vn -0.5604 -0.7762 0.2889
vn -0.6216 -0.6239 0.4735
vn -0.6538 0.0278 0.7561
vn -0.4040 0.3095 0.8608
vn 0.0645 0.8161 0.5743
vn 0.0057 0.8395 0.5434
vn 0.6910 0.7011 0.1761
vn 0.8204 0.5411 -0.1849
vn 0.9807 0.1896 -0.0484
vn 0.8597 0.0171 0.5105
vn 0.3523 -0.9355 0.0260
vn 0.1377 -0.8754 -0.4634
vn 0.3955 -0.8724 -0.2871
vn 0.6206 -0.7841 0.0050
vn 0.0758 -0.9431 -0.3238
vn -0.4263 -0.9041 0.0311
vn -0.3812 -0.8907 0.2477
vn -0.1034 -0.9528 0.2854
vn 0.5898 -0.7334 0.3381
vn 0.6841 -0.3959 0.6126
vn 0.5669 -0.1181 0.8153
vn 0.5908 -0.0801 0.8028
vn 0.2125 -0.5520 0.8063
vn 0.1362 -0.0727 0.9880
vn 0.3558 -0.0641 0.9324
vn 0.0898 -0.3934 0.9150
vn 0.5359 -0.8443 0.0049
vn -0.2790 -0.5120 0.8124
vn -0.3975 -0.1940 0.8969
vn -0.2988 -0.1118 0.9477
vn -0.2310 -0.9729 0.0027
vn 0.3396 -0.9406 0.0025
vn -0.2416 -0.5882 -0.7718
vn -0.2379 -0.9707 0.0346
vn -0.4092 -0.5741 0.7092
vn -0.1152 -0.9930 0.0259
vn -0.1914 -0.5149 0.8356
vn -0.3103 -0.9505 0.0149
vn -0.2162 -0.5480 0.8081
vn -0.5259 -0.8502 0.0244
vn -0.4835 -0.4588 0.7454
vn -0.3772 -0.9261 0.0108
vn -0.3894 -0.4979 0.7749
vn -0.1494 -0.5795 0.8011
vn -0.1056 -0.1971 0.9747
vn -0.3559 -0.1307 0.9253
vn -0.3886 -0.1212 0.9134
vn -0.1685 -0.1351 0.9764
vn -0.0486 -0.0052 0.9988
vn 0.2104 -0.6739 -0.7082
vn 0.1387 -0.5705 -0.8095
vn -0.0889 -0.3405 -0.9360
vn 0.0414 -0.2954 -0.9545
vn -0.2950 -0.2591 -0.9197
vn -0.4313 -0.5924 -0.6805
vn -0.4876 -0.2505 -0.8364
vn -0.1824 -0.5925 -0.7846
vn -0.1960 -0.2592 -0.9457
vn -0.2241 -0.5912 -0.7748
vn -0.1106 -0.2247 -0.9681
vn -0.4848 -0.4877 -0.7261
vn -0.3886 -0.1625 -0.9070
vn -0.3723 -0.5383 -0.7560
vn -0.3517 -0.1842 -0.9178
vn -0.1831 -0.6071 -0.7733
vn -0.1394 -0.2543 -0.9570
vn -0.1456 -0.9893 -0.0023
vn 0.3877 -0.9190 0.0715
vn 0.3794 -0.8032 0.4593
vn 0.2425 -0.9692 0.0421
vn 0.2048 -0.9382 -0.2790
vn 0.4021 -0.8375 -0.3700
vn -0.0065 -0.9754 -0.2204
vn -0.1799 -0.0907 0.9795
vn -0.3296 -0.1150 0.9371
vn -0.3090 -0.2693 0.9121
vn -0.1795 -0.2438 0.9531
vn -0.0069 -0.0573 0.9983
vn -0.0064 -0.2257 0.9742
vn 0.1747 -0.0904 0.9805
vn 0.1777 -0.2475 0.9524
vn 0.3168 -0.1195 0.9409
vn 0.3085 -0.2589 0.9153
vn 0.2120 -0.5903 0.7789
vn 0.3353 -0.5797 0.7426
vn 0.2430 -0.8367 0.4908
vn -0.0007 -0.9996 0.0278
vn -0.1902 -0.9475 -0.2570
vn -0.2228 -0.9745 0.0257
vn -0.3459 -0.9003 -0.2644
vn -0.4034 -0.9119 0.0756
vn -0.2209 -0.8370 0.5006
vn -0.4445 -0.7560 0.4805
vn -0.3552 -0.5591 0.7491
vn -0.1972 -0.5723 0.7960
vn -0.0018 -0.5668 0.8238
vn 0.0038 -0.8637 0.5041
vn 0.0319 -0.8869 -0.4608
vn -0.0155 -0.7390 -0.6735
vn 0.4163 -0.2132 -0.8839
vn 0.3835 0.9210 -0.0689
vn 0.2396 0.9701 -0.0391
vn 0.2626 0.9579 -0.1162
vn 0.4366 0.5586 -0.7052
vn 0.3141 0.9206 0.2322
vn 0.6980 0.6564 -0.2863
vn 0.0755 0.9900 -0.1188
vn -0.3200 0.9453 -0.0631
vn -0.3827 0.8853 -0.2641
vn -0.6278 0.7622 -0.1580
vn -0.4058 0.8326 -0.3769
vn -0.1679 0.9808 -0.0996
vn -0.0833 0.9361 -0.3418
vn -0.1713 0.9727 0.1569
vn -0.0345 0.9963 0.0782
vn -0.0297 0.7714 0.6356
vn 0.0303 0.7679 0.6399
vn 0.0218 -0.0226 0.9995
vn 0.0187 -0.0161 0.9997
vn 0.1088 -0.7650 0.6347
vn 0.0755 -0.7697 0.6340
vn 0.0924 -0.9936 0.0649
vn 0.0340 -0.9994 0.0101
vn 0.0711 -0.7160 -0.6945
vn 0.0246 -0.7079 -0.7059
vn 0.0569 -0.2794 -0.9585
vn 0.0260 -0.2686 -0.9629
vn -0.1476 -0.8056 -0.5738
vn -0.1748 -0.3074 -0.9354
vn -0.6227 -0.1365 -0.7705
vn -0.5240 -0.5348 -0.6629
vn -0.5046 -0.2535 -0.8253
vn -0.0076 -0.8472 -0.5312
vn 0.1054 -0.9827 -0.1524
vn 0.1184 -0.9397 -0.3208
vn 0.2122 -0.9762 -0.0442
vn 0.0687 -0.9698 0.2340
vn 0.1540 -0.9686 0.1952
vn -0.0468 -0.8682 0.4939
vn -0.1038 -0.8390 0.5341
vn -0.2571 -0.1508 0.9545
vn -0.3317 -0.2050 0.9208
vn -0.3188 0.6519 0.6880
vn -0.1845 0.7193 0.6698
vn -0.1460 -0.0768 0.9863
vn -0.0216 -0.7542 0.6563
vn -0.0131 -0.9957 0.0913
vn -0.2140 -0.1861 0.9590
vn -0.1014 -0.7579 0.6444
vn 0.0013 -0.9726 0.2325
vn 0.0205 -0.9622 -0.2717
vn 0.1748 0.9238 0.3405
vn -0.0502 0.8500 0.5244
vn -0.0114 0.9983 0.0568
vn 0.1799 0.9833 0.0269
vn 0.2676 0.9594 -0.0896
vn 0.3608 0.9221 -0.1395
vn 0.2905 0.9476 -0.1328
vn 0.3044 0.1032 -0.9469
vn 0.1535 0.7213 -0.6754
vn 0.1386 0.0481 -0.9892
vn 0.6206 0.1451 -0.7705
vn 0.0118 0.9999 0.0038
vn -0.0456 0.8967 -0.4404
vn -0.1044 0.8112 -0.5754
vn -0.0345 0.7993 -0.6000
vn -0.5496 0.2137 -0.8076
vn 0.1000 -0.9769 0.1888
vn 0.0057 -0.9851 0.1718
vn 0.2334 -0.6618 -0.7124
vn 0.2172 -0.7960 -0.5649
vn 0.2243 0.6902 -0.6880
vn -0.0856 -0.9839 0.1572
vn -0.0814 0.1549 0.9846
vn 0.0154 0.7706 0.6371
vn 0.1509 0.1912 0.9699
vn -0.1392 0.7312 0.6678
vn -0.2606 0.1410 0.9551
vn -0.1246 0.7891 0.6015
vn -0.2504 0.1587 0.9550
vn -0.2585 0.1393 0.9559
vn -0.1687 0.7612 0.6261
vn 0.2267 0.6420 -0.7324
vn 0.1294 -0.7799 -0.6124
vn 0.3323 -0.7584 -0.5607
vn 0.0092 -0.9801 0.1984
vn 0.1536 -0.9481 0.2784
vn 0.5169 -0.8498 -0.1036
vn 0.7005 0.4304 -0.5693
vn 0.3104 0.7762 -0.5488
vn 0.8026 -0.5928 0.0669
vn 0.6153 -0.6314 -0.4719
vn 0.0755 -0.7543 -0.6521
vn 0.9050 0.1093 -0.4111
vn 0.9967 -0.0303 -0.0753
vn -0.5775 0.0024 -0.8164
vn -0.0758 -0.7890 -0.6097
vn 0.0053 -0.8403 -0.5420
vn -0.7337 -0.0358 -0.6785
vn -0.5205 0.7662 -0.3769
vn -0.6122 0.7446 -0.2659
vn 0.0123 0.9117 0.4107
vn 0.0410 0.9633 0.2651
vn 0.3363 0.6180 0.7106
vn 0.7359 0.6753 0.0496
vn 0.7216 0.5861 -0.3684
vn 0.0541 0.9959 0.0730
vn -0.5166 0.6069 -0.6040
vn -0.2100 -0.2848 -0.9353
vn 0.7006 -0.6822 0.2092
vn 0.6001 -0.3908 0.6979
vn 0.5318 -0.7823 0.3243
vn 0.5920 -0.4138 0.6916
vn 0.5179 -0.7807 0.3497
vn -0.0033 -0.8746 -0.4848
vn -0.0775 -0.8885 -0.4523
vn -0.6506 -0.1131 -0.7510
vn -0.5412 -0.0185 -0.8407
vn -0.7179 0.6510 -0.2465
vn -0.5269 0.8040 -0.2758
vn -0.2522 0.8357 0.4879
vn -0.0199 0.8591 0.5114
vn 0.2490 0.6231 0.7414
vn 0.0573 -0.9951 -0.0800
vn 0.0526 -0.9948 -0.0867
vn 0.0842 -0.6622 -0.7446
vn 0.0116 -0.6186 -0.7856
vn 0.0310 0.7626 -0.6461
vn 0.0176 -0.9956 -0.0916
vn -0.0748 -0.6409 -0.7640
vn 0.1805 -0.9785 -0.0998
vn -0.0171 -0.6273 -0.7786
vn 0.3118 -0.9403 -0.1365
vn 0.0181 -0.6547 -0.7557
vn -0.0765 0.6586 -0.7486
vn -0.0723 0.7038 -0.7067
vn 0.1338 0.7248 0.6759
vn 0.1298 0.7145 0.6875
vn 0.0970 -0.0013 0.9953
vn 0.0672 0.7358 0.6738
vn -0.0177 0.0671 0.9976
vn 0.0111 0.0822 0.9966
vn 0.0261 0.0785 0.9966
vn 0.0264 0.7284 0.6846
vn -0.0365 0.7179 -0.6952
vn 0.1365 -0.0236 0.9904
vn -0.0786 0.0579 0.9952
vn 0.3278 0.7547 0.5683
vn -0.0290 0.0698 0.9971
vn -0.0124 0.7627 0.6466
vn -0.0928 0.0811 0.9924
vn -0.0589 0.0944 0.9938
vn -0.0409 0.7439 0.6670
vn 0.0656 0.7456 -0.6632
vn 0.0435 0.7081 -0.7048
vn 0.0692 -0.6779 -0.7319
vn 0.0289 -0.7205 -0.6928
vn 0.0193 -0.9995 0.0266
vn 0.0755 -0.6592 -0.7481
vn 0.0992 -0.9946 0.0311
vn 0.2000 -0.9790 0.0394
vn 0.2059 -0.8102 -0.5488
vn 0.2043 0.6444 -0.7369
vn 0.3524 0.6231 -0.6983
vn 0.0508 0.6465 0.7613
vn -0.1247 0.0584 0.9905
vn 0.1395 -0.6598 -0.7384
vn 0.0543 -0.9981 0.0281
vn 0.1109 -0.9927 0.0465
vn -0.2895 0.4187 0.8608
vn -0.1013 0.9213 0.3754
vn -0.2732 0.4899 0.8279
vn -0.0748 0.9831 0.1668
vn -0.2670 0.5601 0.7842
vn 0.4919 0.4117 -0.7672
vn 0.4705 0.2543 -0.8450
vn 0.1910 -0.9275 -0.3213
vn 0.1584 -0.9668 -0.2006
vn -0.2918 -0.8741 0.3883
vn -0.3330 -0.8309 0.4458
vn 0.1564 -0.9658 -0.2070
vn -0.4317 -0.7965 0.4234
vn 0.1276 -0.9671 -0.2199
vn 0.5285 0.4819 -0.6988
vn 0.4225 0.1657 -0.8911
vn -0.0828 0.9845 0.1544
vn -0.3060 0.5849 0.7512
vn -0.1648 0.9337 0.3179
vn -0.2336 0.5874 0.7748
vn 0.2740 -0.8814 -0.3847
vn -0.3000 -0.8970 0.3245
vn -0.2166 -0.9202 0.3261
vn 0.0060 -0.9336 -0.3583
vn 0.0035 -0.9976 0.0686
vn -0.0330 -0.9888 -0.1457
vn -0.0440 -0.8340 -0.5500
vn 0.0232 -0.8165 -0.5769
vn -0.1454 -0.7086 -0.6905
vn 0.1107 -0.8258 -0.5530
vn 0.5075 -0.3002 -0.8077
vn 0.2749 -0.6020 -0.7497
vn 0.6365 0.0351 -0.7705
vn 0.5496 0.2137 -0.8077
vn -0.4910 0.6799 -0.5447
vn -0.1464 0.9824 0.1164
vn -0.5636 0.8112 0.1561
vn 0.5765 0.0115 -0.8170
vn 0.5136 0.8054 -0.2959
vn 0.5167 0.7665 -0.3815
vn 0.5297 0.0050 -0.8482
vn 0.0817 -0.7888 -0.6093
vn 0.0090 -0.8651 -0.5015
vn -0.7126 -0.6738 0.1956
vn -0.5286 -0.7749 0.3465
vn -0.6221 -0.3542 0.6982
vn -0.5920 -0.4138 0.6916
vn -0.5473 -0.7557 0.3597
vn 0.0894 -0.8746 -0.4765
vn 0.6774 -0.1184 -0.7260
vn 0.7553 0.6128 -0.2322
vn 0.0208 0.8671 0.4978
vn 0.2969 0.8245 0.4817
vn -0.2490 0.6231 0.7414
vn -0.3402 0.6161 0.7104
vn -0.0095 0.9126 0.4088
vn -0.1114 0.9376 0.3293
vn 0.5606 0.7760 -0.2892
vn 0.6215 0.6238 -0.4739
vn 0.6537 -0.0282 -0.7562
vn 0.4038 -0.3090 -0.8611
vn -0.0644 -0.8162 -0.5741
vn -0.0053 -0.8394 -0.5435
vn -0.6897 -0.7023 -0.1764
vn -0.8190 -0.5420 0.1881
vn -0.9811 -0.1884 0.0440
vn -0.8568 -0.0141 -0.5155
vn -0.3523 0.9355 -0.0260
vn -0.6207 0.7841 -0.0050
vn -0.3955 0.8724 0.2872
vn -0.1379 0.8754 0.4634
vn -0.6837 0.3955 -0.6133
vn -0.5668 0.1178 -0.8154
vn -0.5909 0.0797 -0.8028
vn -0.5899 0.7334 -0.3379
vn 0.1035 0.9526 -0.2859
vn -0.0761 0.9428 0.3246
vn 0.3817 0.8906 -0.2474
vn 0.4271 0.9037 -0.0304
vn -0.3559 0.0643 -0.9323
vn -0.1364 0.0730 -0.9880
vn -0.2125 0.5522 -0.8061
vn 0.2791 0.5121 -0.8123
vn 0.3978 0.1941 -0.8967
vn 0.2991 0.1121 -0.9476
vn -0.0899 0.3936 -0.9149
vn -0.5361 0.8441 -0.0049
vn 0.2311 0.9729 -0.0027
vn 0.2418 0.5883 0.7716
vn -0.3397 0.9405 -0.0025
vn 0.2382 0.9706 -0.0346
vn 0.4093 0.5741 -0.7091
vn 0.1154 0.9930 -0.0259
vn 0.1914 0.5151 -0.8355
vn 0.3102 0.9505 -0.0149
vn 0.2162 0.5481 -0.8080
vn 0.5258 0.8502 -0.0244
vn 0.4834 0.4590 -0.7454
vn 0.3772 0.9261 -0.0108
vn 0.3893 0.4980 -0.7748
vn 0.1496 0.5796 -0.8010
vn 0.1058 0.1972 -0.9746
vn 0.3559 0.1309 -0.9253
vn 0.3885 0.1214 -0.9134
vn 0.1685 0.1353 -0.9764
vn 0.0489 0.0056 -0.9988
vn -0.2105 0.6740 0.7081
vn -0.1389 0.5706 0.8094
vn 0.0887 0.3407 0.9360
vn -0.0416 0.2956 0.9544
vn 0.2961 0.2593 0.9193
vn 0.4316 0.5924 0.6803
vn 0.4881 0.2506 0.8360
vn 0.1824 0.5927 0.7845
vn 0.1960 0.2594 0.9457
vn 0.2241 0.5913 0.7747
vn 0.1106 0.2249 0.9681
vn 0.4847 0.4878 0.7260
vn 0.3885 0.1626 0.9070
vn 0.3723 0.5384 0.7560
vn 0.3516 0.1843 0.9178
vn 0.1832 0.6071 0.7732
vn 0.1395 0.2545 0.9570
vn 0.1458 0.9893 0.0023
usemtl Material-3670.000
s 1
f 2760/2760/2752 2761/2761/2753 2762/2762/2754
f 2763/2763/2755 2761/2761/2753 2760/2760/2752
f 2764/2764/2756 2763/2763/2755 2760/2760/2752
f 2763/2763/2755 2765/2765/2757 2761/2761/2753
f 2766/2766/2758 2767/2767/2759 2768/2768/2760
f 2769/2769/2761 2767/2767/2759 2766/2766/2758
f 2770/2770/2762 2769/2769/2761 2766/2766/2758
f 2771/2771/2763 2769/2769/2761 2770/2770/2762
f 2772/2772/2764 2771/2771/2763 2770/2770/2762
f 2773/2773/2765 2771/2771/2763 2772/2772/2764
f 2774/2774/2766 2773/2773/2765 2772/2772/2764
f 2775/2775/2767 2773/2773/2765 2774/2774/2766
f 2776/2776/2768 2773/2773/2765 2775/2775/2767
f 2777/2777/2769 2776/2776/2768 2775/2775/2767
f 2765/2765/2757 2776/2776/2768 2777/2777/2769
f 2778/2778/2770 2776/2776/2768 2765/2765/2757
f 2763/2763/2755 2778/2778/2770 2765/2765/2757
f 2779/2779/2771 2778/2778/2770 2763/2763/2755
f 2764/2764/2756 2779/2779/2771 2763/2763/2755
f 2780/2780/2772 2779/2779/2771 2764/2764/2756
f 2781/2781/2773 2779/2779/2771 2780/2780/2772
f 2782/2782/2774 2781/2781/2773 2780/2780/2772
f 2783/2783/2775 2781/2781/2773 2782/2782/2774
f 2784/2784/2776 2781/2781/2773 2783/2783/2775
f 2785/2785/2777 2784/2784/2776 2783/2783/2775
f 2786/2786/2778 2784/2784/2776 2785/2785/2777
f 2787/2787/2779 2784/2784/2776 2786/2786/2778
f 2769/2769/2761 2787/2787/2779 2786/2786/2778
f 2771/2771/2763 2787/2787/2779 2769/2769/2761
f 2788/2788/2780 2787/2787/2779 2771/2771/2763
f 2773/2773/2765 2788/2788/2780 2771/2771/2763
f 2776/2776/2768 2788/2788/2780 2773/2773/2765
f 2778/2778/2770 2788/2788/2780 2776/2776/2768
f 2789/2789/2781 2788/2788/2780 2778/2778/2770
f 2779/2779/2771 2789/2789/2781 2778/2778/2770
f 2781/2781/2773 2789/2789/2781 2779/2779/2771
f 2784/2784/2776 2789/2789/2781 2781/2781/2773
f 2787/2787/2779 2789/2789/2781 2784/2784/2776
f 2788/2788/2780 2789/2789/2781 2787/2787/2779
f 2769/2769/2761 2786/2786/2778 2767/2767/2759
f 2790/2790/2782 2791/2791/2783 2792/2792/2784
f 2793/2793/2785 2794/2794/2786 2795/2795/2787
f 2796/2796/2788 2794/2794/2786 2793/2793/2785
f 2797/2797/2789 2796/2796/2788 2793/2793/2785
f 2798/2798/2790 2796/2796/2788 2797/2797/2789
f 2799/2799/2791 2798/2798/2790 2797/2797/2789
f 2800/2800/2792 2799/2799/2791 2797/2797/2789
f 2801/2801/2793 2799/2799/2791 2800/2800/2792
f 2802/2802/2794 2801/2801/2793 2800/2800/2792
f 2803/2803/2795 2802/2802/2794 2800/2800/2792
f 2804/2804/2796 2803/2803/2795 2800/2800/2792
f 2805/2805/2797 2803/2803/2795 2804/2804/2796
f 2806/2806/2798 2805/2805/2797 2804/2804/2796
f 2807/2807/2799 2805/2805/2797 2806/2806/2798
f 2808/2808/2800 2807/2807/2799 2806/2806/2798
f 2809/2809/2801 2807/2807/2799 2808/2808/2800
f 2810/2810/2802 2809/2809/2801 2808/2808/2800
f 2811/2811/2803 2810/2810/2802 2808/2808/2800
f 2812/2812/2804 2810/2810/2802 2811/2811/2803
f 2813/2813/2805 2812/2812/2804 2811/2811/2803
f 2814/2814/2806 2812/2812/2804 2813/2813/2805
f 2815/2815/2807 2814/2814/2806 2813/2813/2805
f 2816/2816/2808 2814/2814/2806 2815/2815/2807
f 2817/2817/2809 2816/2816/2808 2815/2815/2807
f 2818/2818/2810 2816/2816/2808 2817/2817/2809
f 2819/2819/2811 2818/2818/2810 2817/2817/2809
f 2820/2820/2812 2819/2819/2811 2817/2817/2809
f 2821/2821/2813 2819/2819/2811 2820/2820/2812
f 2822/2822/2814 2821/2821/2813 2820/2820/2812
f 2823/2823/2815 2822/2822/2814 2820/2820/2812
f 2824/2824/2816 2822/2822/2814 2823/2823/2815
f 2791/2791/2783 2824/2824/2816 2823/2823/2815
f 2825/2825/2817 2791/2791/2783 2823/2823/2815
f 2792/2792/2784 2791/2791/2783 2825/2825/2817
f 2826/2826/2818 2792/2792/2784 2825/2825/2817
f 2827/2827/2819 2792/2792/2784 2826/2826/2818
f 2828/2828/2820 2827/2827/2819 2826/2826/2818
f 2829/2829/2821 2828/2828/2820 2826/2826/2818
f 2830/2830/2822 2828/2828/2820 2829/2829/2821
f 2831/2831/2823 2830/2830/2822 2829/2829/2821
f 2832/2832/2824 2831/2831/2823 2829/2829/2821
f 2833/2833/2825 2831/2831/2823 2832/2832/2824
f 2834/2834/2826 2833/2833/2825 2832/2832/2824
f 2835/2835/2827 2833/2833/2825 2834/2834/2826
f 2836/2836/2828 2835/2835/2827 2834/2834/2826
f 2806/2806/2798 2835/2835/2827 2836/2836/2828
f 2808/2808/2800 2806/2806/2798 2836/2836/2828
f 2837/2837/2829 2808/2808/2800 2836/2836/2828
f 2811/2811/2803 2808/2808/2800 2837/2837/2829
f 2838/2838/2830 2811/2811/2803 2837/2837/2829
f 2813/2813/2805 2811/2811/2803 2838/2838/2830
f 2839/2839/2831 2813/2813/2805 2838/2838/2830
f 2815/2815/2807 2813/2813/2805 2839/2839/2831
f 2820/2820/2812 2815/2815/2807 2839/2839/2831
f 2817/2817/2809 2815/2815/2807 2820/2820/2812
f 2833/2833/2825 2840/2840/2832 2831/2831/2823
f 2838/2838/2830 2837/2837/2829 2841/2841/2833
f 2842/2842/2834 2838/2838/2830 2841/2841/2833
f 2839/2839/2831 2838/2838/2830 2842/2842/2834
f 2843/2843/2835 2839/2839/2831 2842/2842/2834
f 2820/2820/2812 2839/2839/2831 2843/2843/2835
f 2825/2825/2817 2820/2820/2812 2843/2843/2835
f 2826/2826/2818 2825/2825/2817 2843/2843/2835
f 2842/2842/2834 2826/2826/2818 2843/2843/2835
f 2829/2829/2821 2826/2826/2818 2842/2842/2834
f 2841/2841/2833 2829/2829/2821 2842/2842/2834
f 2832/2832/2824 2829/2829/2821 2841/2841/2833
f 2834/2834/2826 2832/2832/2824 2841/2841/2833
f 2837/2837/2829 2834/2834/2826 2841/2841/2833
f 2836/2836/2828 2834/2834/2826 2837/2837/2829
f 2820/2820/2812 2825/2825/2817 2823/2823/2815
f 2833/2833/2825 2844/2844/2836 2840/2840/2832
f 2845/2845/2837 2844/2844/2836 2833/2833/2825
f 2835/2835/2827 2845/2845/2837 2833/2833/2825
f 2846/2846/2838 2845/2845/2837 2835/2835/2827
f 2806/2806/2798 2846/2846/2838 2835/2835/2827
f 2804/2804/2796 2846/2846/2838 2806/2806/2798
f 2847/2847/2839 2846/2846/2838 2804/2804/2796
f 2800/2800/2792 2847/2847/2839 2804/2804/2796
f 2797/2797/2789 2847/2847/2839 2800/2800/2792
f 2793/2793/2785 2847/2847/2839 2797/2797/2789
f 2848/2848/2840 2847/2847/2839 2793/2793/2785
f 2795/2795/2787 2848/2848/2840 2793/2793/2785
f 2849/2849/2841 2848/2848/2840 2795/2795/2787
f 2850/2850/2842 2848/2848/2840 2849/2849/2841
f 2844/2844/2836 2850/2850/2842 2849/2849/2841
f 2845/2845/2837 2850/2850/2842 2844/2844/2836
f 2846/2846/2838 2850/2850/2842 2845/2845/2837
f 2847/2847/2839 2850/2850/2842 2846/2846/2838
f 2848/2848/2840 2850/2850/2842 2847/2847/2839
f 2822/2822/2814 2824/2824/2816 2851/2851/2843
f 2852/2852/2844 2798/2798/2790 2853/2853/2845
f 2796/2796/2788 2798/2798/2790 2852/2852/2844
f 2854/2854/2846 2796/2796/2788 2852/2852/2844
f 2855/2855/2847 2854/2854/2846 2852/2852/2844
f 2794/2794/2786 2796/2796/2788 2854/2854/2846
f 2807/2807/2799 2809/2809/2801 2856/2856/2848
f 2805/2805/2797 2807/2807/2799 2856/2856/2848
f 2857/2857/2849 2805/2805/2797 2856/2856/2848
f 2858/2858/2850 2805/2805/2797 2857/2857/2849
f 2859/2859/2851 2858/2858/2850 2857/2857/2849
f 2803/2803/2795 2805/2805/2797 2858/2858/2850
f 2860/2860/2852 2861/2861/2853 2862/2862/2854
f 2863/2863/2855 2864/2864/2856 2861/2861/2853
f 2860/2860/2852 2863/2863/2855 2861/2861/2853
f 2865/2865/2857 2863/2863/2855 2860/2860/2852
f 2866/2866/2858 2867/2867/2859 2868/2868/2860
f 2869/2869/2861 2866/2866/2858 2868/2868/2860
f 2870/2870/2862 2866/2866/2858 2869/2869/2861
f 2871/2871/2863 2870/2870/2862 2869/2869/2861
f 2872/2872/2864 2870/2870/2862 2871/2871/2863
f 2873/2873/2865 2872/2872/2864 2871/2871/2863
f 2874/2874/2866 2873/2873/2865 2871/2871/2863
f 2865/2865/2857 2874/2874/2866 2871/2871/2863
f 2875/2875/2867 2865/2865/2857 2871/2871/2863
f 2863/2863/2855 2865/2865/2857 2875/2875/2867
f 2876/2876/2868 2863/2863/2855 2875/2875/2867
f 2864/2864/2856 2863/2863/2855 2876/2876/2868
f 2877/2877/2869 2864/2864/2856 2876/2876/2868
f 2878/2878/2870 2864/2864/2856 2877/2877/2869
f 2879/2879/2871 2878/2878/2870 2877/2877/2869
f 2880/2880/2872 2879/2879/2871 2877/2877/2869
f 2881/2881/2873 2880/2880/2872 2877/2877/2869
f 2882/2882/2874 2881/2881/2873 2877/2877/2869
f 2869/2869/2861 2881/2881/2873 2882/2882/2874
f 2871/2871/2863 2869/2869/2861 2882/2882/2874
f 2875/2875/2867 2871/2871/2863 2882/2882/2874
f 2877/2877/2869 2875/2875/2867 2882/2882/2874
f 2876/2876/2868 2875/2875/2867 2877/2877/2869
f 2881/2881/2873 2869/2869/2861 2868/2868/2860
f 2883/2883/2875 2884/2884/2876 2885/2885/2877
f 2886/2886/2878 2884/2884/2876 2883/2883/2875
f 2887/2887/2879 2886/2886/2878 2883/2883/2875
f 2888/2888/2880 2889/2889/2881 2890/2890/2882
f 2891/2891/2883 2889/2889/2881 2888/2888/2880
f 2892/2892/2884 2891/2891/2883 2888/2888/2880
f 2893/2893/2885 2891/2891/2883 2892/2892/2884
f 2894/2894/2886 2893/2893/2885 2892/2892/2884
f 2895/2895/2887 2893/2893/2885 2894/2894/2886
f 2896/2896/2888 2895/2895/2887 2894/2894/2886
f 2897/2897/2889 2895/2895/2887 2896/2896/2888
f 2898/2898/2890 2895/2895/2887 2897/2897/2889
f 2899/2899/2891 2895/2895/2887 2898/2898/2890
f 2900/2900/2892 2895/2895/2887 2899/2899/2891
f 2893/2893/2885 2895/2895/2887 2900/2900/2892
f 2901/2901/2893 2893/2893/2885 2900/2900/2892
f 2891/2891/2883 2893/2893/2885 2901/2901/2893
f 2887/2887/2879 2891/2891/2883 2901/2901/2893
f 2889/2889/2881 2891/2891/2883 2887/2887/2879
f 2883/2883/2875 2889/2889/2881 2887/2887/2879
f 2902/2902/2894 2889/2889/2881 2883/2883/2875
f 2885/2885/2877 2902/2902/2894 2883/2883/2875
f 2903/2903/2895 2902/2902/2894 2885/2885/2877
f 2904/2904/2896 2902/2902/2894 2903/2903/2895
f 2905/2905/2897 2904/2904/2896 2903/2903/2895
f 2906/2906/2898 2904/2904/2896 2905/2905/2897
f 2907/2907/2899 2904/2904/2896 2906/2906/2898
f 2908/2908/2900 2907/2907/2899 2906/2906/2898
f 2909/2909/2901 2907/2907/2899 2908/2908/2900
f 2910/2910/2902 2907/2907/2899 2909/2909/2901
f 2911/2911/2903 2910/2910/2902 2909/2909/2901
f 2912/2912/2904 2910/2910/2902 2911/2911/2903
f 2913/2913/2905 2912/2912/2904 2911/2911/2903
f 2914/2914/2906 2912/2912/2904 2913/2913/2905
f 2915/2915/2907 2914/2914/2906 2913/2913/2905
f 2896/2896/2888 2914/2914/2906 2915/2915/2907
f 2894/2894/2886 2914/2914/2906 2896/2896/2888
f 2892/2892/2884 2914/2914/2906 2894/2894/2886
f 2912/2912/2904 2914/2914/2906 2892/2892/2884
f 2910/2910/2902 2912/2912/2904 2892/2892/2884
f 2888/2888/2880 2910/2910/2902 2892/2892/2884
f 2907/2907/2899 2910/2910/2902 2888/2888/2880
f 2890/2890/2882 2907/2907/2899 2888/2888/2880
f 2904/2904/2896 2907/2907/2899 2890/2890/2882
f 2902/2902/2894 2904/2904/2896 2890/2890/2882
f 2889/2889/2881 2902/2902/2894 2890/2890/2882
f 2916/2916/2908 2917/2917/2909 2918/2918/2910
f 2919/2919/2911 2916/2916/2908 2920/2920/2912
f 2917/2917/2909 2916/2916/2908 2919/2919/2911
f 2921/2921/2913 2917/2917/2909 2919/2919/2911
f 2922/2922/2914 2921/2921/2913 2919/2919/2911
f 2923/2923/2915 2921/2921/2913 2922/2922/2914
f 2924/2924/2916 2923/2923/2915 2922/2922/2914
f 2925/2925/2917 2923/2923/2915 2924/2924/2916
f 2926/2926/2918 2925/2925/2917 2924/2924/2916
f 2927/2927/2919 2926/2926/2918 2924/2924/2916
f 2928/2928/2920 2927/2927/2919 2924/2924/2916
f 2929/2929/2921 2927/2927/2919 2928/2928/2920
f 2930/2930/2922 2929/2929/2921 2928/2928/2920
f 2931/2931/2923 2929/2929/2921 2930/2930/2922
f 2932/2932/2924 2931/2931/2923 2930/2930/2922
f 2933/2933/2925 2931/2931/2923 2932/2932/2924
f 2934/2934/2926 2933/2933/2925 2932/2932/2924
f 2935/2935/2927 2934/2934/2926 2932/2932/2924
f 2936/2936/2928 2935/2935/2927 2932/2932/2924
f 2937/2937/2929 2936/2936/2928 2932/2932/2924
f 2920/2920/2912 2936/2936/2928 2937/2937/2929
f 2919/2919/2911 2920/2920/2912 2937/2937/2929
f 2922/2922/2914 2919/2919/2911 2937/2937/2929
f 2924/2924/2916 2922/2922/2914 2937/2937/2929
f 2928/2928/2920 2924/2924/2916 2937/2937/2929
f 2930/2930/2922 2928/2928/2920 2937/2937/2929
f 2932/2932/2924 2930/2930/2922 2937/2937/2929
f 2938/2938/2930 2929/2929/2921 2931/2931/2923
f 2939/2939/2931 2940/2940/2932 2941/2941/2933
f 2942/2942/2934 2940/2940/2932 2943/2943/2935
f 2941/2941/2933 2940/2940/2932 2942/2942/2934
f 2944/2944/2936 2941/2941/2933 2942/2942/2934
f 2945/2945/2937 2946/2946/2938 2947/2947/2939
f 2948/2948/2940 2945/2945/2937 2947/2947/2939
f 2943/2943/2935 2945/2945/2937 2948/2948/2940
f 2949/2949/2941 2943/2943/2935 2948/2948/2940
f 2942/2942/2934 2943/2943/2935 2949/2949/2941
f 2950/2950/2942 2942/2942/2934 2949/2949/2941
f 2944/2944/2936 2942/2942/2934 2950/2950/2942
f 2951/2951/2943 2944/2944/2936 2950/2950/2942
f 2952/2952/2944 2944/2944/2936 2951/2951/2943
f 2953/2953/2945 2952/2952/2944 2951/2951/2943
f 2954/2954/2946 2953/2953/2945 2951/2951/2943
f 2955/2955/2947 2954/2954/2946 2951/2951/2943
f 2956/2956/2948 2954/2954/2946 2955/2955/2947
f 2957/2957/2949 2956/2956/2948 2955/2955/2947
f 2958/2958/2950 2957/2957/2949 2955/2955/2947
f 2959/2959/2951 2957/2957/2949 2958/2958/2950
f 2960/2960/2952 2959/2959/2951 2958/2958/2950
f 2948/2948/2940 2960/2960/2952 2958/2958/2950
f 2947/2947/2939 2960/2960/2952 2948/2948/2940
f 2949/2949/2941 2951/2951/2943 2950/2950/2942
f 2955/2955/2947 2951/2951/2943 2949/2949/2941
f 2958/2958/2950 2955/2955/2947 2949/2949/2941
f 2948/2948/2940 2958/2958/2950 2949/2949/2941
f 2961/2961/2953 2957/2957/2949 2959/2959/2951
f 2962/2962/2954 2963/2963/2955 2964/2964/2956
f 2965/2965/2957 2962/2962/2954 2966/2966/2958
f 2963/2963/2955 2962/2962/2954 2965/2965/2957
f 2967/2967/2959 2963/2963/2955 2965/2965/2957
f 2968/2968/2960 2967/2967/2959 2965/2965/2957
f 2969/2969/2961 2967/2967/2959 2968/2968/2960
f 2970/2970/2962 2969/2969/2961 2968/2968/2960
f 2971/2971/2963 2969/2969/2961 2970/2970/2962
f 2972/2972/2964 2971/2971/2963 2970/2970/2962
f 2973/2973/2965 2972/2972/2964 2970/2970/2962
f 2974/2974/2966 2972/2972/2964 2973/2973/2965
f 2975/2975/2967 2974/2974/2966 2973/2973/2965
f 2976/2976/2968 2975/2975/2967 2973/2973/2965
f 2977/2977/2969 2976/2976/2968 2973/2973/2965
f 2978/2978/2970 2976/2976/2968 2977/2977/2969
f 2965/2965/2957 2978/2978/2970 2977/2977/2969
f 2966/2966/2958 2978/2978/2970 2965/2965/2957
f 2979/2979/2971 2978/2978/2970 2966/2966/2958
f 2980/2980/2972 2978/2978/2970 2979/2979/2971
f 2981/2981/2973 2980/2980/2972 2979/2979/2971
f 2980/2980/2972 2976/2976/2968 2978/2978/2970
f 2968/2968/2960 2973/2973/2965 2970/2970/2962
f 2977/2977/2969 2973/2973/2965 2968/2968/2960
f 2965/2965/2957 2977/2977/2969 2968/2968/2960
f 2982/2982/2974 2969/2969/2961 2971/2971/2963
f 2983/2983/2975 2982/2982/2974 2984/2984/2976
f 2969/2969/2961 2982/2982/2974 2983/2983/2975
f 2967/2967/2959 2969/2969/2961 2983/2983/2975
f 2985/2985/2977 2986/2986/2978 2987/2987/2979
f 2988/2988/2980 2986/2986/2978 2985/2985/2977
f 2989/2989/2981 2988/2988/2980 2985/2985/2977
f 2990/2990/2982 2989/2989/2981 2985/2985/2977
f 2991/2991/2983 2989/2989/2981 2990/2990/2982
f 2992/2992/2984 2989/2989/2981 2991/2991/2983
f 2993/2993/2985 2989/2989/2981 2992/2992/2984
f 2994/2994/2986 2993/2993/2985 2992/2992/2984
f 2995/2995/2987 2993/2993/2985 2994/2994/2986
f 2988/2988/2980 2989/2989/2981 2993/2993/2985
f 2996/2996/2988 2997/2997/2989 2998/2998/2990
f 2999/2999/2991 3000/3000/2992 3001/3001/2993
f 3002/3002/2994 2999/2999/2991 3001/3001/2993
f 3003/3003/2995 2999/2999/2991 3002/3002/2994
f 3004/3004/2996 3003/3003/2995 3002/3002/2994
f 3005/3005/2997 3003/3003/2995 3004/3004/2996
f 3006/3006/2998 3005/3005/2997 3004/3004/2996
f 3007/3007/2999 3005/3005/2997 3006/3006/2998
f 3008/3008/3000 3007/3007/2999 3006/3006/2998
f 3009/3009/3001 3008/3008/3000 3006/3006/2998
f 3010/3010/3002 3009/3009/3001 3006/3006/2998
f 3004/3004/2996 3010/3010/3002 3006/3006/2998
f 3002/3002/2994 3010/3010/3002 3004/3004/2996
f 3011/3011/3003 3010/3010/3002 3002/3002/2994
f 3001/3001/2993 3011/3011/3003 3002/3002/2994
f 3012/3012/3004 3011/3011/3003 3001/3001/2993
f 3013/3013/3005 3012/3012/3004 3001/3001/2993
f 3014/3014/3006 3012/3012/3004 3013/3013/3005
f 3015/3015/3007 3014/3014/3006 3013/3013/3005
f 3016/3016/3008 3015/3015/3007 3013/3013/3005
f 3017/3017/3009 3016/3016/3008 3013/3013/3005
f 2996/2996/2988 3016/3016/3008 3017/3017/3009
f 3018/3018/3010 2996/2996/2988 3017/3017/3009
f 2997/2997/2989 2996/2996/2988 3018/3018/3010
f 3019/3019/3011 2997/2997/2989 3018/3018/3010
f 3020/3020/3012 2997/2997/2989 3019/3019/3011
f 3021/3021/3013 3020/3020/3012 3019/3019/3011
f 3022/3022/3014 3020/3020/3012 3021/3021/3013
f 3023/3023/3015 3022/3022/3014 3021/3021/3013
f 3024/3024/3016 3022/3022/3014 3023/3023/3015
f 3025/3025/3017 3024/3024/3016 3023/3023/3015
f 3026/3026/3018 3025/3025/3017 3023/3023/3015
f 3027/3027/3019 3025/3025/3017 3026/3026/3018
f 3007/3007/2999 3027/3027/3019 3026/3026/3018
f 3005/3005/2997 3007/3007/2999 3026/3026/3018
f 3003/3003/2995 3005/3005/2997 3026/3026/3018
f 3023/3023/3015 3003/3003/2995 3026/3026/3018
f 3021/3021/3013 3003/3003/2995 3023/3023/3015
f 2999/2999/2991 3003/3003/2995 3021/3021/3013
f 3019/3019/3011 2999/2999/2991 3021/3021/3013
f 3000/3000/2992 2999/2999/2991 3019/3019/3011
f 3018/3018/3010 3000/3000/2992 3019/3019/3011
f 3017/3017/3009 3000/3000/2992 3018/3018/3010
f 3001/3001/2993 3000/3000/2992 3017/3017/3009
f 3013/3013/3005 3001/3001/2993 3017/3017/3009
f 3028/3028/3020 3025/3025/3017 3027/3027/3019
f 3029/3029/3021 3030/3030/3022 3031/3031/3023
f 3032/3032/3024 3029/3029/3021 3031/3031/3023
f 3033/3033/3025 3034/3034/3026 3035/3035/3027
f 3036/3036/3028 3033/3033/3025 3035/3035/3027
f 3037/3037/3029 3033/3033/3025 3036/3036/3028
f 3029/3029/3021 3037/3037/3029 3036/3036/3028
f 3032/3032/3024 3037/3037/3029 3029/3029/3021
f 3038/3038/3030 3037/3037/3029 3032/3032/3024
f 3039/3039/3031 3037/3037/3029 3038/3038/3030
f 3040/3040/3032 3039/3039/3031 3038/3038/3030
f 3041/3041/3033 3042/3042/3034 3043/3043/3035
f 3044/3044/3036 3041/3041/3033 3045/3045/3037
f 3042/3042/3034 3041/3041/3033 3044/3044/3036
f 3046/3046/3038 3042/3042/3034 3044/3044/3036
f 3047/3047/3039 3042/3042/3034 3046/3046/3038
f 3048/3048/3040 3047/3047/3039 3046/3046/3038
f 3049/3049/3041 3050/3050/3042 3051/3051/3043
f 3052/3052/3044 3049/3049/3041 3051/3051/3043
f 3053/3053/3045 3049/3049/3041 3052/3052/3044
f 3054/3054/3046 3053/3053/3045 3052/3052/3044
f 3055/3055/3047 3053/3053/3045 3054/3054/3046
f 3056/3056/3048 3055/3055/3047 3054/3054/3046
f 3057/3057/3049 3055/3055/3047 3056/3056/3048
f 3058/3058/3050 3057/3057/3049 3056/3056/3048
f 3059/3059/3051 3057/3057/3049 3058/3058/3050
f 3060/3060/3052 3059/3059/3051 3058/3058/3050
f 3061/3061/3053 3059/3059/3051 3060/3060/3052
f 3062/3062/3054 3061/3061/3053 3060/3060/3052
f 3063/3063/3055 3061/3061/3053 3062/3062/3054
f 3064/3064/3056 3061/3061/3053 3063/3063/3055
f 3065/3065/3057 3061/3061/3053 3064/3064/3056
f 3059/3059/3051 3061/3061/3053 3065/3065/3057
f 3066/3066/3058 3059/3059/3051 3065/3065/3057
f 3057/3057/3049 3059/3059/3051 3066/3066/3058
f 3055/3055/3047 3057/3057/3049 3066/3066/3058
f 3067/3067/3059 3055/3055/3047 3066/3066/3058
f 3048/3048/3040 3055/3055/3047 3067/3067/3059
f 3053/3053/3045 3055/3055/3047 3048/3048/3040
f 3046/3046/3038 3053/3053/3045 3048/3048/3040
f 3049/3049/3041 3053/3053/3045 3046/3046/3038
f 3044/3044/3036 3049/3049/3041 3046/3046/3038
f 3050/3050/3042 3049/3049/3041 3044/3044/3036
f 3045/3045/3037 3050/3050/3042 3044/3044/3036
f 3068/3068/3060 3050/3050/3042 3045/3045/3037
f 3069/3069/3061 3050/3050/3042 3068/3068/3060
f 3070/3070/3062 3069/3069/3061 3068/3068/3060
f 3071/3071/3063 3069/3069/3061 3070/3070/3062
f 3051/3051/3043 3069/3069/3061 3071/3071/3063
f 3072/3072/3064 3051/3051/3043 3071/3071/3063
f 3073/3073/3065 3051/3051/3043 3072/3072/3064
f 3074/3074/3066 3073/3073/3065 3072/3072/3064
f 3075/3075/3067 3073/3073/3065 3074/3074/3066
f 3076/3076/3068 3075/3075/3067 3074/3074/3066
f 3077/3077/3069 3075/3075/3067 3076/3076/3068
f 3078/3078/3070 3077/3077/3069 3076/3076/3068
f 3079/3079/3071 3077/3077/3069 3078/3078/3070
f 3080/3080/3072 3079/3079/3071 3078/3078/3070
f 3081/3081/3073 3079/3079/3071 3080/3080/3072
f 3082/3082/3074 3081/3081/3073 3080/3080/3072
f 3083/3083/3075 3081/3081/3073 3082/3082/3074
f 3084/3084/3076 3083/3083/3075 3082/3082/3074
f 3083/3083/3075 3085/3085/3077 3081/3081/3073
f 3050/3050/3042 3069/3069/3061 3051/3051/3043
f 3060/3060/3052 3085/3085/3077 3062/3062/3054
f 3081/3081/3073 3085/3085/3077 3060/3060/3052
f 3058/3058/3050 3081/3081/3073 3060/3060/3052
f 3079/3079/3071 3081/3081/3073 3058/3058/3050
f 3056/3056/3048 3079/3079/3071 3058/3058/3050
f 3077/3077/3069 3079/3079/3071 3056/3056/3048
f 3054/3054/3046 3077/3077/3069 3056/3056/3048
f 3075/3075/3067 3077/3077/3069 3054/3054/3046
f 3052/3052/3044 3075/3075/3067 3054/3054/3046
f 3073/3073/3065 3075/3075/3067 3052/3052/3044
f 3051/3051/3043 3073/3073/3065 3052/3052/3044
f 3086/3086/3078 3087/3087/3079 3088/3088/3080
f 3089/3089/3081 3086/3086/3078 3088/3088/3080
f 3090/3090/3082 3086/3086/3078 3089/3089/3081
f 3088/3088/3080 3091/3091/3083 3089/3089/3081
f 3092/3092/3084 3093/3093/3085 3094/3094/3086
f 3095/3095/3087 3092/3092/3084 3094/3094/3086
f 3096/3096/3088 3092/3092/3084 3095/3095/3087
f 3097/3097/3089 3096/3096/3088 3095/3095/3087
f 3098/3098/3090 3096/3096/3088 3097/3097/3089
f 3099/3099/3091 3098/3098/3090 3097/3097/3089
f 3100/3100/3092 3098/3098/3090 3099/3099/3091
f 3101/3101/3093 3100/3100/3092 3099/3099/3091
f 3102/3102/3094 3101/3101/3093 3099/3099/3091
f 3103/3103/3095 3101/3101/3093 3102/3102/3094
f 3087/3087/3079 3103/3103/3095 3102/3102/3094
f 3104/3104/3096 3087/3087/3079 3102/3102/3094
f 3088/3088/3080 3087/3087/3079 3104/3104/3096
f 3105/3105/3097 3088/3088/3080 3104/3104/3096
f 3091/3091/3083 3088/3088/3080 3105/3105/3097
f 3106/3106/3098 3091/3091/3083 3105/3105/3097
f 3107/3107/3099 3106/3106/3098 3105/3105/3097
f 3108/3108/3100 3106/3106/3098 3107/3107/3099
f 3109/3109/3101 3108/3108/3100 3107/3107/3099
f 3110/3110/3102 3109/3109/3101 3107/3107/3099
f 3111/3111/3103 3109/3109/3101 3110/3110/3102
f 3112/3112/3104 3111/3111/3103 3110/3110/3102
f 3113/3113/3105 3112/3112/3104 3110/3110/3102
f 3095/3095/3087 3112/3112/3104 3113/3113/3105
f 3097/3097/3089 3095/3095/3087 3113/3113/3105
f 3114/3114/3106 3097/3097/3089 3113/3113/3105
f 3099/3099/3091 3097/3097/3089 3114/3114/3106
f 3102/3102/3094 3099/3099/3091 3114/3114/3106
f 3104/3104/3096 3102/3102/3094 3114/3114/3106
f 3115/3115/3107 3104/3104/3096 3114/3114/3106
f 3105/3105/3097 3104/3104/3096 3115/3115/3107
f 3107/3107/3099 3105/3105/3097 3115/3115/3107
f 3110/3110/3102 3107/3107/3099 3115/3115/3107
f 3113/3113/3105 3110/3110/3102 3115/3115/3107
f 3114/3114/3106 3113/3113/3105 3115/3115/3107
f 3112/3112/3104 3095/3095/3087 3094/3094/3086
f 3116/3116/3108 3117/3117/3109 3118/3118/3110
f 3119/3119/3111 3120/3120/3112 3121/3121/3113
f 3122/3122/3114 3119/3119/3111 3121/3121/3113
f 3123/3123/3115 3119/3119/3111 3122/3122/3114
f 3124/3124/3116 3123/3123/3115 3122/3122/3114
f 3125/3125/3117 3123/3123/3115 3124/3124/3116
f 3126/3126/3118 3123/3123/3115 3125/3125/3117
f 3127/3127/3119 3126/3126/3118 3125/3125/3117
f 3128/3128/3120 3126/3126/3118 3127/3127/3119
f 3129/3129/3121 3126/3126/3118 3128/3128/3120
f 3130/3130/3122 3126/3126/3118 3129/3129/3121
f 3131/3131/3123 3130/3130/3122 3129/3129/3121
f 3132/3132/3124 3130/3130/3122 3131/3131/3123
f 3133/3133/3125 3132/3132/3124 3131/3131/3123
f 3134/3134/3126 3132/3132/3124 3133/3133/3125
f 3135/3135/3127 3134/3134/3126 3133/3133/3125
f 3136/3136/3128 3134/3134/3126 3135/3135/3127
f 3137/3137/3129 3134/3134/3126 3136/3136/3128
f 3138/3138/3130 3137/3137/3129 3136/3136/3128
f 3139/3139/3131 3137/3137/3129 3138/3138/3130
f 3140/3140/3132 3139/3139/3131 3138/3138/3130
f 3141/3141/3133 3139/3139/3131 3140/3140/3132
f 3142/3142/3134 3141/3141/3133 3140/3140/3132
f 3143/3143/3135 3141/3141/3133 3142/3142/3134
f 3144/3144/3136 3143/3143/3135 3142/3142/3134
f 3145/3145/3137 3143/3143/3135 3144/3144/3136
f 3146/3146/3138 3143/3143/3135 3145/3145/3137
f 3147/3147/3139 3146/3146/3138 3145/3145/3137
f 3148/3148/3140 3146/3146/3138 3147/3147/3139
f 3149/3149/3141 3146/3146/3138 3148/3148/3140
f 3150/3150/3142 3149/3149/3141 3148/3148/3140
f 3117/3117/3109 3149/3149/3141 3150/3150/3142
f 3151/3151/3143 3149/3149/3141 3117/3117/3109
f 3116/3116/3108 3151/3151/3143 3117/3117/3109
f 3152/3152/3144 3151/3151/3143 3116/3116/3108
f 3153/3153/3145 3152/3152/3144 3116/3116/3108
f 3154/3154/3146 3152/3152/3144 3153/3153/3145
f 3155/3155/3147 3152/3152/3144 3154/3154/3146
f 3156/3156/3148 3155/3155/3147 3154/3154/3146
f 3157/3157/3149 3155/3155/3147 3156/3156/3148
f 3158/3158/3150 3155/3155/3147 3157/3157/3149
f 3159/3159/3151 3158/3158/3150 3157/3157/3149
f 3160/3160/3152 3158/3158/3150 3159/3159/3151
f 3161/3161/3153 3160/3160/3152 3159/3159/3151
f 3162/3162/3154 3160/3160/3152 3161/3161/3153
f 3132/3132/3124 3162/3162/3154 3161/3161/3153
f 3134/3134/3126 3162/3162/3154 3132/3132/3124
f 3163/3163/3155 3162/3162/3154 3134/3134/3126
f 3137/3137/3129 3163/3163/3155 3134/3134/3126
f 3164/3164/3156 3163/3163/3155 3137/3137/3129
f 3139/3139/3131 3164/3164/3156 3137/3137/3129
f 3165/3165/3157 3164/3164/3156 3139/3139/3131
f 3141/3141/3133 3165/3165/3157 3139/3139/3131
f 3146/3146/3138 3165/3165/3157 3141/3141/3133
f 3143/3143/3135 3146/3146/3138 3141/3141/3133
f 3166/3166/3158 3159/3159/3151 3157/3157/3149
f 3164/3164/3156 3167/3167/3159 3163/3163/3155
f 3168/3168/3160 3167/3167/3159 3164/3164/3156
f 3165/3165/3157 3168/3168/3160 3164/3164/3156
f 3169/3169/3161 3168/3168/3160 3165/3165/3157
f 3146/3146/3138 3169/3169/3161 3165/3165/3157
f 3151/3151/3143 3146/3146/3138 3149/3149/3141
f 3169/3169/3161 3146/3146/3138 3151/3151/3143
f 3152/3152/3144 3169/3169/3161 3151/3151/3143
f 3168/3168/3160 3169/3169/3161 3152/3152/3144
f 3155/3155/3147 3168/3168/3160 3152/3152/3144
f 3167/3167/3159 3168/3168/3160 3155/3155/3147
f 3158/3158/3150 3167/3167/3159 3155/3155/3147
f 3160/3160/3152 3167/3167/3159 3158/3158/3150
f 3163/3163/3155 3167/3167/3159 3160/3160/3152
f 3162/3162/3154 3163/3163/3155 3160/3160/3152
f 3159/3159/3151 3166/3166/3158 3170/3170/3162
f 3171/3171/3163 3159/3159/3151 3170/3170/3162
f 3161/3161/3153 3159/3159/3151 3171/3171/3163
f 3172/3172/3164 3161/3161/3153 3171/3171/3163
f 3132/3132/3124 3161/3161/3153 3172/3172/3164
f 3130/3130/3122 3132/3132/3124 3172/3172/3164
f 3173/3173/3165 3130/3130/3122 3172/3172/3164
f 3126/3126/3118 3130/3130/3122 3173/3173/3165
f 3123/3123/3115 3126/3126/3118 3173/3173/3165
f 3119/3119/3111 3123/3123/3115 3173/3173/3165
f 3174/3174/3166 3119/3119/3111 3173/3173/3165
f 3120/3120/3112 3119/3119/3111 3174/3174/3166
f 3175/3175/3167 3120/3120/3112 3174/3174/3166
f 3176/3176/3168 3175/3175/3167 3174/3174/3166
f 3170/3170/3162 3175/3175/3167 3176/3176/3168
f 3171/3171/3163 3170/3170/3162 3176/3176/3168
f 3172/3172/3164 3171/3171/3163 3176/3176/3168
f 3173/3173/3165 3172/3172/3164 3176/3176/3168
f 3174/3174/3166 3173/3173/3165 3176/3176/3168
f 3177/3177/3169 3178/3178/3170 3179/3179/3171
f 3122/3122/3114 3178/3178/3170 3177/3177/3169
f 3124/3124/3116 3122/3122/3114 3177/3177/3169
f 3180/3180/3172 3124/3124/3116 3177/3177/3169
f 3178/3178/3170 3122/3122/3114 3121/3121/3113
f 3181/3181/3173 3135/3135/3127 3133/3133/3125
f 3131/3131/3123 3181/3181/3173 3133/3133/3125
f 3182/3182/3174 3181/3181/3173 3131/3131/3123
f 3183/3183/3175 3182/3182/3174 3131/3131/3123
f 3184/3184/3176 3182/3182/3174 3183/3183/3175
f 3131/3131/3123 3129/3129/3121 3183/3183/3175
f 3150/3150/3142 3148/3148/3140 3185/3185/3177
f 3186/3186/3178 3187/3187/3179 3188/3188/3180
f 3189/3189/3181 3190/3190/3182 3188/3188/3180
f 3187/3187/3179 3189/3189/3181 3188/3188/3180
f 3191/3191/3183 3189/3189/3181 3187/3187/3179
f 3192/3192/3184 3193/3193/3185 3194/3194/3186
f 3195/3195/3187 3193/3193/3185 3192/3192/3184
f 3196/3196/3188 3195/3195/3187 3192/3192/3184
f 3197/3197/3189 3195/3195/3187 3196/3196/3188
f 3198/3198/3190 3197/3197/3189 3196/3196/3188
f 3199/3199/3191 3197/3197/3189 3198/3198/3190
f 3200/3200/3192 3197/3197/3189 3199/3199/3191
f 3190/3190/3182 3197/3197/3189 3200/3200/3192
f 3201/3201/3193 3197/3197/3189 3190/3190/3182
f 3189/3189/3181 3201/3201/3193 3190/3190/3182
f 3202/3202/3194 3201/3201/3193 3189/3189/3181
f 3191/3191/3183 3202/3202/3194 3189/3189/3181
f 3203/3203/3195 3202/3202/3194 3191/3191/3183
f 3204/3204/3196 3203/3203/3195 3191/3191/3183
f 3205/3205/3197 3203/3203/3195 3204/3204/3196
f 3206/3206/3198 3203/3203/3195 3205/3205/3197
f 3207/3207/3199 3203/3203/3195 3206/3206/3198
f 3208/3208/3200 3203/3203/3195 3207/3207/3199
f 3195/3195/3187 3208/3208/3200 3207/3207/3199
f 3197/3197/3189 3208/3208/3200 3195/3195/3187
f 3201/3201/3193 3208/3208/3200 3197/3197/3189
f 3203/3203/3195 3208/3208/3200 3201/3201/3193
f 3202/3202/3194 3203/3203/3195 3201/3201/3193
f 3195/3195/3187 3207/3207/3199 3193/3193/3185
f 3209/3209/3201 3210/3210/3202 3211/3211/3203
f 3212/3212/3204 3210/3210/3202 3209/3209/3201
f 3213/3213/3205 3212/3212/3204 3209/3209/3201
f 3214/3214/3206 3215/3215/3207 3216/3216/3208
f 3217/3217/3209 3214/3214/3206 3216/3216/3208
f 3218/3218/3210 3214/3214/3206 3217/3217/3209
f 3219/3219/3211 3218/3218/3210 3217/3217/3209
f 3220/3220/3212 3218/3218/3210 3219/3219/3211
f 3221/3221/3213 3220/3220/3212 3219/3219/3211
f 3222/3222/3214 3220/3220/3212 3221/3221/3213
f 3223/3223/3215 3222/3222/3214 3221/3221/3213
f 3224/3224/3216 3223/3223/3215 3221/3221/3213
f 3225/3225/3217 3224/3224/3216 3221/3221/3213
f 3226/3226/3218 3225/3225/3217 3221/3221/3213
f 3219/3219/3211 3226/3226/3218 3221/3221/3213
f 3227/3227/3219 3226/3226/3218 3219/3219/3211
f 3217/3217/3209 3227/3227/3219 3219/3219/3211
f 3211/3211/3203 3227/3227/3219 3217/3217/3209
f 3216/3216/3208 3211/3211/3203 3217/3217/3209
f 3209/3209/3201 3211/3211/3203 3216/3216/3208
f 3228/3228/3220 3209/3209/3201 3216/3216/3208
f 3213/3213/3205 3209/3209/3201 3228/3228/3220
f 3229/3229/3221 3213/3213/3205 3228/3228/3220
f 3230/3230/3222 3229/3229/3221 3228/3228/3220
f 3231/3231/3223 3229/3229/3221 3230/3230/3222
f 3232/3232/3224 3231/3231/3223 3230/3230/3222
f 3233/3233/3225 3232/3232/3224 3230/3230/3222
f 3234/3234/3226 3232/3232/3224 3233/3233/3225
f 3235/3235/3227 3234/3234/3226 3233/3233/3225
f 3236/3236/3228 3235/3235/3227 3233/3233/3225
f 3237/3237/3229 3235/3235/3227 3236/3236/3228
f 3238/3238/3230 3237/3237/3229 3236/3236/3228
f 3239/3239/3231 3237/3237/3229 3238/3238/3230
f 3240/3240/3232 3239/3239/3231 3238/3238/3230
f 3241/3241/3233 3239/3239/3231 3240/3240/3232
f 3222/3222/3214 3241/3241/3233 3240/3240/3232
f 3220/3220/3212 3222/3222/3214 3240/3240/3232
f 3218/3218/3210 3220/3220/3212 3240/3240/3232
f 3238/3238/3230 3218/3218/3210 3240/3240/3232
f 3236/3236/3228 3218/3218/3210 3238/3238/3230
f 3214/3214/3206 3218/3218/3210 3236/3236/3228
f 3233/3233/3225 3214/3214/3206 3236/3236/3228
f 3215/3215/3207 3214/3214/3206 3233/3233/3225
f 3230/3230/3222 3215/3215/3207 3233/3233/3225
f 3228/3228/3220 3215/3215/3207 3230/3230/3222
f 3216/3216/3208 3215/3215/3207 3228/3228/3220
f 3242/3242/3234 3243/3243/3235 3244/3244/3236
f 3245/3245/3237 3246/3246/3238 3244/3244/3236
f 3243/3243/3235 3245/3245/3237 3244/3244/3236
f 3247/3247/3239 3245/3245/3237 3243/3243/3235
f 3248/3248/3240 3245/3245/3237 3247/3247/3239
f 3249/3249/3241 3248/3248/3240 3247/3247/3239
f 3250/3250/3242 3248/3248/3240 3249/3249/3241
f 3251/3251/3243 3250/3250/3242 3249/3249/3241
f 3252/3252/3244 3250/3250/3242 3251/3251/3243
f 3253/3253/3245 3250/3250/3242 3252/3252/3244
f 3254/3254/3246 3250/3250/3242 3253/3253/3245
f 3255/3255/3247 3254/3254/3246 3253/3253/3245
f 3256/3256/3248 3254/3254/3246 3255/3255/3247
f 3257/3257/3249 3256/3256/3248 3255/3255/3247
f 3258/3258/3250 3256/3256/3248 3257/3257/3249
f 3259/3259/3251 3258/3258/3250 3257/3257/3249
f 3260/3260/3252 3258/3258/3250 3259/3259/3251
f 3261/3261/3253 3258/3258/3250 3260/3260/3252
f 3262/3262/3254 3258/3258/3250 3261/3261/3253
f 3263/3263/3255 3258/3258/3250 3262/3262/3254
f 3246/3246/3238 3263/3263/3255 3262/3262/3254
f 3245/3245/3237 3263/3263/3255 3246/3246/3238
f 3248/3248/3240 3263/3263/3255 3245/3245/3237
f 3250/3250/3242 3263/3263/3255 3248/3248/3240
f 3254/3254/3246 3263/3263/3255 3250/3250/3242
f 3256/3256/3248 3263/3263/3255 3254/3254/3246
f 3258/3258/3250 3263/3263/3255 3256/3256/3248
f 3255/3255/3247 3264/3264/3256 3257/3257/3249
f 3265/3265/3257 3266/3266/3258 3267/3267/3259
f 3268/3268/3260 3269/3269/3261 3270/3270/3262
f 3271/3271/3263 3269/3269/3261 3268/3268/3260
f 3272/3272/3264 3271/3271/3263 3268/3268/3260
f 3273/3273/3265 3271/3271/3263 3272/3272/3264
f 3274/3274/3266 3273/3273/3265 3272/3272/3264
f 3275/3275/3267 3273/3273/3265 3274/3274/3266
f 3276/3276/3268 3275/3275/3267 3274/3274/3266
f 3277/3277/3269 3275/3275/3267 3276/3276/3268
f 3278/3278/3270 3277/3277/3269 3276/3276/3268
f 3279/3279/3271 3277/3277/3269 3278/3278/3270
f 3280/3280/3272 3277/3277/3269 3279/3279/3271
f 3281/3281/3273 3277/3277/3269 3280/3280/3272
f 3282/3282/3274 3281/3281/3273 3280/3280/3272
f 3266/3266/3258 3281/3281/3273 3282/3282/3274
f 3283/3283/3275 3281/3281/3273 3266/3266/3258
f 3265/3265/3257 3283/3283/3275 3266/3266/3258
f 3284/3284/3276 3283/3283/3275 3265/3265/3257
f 3271/3271/3263 3283/3283/3275 3284/3284/3276
f 3269/3269/3261 3271/3271/3263 3284/3284/3276
f 3273/3273/3265 3283/3283/3275 3271/3271/3263
f 3281/3281/3273 3283/3283/3275 3273/3273/3265
f 3277/3277/3269 3281/3281/3273 3273/3273/3265
f 3275/3275/3267 3277/3277/3269 3273/3273/3265
f 3272/3272/3264 3285/3285/3277 3274/3274/3266
f 3286/3286/3278 3285/3285/3277 3287/3287/3279
f 3274/3274/3266 3285/3285/3277 3286/3286/3278
f 3276/3276/3268 3274/3274/3266 3286/3286/3278
f 3288/3288/3280 3289/3289/3281 3290/3290/3282
f 3291/3291/3283 3292/3292/3284 3290/3290/3282
f 3289/3289/3281 3291/3291/3283 3290/3290/3282
f 3293/3293/3285 3291/3291/3283 3289/3289/3281
f 3294/3294/3286 3291/3291/3283 3293/3293/3285
f 3295/3295/3287 3294/3294/3286 3293/3293/3285
f 3296/3296/3288 3294/3294/3286 3295/3295/3287
f 3297/3297/3289 3296/3296/3288 3295/3295/3287
f 3298/3298/3290 3296/3296/3288 3297/3297/3289
f 3299/3299/3291 3296/3296/3288 3298/3298/3290
f 3300/3300/3292 3299/3299/3291 3298/3298/3290
f 3301/3301/3293 3299/3299/3291 3300/3300/3292
f 3302/3302/3294 3299/3299/3291 3301/3301/3293
f 3303/3303/3295 3299/3299/3291 3302/3302/3294
f 3304/3304/3296 3303/3303/3295 3302/3302/3294
f 3291/3291/3283 3303/3303/3295 3304/3304/3296
f 3292/3292/3284 3291/3291/3283 3304/3304/3296
f 3305/3305/3297 3292/3292/3284 3304/3304/3296
f 3306/3306/3298 3305/3305/3297 3304/3304/3296
f 3307/3307/3299 3305/3305/3297 3306/3306/3298
f 3302/3302/3294 3306/3306/3298 3304/3304/3296
f 3294/3294/3286 3303/3303/3295 3291/3291/3283
f 3299/3299/3291 3303/3303/3295 3294/3294/3286
f 3296/3296/3288 3299/3299/3291 3294/3294/3286
f 3293/3293/3285 3308/3308/3300 3295/3295/3287
f 3309/3309/3301 3297/3297/3289 3295/3295/3287
f 3308/3308/3300 3309/3309/3301 3295/3295/3287
f 3310/3310/3302 3309/3309/3301 3308/3308/3300
f 3311/3311/3303 3312/3312/3304 3313/3313/3305
f 3314/3314/3306 3311/3311/3303 3313/3313/3305
f 3315/3315/3307 3311/3311/3303 3314/3314/3306
f 3316/3316/3308 3315/3315/3307 3314/3314/3306
f 3317/3317/3309 3315/3315/3307 3316/3316/3308
f 3318/3318/3310 3315/3315/3307 3317/3317/3309
f 3319/3319/3311 3315/3315/3307 3318/3318/3310
f 3320/3320/3312 3319/3319/3311 3318/3318/3310
f 3321/3321/3313 3320/3320/3312 3318/3318/3310
f 3315/3315/3307 3319/3319/3311 3311/3311/3303
f 3322/3322/3314 3323/3323/3315 3324/3324/3316
f 3325/3325/3317 3326/3326/3318 3327/3327/3319
f 3328/3328/3320 3326/3326/3318 3325/3325/3317
f 3329/3329/3321 3328/3328/3320 3325/3325/3317
f 3330/3330/3322 3328/3328/3320 3329/3329/3321
f 3331/3331/3323 3330/3330/3322 3329/3329/3321
f 3332/3332/3324 3330/3330/3322 3331/3331/3323
f 3333/3333/3325 3332/3332/3324 3331/3331/3323
f 3334/3334/3326 3332/3332/3324 3333/3333/3325
f 3335/3335/3327 3332/3332/3324 3334/3334/3326
f 3336/3336/3328 3332/3332/3324 3335/3335/3327
f 3330/3330/3322 3332/3332/3324 3336/3336/3328
f 3328/3328/3320 3330/3330/3322 3336/3336/3328
f 3337/3337/3329 3328/3328/3320 3336/3336/3328
f 3326/3326/3318 3328/3328/3320 3337/3337/3329
f 3338/3338/3330 3326/3326/3318 3337/3337/3329
f 3339/3339/3331 3326/3326/3318 3338/3338/3330
f 3340/3340/3332 3339/3339/3331 3338/3338/3330
f 3341/3341/3333 3339/3339/3331 3340/3340/3332
f 3342/3342/3334 3339/3339/3331 3341/3341/3333
f 3343/3343/3335 3339/3339/3331 3342/3342/3334
f 3324/3324/3316 3343/3343/3335 3342/3342/3334
f 3344/3344/3336 3343/3343/3335 3324/3324/3316
f 3323/3323/3315 3344/3344/3336 3324/3324/3316
f 3345/3345/3337 3344/3344/3336 3323/3323/3315
f 3346/3346/3338 3345/3345/3337 3323/3323/3315
f 3347/3347/3339 3345/3345/3337 3346/3346/3338
f 3348/3348/3340 3347/3347/3339 3346/3346/3338
f 3349/3349/3341 3347/3347/3339 3348/3348/3340
f 3350/3350/3342 3349/3349/3341 3348/3348/3340
f 3351/3351/3343 3349/3349/3341 3350/3350/3342
f 3352/3352/3344 3349/3349/3341 3351/3351/3343
f 3353/3353/3345 3352/3352/3344 3351/3351/3343
f 3333/3333/3325 3352/3352/3344 3353/3353/3345
f 3331/3331/3323 3352/3352/3344 3333/3333/3325
f 3329/3329/3321 3352/3352/3344 3331/3331/3323
f 3349/3349/3341 3352/3352/3344 3329/3329/3321
f 3347/3347/3339 3349/3349/3341 3329/3329/3321
f 3325/3325/3317 3347/3347/3339 3329/3329/3321
f 3345/3345/3337 3347/3347/3339 3325/3325/3317
f 3327/3327/3319 3345/3345/3337 3325/3325/3317
f 3344/3344/3336 3345/3345/3337 3327/3327/3319
f 3343/3343/3335 3344/3344/3336 3327/3327/3319
f 3326/3326/3318 3343/3343/3335 3327/3327/3319
f 3339/3339/3331 3343/3343/3335 3326/3326/3318
f 3351/3351/3343 3354/3354/3346 3353/3353/3345
f 3355/3355/3347 3356/3356/3348 3357/3357/3349
f 3358/3358/3350 3355/3355/3347 3357/3357/3349
f 3359/3359/3351 3360/3360/3352 3361/3361/3353
f 3362/3362/3354 3360/3360/3352 3359/3359/3351
f 3356/3356/3348 3362/3362/3354 3359/3359/3351
f 3355/3355/3347 3362/3362/3354 3356/3356/3348
f 3363/3363/3355 3362/3362/3354 3355/3355/3347
f 3364/3364/3356 3362/3362/3354 3363/3363/3355
f 3365/3365/3357 3364/3364/3356 3363/3363/3355
f 3366/3366/3358 3364/3364/3356 3365/3365/3357
f 3367/3367/3359 3368/3368/3360 3369/3369/3361
f 3370/3370/3362 3371/3371/3363 3372/3372/3364
f 3368/3368/3360 3371/3371/3363 3370/3370/3362
f 3373/3373/3365 3368/3368/3360 3370/3370/3362
f 3369/3369/3361 3368/3368/3360 3373/3373/3365
f 3374/3374/3366 3369/3369/3361 3373/3373/3365
f 3375/3375/3367 3376/3376/3368 3377/3377/3369
f 3378/3378/3370 3376/3376/3368 3375/3375/3367
f 3379/3379/3371 3378/3378/3370 3375/3375/3367
f 3380/3380/3372 3378/3378/3370 3379/3379/3371
f 3381/3381/3373 3380/3380/3372 3379/3379/3371
f 3382/3382/3374 3380/3380/3372 3381/3381/3373
f 3383/3383/3375 3382/3382/3374 3381/3381/3373
f 3384/3384/3376 3382/3382/3374 3383/3383/3375
f 3385/3385/3377 3384/3384/3376 3383/3383/3375
f 3386/3386/3378 3384/3384/3376 3385/3385/3377
f 3387/3387/3379 3386/3386/3378 3385/3385/3377
f 3388/3388/3380 3386/3386/3378 3387/3387/3379
f 3389/3389/3381 3388/3388/3380 3387/3387/3379
f 3390/3390/3382 3389/3389/3381 3387/3387/3379
f 3391/3391/3383 3390/3390/3382 3387/3387/3379
f 3385/3385/3377 3391/3391/3383 3387/3387/3379
f 3392/3392/3384 3391/3391/3383 3385/3385/3377
f 3383/3383/3375 3392/3392/3384 3385/3385/3377
f 3381/3381/3373 3392/3392/3384 3383/3383/3375
f 3393/3393/3385 3392/3392/3384 3381/3381/3373
f 3372/3372/3364 3393/3393/3385 3381/3381/3373
f 3379/3379/3371 3372/3372/3364 3381/3381/3373
f 3370/3370/3362 3372/3372/3364 3379/3379/3371
f 3375/3375/3367 3370/3370/3362 3379/3379/3371
f 3373/3373/3365 3370/3370/3362 3375/3375/3367
f 3377/3377/3369 3373/3373/3365 3375/3375/3367
f 3374/3374/3366 3373/3373/3365 3377/3377/3369
f 3394/3394/3386 3374/3374/3366 3377/3377/3369
f 3395/3395/3387 3394/3394/3386 3377/3377/3369
f 3396/3396/3388 3394/3394/3386 3395/3395/3387
f 3397/3397/3389 3396/3396/3388 3395/3395/3387
f 3376/3376/3368 3397/3397/3389 3395/3395/3387
f 3398/3398/3390 3397/3397/3389 3376/3376/3368
f 3399/3399/3391 3398/3398/3390 3376/3376/3368
f 3400/3400/3392 3398/3398/3390 3399/3399/3391
f 3401/3401/3393 3400/3400/3392 3399/3399/3391
f 3402/3402/3394 3400/3400/3392 3401/3401/3393
f 3403/3403/3395 3402/3402/3394 3401/3401/3393
f 3404/3404/3396 3402/3402/3394 3403/3403/3395
f 3405/3405/3397 3404/3404/3396 3403/3403/3395
f 3406/3406/3398 3404/3404/3396 3405/3405/3397
f 3407/3407/3399 3406/3406/3398 3405/3405/3397
f 3408/3408/3400 3406/3406/3398 3407/3407/3399
f 3409/3409/3401 3408/3408/3400 3407/3407/3399
f 3410/3410/3402 3408/3408/3400 3409/3409/3401
f 3377/3377/3369 3376/3376/3368 3395/3395/3387
f 3407/3407/3399 3411/3411/3403 3409/3409/3401
f 3386/3386/3378 3411/3411/3403 3407/3407/3399
f 3384/3384/3376 3386/3386/3378 3407/3407/3399
f 3405/3405/3397 3384/3384/3376 3407/3407/3399
f 3382/3382/3374 3384/3384/3376 3405/3405/3397
f 3403/3403/3395 3382/3382/3374 3405/3405/3397
f 3380/3380/3372 3382/3382/3374 3403/3403/3395
f 3401/3401/3393 3380/3380/3372 3403/3403/3395
f 3378/3378/3370 3380/3380/3372 3401/3401/3393
f 3399/3399/3391 3378/3378/3370 3401/3401/3393
f 3376/3376/3368 3378/3378/3370 3399/3399/3391
f 3388/3388/3380 3411/3411/3403 3386/3386/3378
o Mesh-012_MeshData-012.001
v -0.022486 15.630432 0.432026
v -0.048704 15.640870 0.459579
v -0.042956 15.632608 0.433592
v -0.079574 15.632101 0.424000
v -0.090371 15.638470 0.438466
v -0.106241 15.661955 0.456499
v -0.058137 15.662775 0.483473
v -0.020494 15.636572 0.466772
v -0.000556 15.628166 0.432686
v -0.133262 15.638880 0.420775
v -0.122654 15.631406 0.410105
v -0.152344 15.655279 0.419727
v -0.108200 15.686370 0.446775
v -0.052211 15.692404 0.475099
v -0.026362 15.664040 0.494611
v -0.000556 15.635019 0.468473
v 0.021375 15.630452 0.432025
v -0.155307 15.675647 0.409188
v -0.146517 15.747787 0.404030
v 0.173932 16.274679 0.328745
v 0.181425 16.250082 0.320371
v 0.222853 16.274900 0.329667
v 0.174162 16.227406 0.310633
v 0.163976 16.228548 0.317805
v 0.186931 16.213743 0.312858
v 0.173260 16.203644 0.317107
v 0.211502 16.217340 0.325607
v 0.188987 16.195499 0.322258
v 0.232730 16.218254 0.325766
v 0.219023 16.188475 0.331374
v 0.257042 16.220020 0.339619
v 0.269377 16.185944 0.334835
v 0.306157 16.219664 0.334478
v 0.313940 16.183210 0.329931
v 0.325339 16.218796 0.331956
v 0.351587 16.220512 0.322963
v 0.364927 16.185871 0.311446
v 0.375403 16.222622 0.305663
v 0.416450 16.200884 0.275237
v 0.399211 16.233070 0.279436
v 0.443341 16.244740 0.238759
v 0.416445 16.249264 0.258684
v 0.456809 16.271130 0.225667
v 0.424628 16.260702 0.251005
v 0.413738 16.272190 0.266167
v 0.432951 16.274191 0.256125
v 0.399798 16.285704 0.300265
v 0.402964 16.288521 0.294661
v 0.373273 16.295391 0.328668
v 0.374180 16.297241 0.326444
v 0.317938 16.300390 0.341838
v 0.318532 16.301905 0.341962
v 0.266195 16.298950 0.345845
v 0.265559 16.300879 0.347989
v 0.216744 16.289934 0.334585
v 0.214103 16.296286 0.339936
v 0.166173 16.280243 0.332861
v 0.149985 16.231247 0.326123
v 0.151800 16.199154 0.328550
v 0.164711 16.181393 0.327857
v 0.194746 16.144928 0.338170
v 0.269534 16.139635 0.339023
v 0.261209 16.078268 0.351295
v 0.358667 16.073746 0.332647
v 0.358507 15.985847 0.337345
v 0.460923 15.989350 0.297207
v 0.454978 15.899482 0.290391
v 0.519359 15.914086 0.206620
v 0.499621 15.814187 0.206475
v 0.556076 15.871594 0.094897
v 0.518871 15.774194 0.107401
v 0.557002 15.807767 -0.038488
v 0.496256 15.666069 0.029009
v 0.530756 15.656269 -0.113861
v 0.486753 15.610984 -0.007176
v 0.461123 15.524900 -0.051408
v 0.408773 15.472984 0.073864
v 0.379127 15.403961 0.045354
v 0.343549 15.431698 0.179073
v 0.290187 15.326509 0.226193
v 0.283952 15.418543 0.265927
v 0.211257 15.307639 0.325267
v 0.161042 15.362157 0.364711
v 0.128736 15.294029 0.364729
v 0.102469 15.368562 0.386495
v 0.060649 15.291497 0.383639
v -0.002632 15.367386 0.408733
v -0.000505 15.290773 0.385671
v -0.061658 15.291497 0.383639
v -0.000505 15.257410 0.342175
v -0.064166 15.259266 0.336666
v -0.000505 15.244329 0.273043
v -0.090911 15.253428 0.251674
v -0.000505 15.275571 0.110768
v -0.209085 15.296153 0.159172
v -0.177957 15.355115 -0.079689
v -0.302598 15.367943 0.034373
v -0.388144 15.417467 -0.105011
v -0.380137 15.403961 0.045354
v -0.432963 15.453330 -0.081506
v -0.409782 15.472984 0.073864
v -0.462133 15.524900 -0.051408
v -0.435814 15.553709 0.100041
v -0.487763 15.610984 -0.007176
v -0.497266 15.666069 0.029009
v -0.531765 15.656269 -0.113861
v -0.558011 15.807767 -0.038488
v -0.573186 15.732226 -0.229612
v -0.596218 15.890285 -0.145799
v -0.603471 15.761231 -0.389063
v -0.659488 15.992092 -0.402643
v -0.633158 16.104288 -0.081864
v -0.666898 16.201777 -0.244184
v -0.632833 16.182688 -0.061214
v -0.634383 16.289440 -0.073270
v -0.581230 16.261711 0.096970
v -0.591914 16.287521 0.099307
v -0.491823 16.275446 0.217468
v -0.524305 16.303888 0.210665
v -0.427867 16.316568 0.303568
v -0.439255 16.330309 0.304388
v -0.398149 16.343102 0.332572
v -0.466846 16.363726 0.298489
v -0.412397 16.373444 0.340279
v -0.483445 16.425579 0.286571
v -0.432835 16.438969 0.332711
v -0.427281 16.546867 0.321223
v -0.366973 16.453341 0.369711
v -0.295049 16.534636 0.391897
v -0.293461 16.448948 0.397433
v -0.201072 16.442604 0.420239
v -0.203816 16.380182 0.401933
v -0.119346 16.377584 0.427630
v -0.115337 16.354004 0.411583
v -0.090845 16.355362 0.430844
v -0.063578 16.303972 0.416038
v -0.068572 16.369188 0.446399
v -0.029897 16.298885 0.429889
v -0.026928 16.357542 0.454173
v -0.000556 16.296719 0.437521
v -0.000471 16.355350 0.457317
v 0.025817 16.357542 0.454173
v -0.000471 16.437649 0.461548
v 0.052803 16.416691 0.456539
v 0.142091 16.499275 0.444327
v 0.108891 16.426928 0.428543
v 0.199961 16.442604 0.420239
v 0.118234 16.377584 0.427630
v 0.202711 16.380194 0.401933
v 0.114226 16.354004 0.411583
v 0.144094 16.345867 0.379626
v 0.100480 16.302298 0.369510
v 0.126634 16.274263 0.343074
v 0.123139 16.242304 0.335176
v 0.125251 16.199455 0.328649
v 0.132714 16.164330 0.331458
v 0.094318 16.181181 0.364409
v 0.092325 16.122278 0.385277
v 0.057809 16.139864 0.465649
v 0.047027 16.043226 0.503008
v 0.026233 16.144718 0.491280
v 0.018050 16.047459 0.540125
v -0.000624 16.050234 0.547384
v -0.000624 15.971929 0.592167
v -0.019297 16.047459 0.540125
v -0.024862 15.965589 0.589165
v -0.061728 15.953969 0.543855
v -0.041910 15.921600 0.633856
v -0.073103 15.896477 0.577518
v -0.070954 15.861149 0.576676
v -0.141620 15.877199 0.466582
v -0.126248 15.851816 0.477797
v -0.144950 15.855453 0.406147
v -0.126182 15.823745 0.420244
v -0.169855 15.840469 0.381428
v -0.133328 15.809165 0.403637
v -0.096044 15.792795 0.438668
v -0.041927 15.718119 0.471920
v -0.000560 15.694052 0.486934
v -0.000556 15.658576 0.494104
v 0.019383 15.636702 0.466769
v 0.041844 15.632608 0.433592
v 0.047593 15.640870 0.459579
v 0.089260 15.638470 0.438466
v 0.057026 15.662775 0.483473
v 0.105129 15.661955 0.456499
v 0.107088 15.686360 0.446775
v 0.151232 15.655279 0.419727
v 0.154195 15.675647 0.409189
v 0.197426 15.649615 0.367974
v 0.200551 15.750768 0.366907
v 0.248441 15.676144 0.335799
v 0.260001 15.747331 0.342370
v 0.322878 15.741736 0.316660
v 0.333561 15.882944 0.328199
v 0.399746 15.734619 0.274903
v 0.449083 15.692682 0.205830
v 0.473690 15.681283 0.117736
v 0.412924 15.604465 0.201684
v 0.374908 15.514420 0.191402
v 0.326757 15.517229 0.255809
v 0.193462 15.432634 0.338600
v 0.131832 15.442393 0.363219
v 0.075735 15.447380 0.377111
v -0.001245 15.450426 0.395465
v -0.076798 15.447380 0.377111
v -0.000670 15.499146 0.393550
v -0.080222 15.503082 0.381490
v -0.042329 15.538148 0.406438
v -0.089410 15.542082 0.390690
v -0.095992 15.565241 0.409338
v -0.141214 15.549706 0.365603
v -0.141892 15.569551 0.391696
v -0.186325 15.576947 0.362316
v -0.176652 15.591487 0.368746
v -0.209836 15.583956 0.343644
v -0.205641 15.600569 0.344433
v -0.225639 15.592379 0.333507
v -0.206828 15.610502 0.327695
v -0.217443 15.609239 0.304581
v -0.227110 15.613143 0.336945
v -0.211962 15.610940 0.330647
v -0.214176 15.621883 0.347425
v -0.174614 15.627777 0.349737
v -0.177213 15.626508 0.372307
v -0.183288 15.629120 0.373232
v -0.192363 15.637156 0.376983
v -0.198537 15.649615 0.367974
v -0.201663 15.750777 0.366902
v -0.212568 15.874171 0.364385
v -0.172725 15.924325 0.381572
v -0.168527 16.006266 0.381546
v -0.128480 15.945543 0.402906
v -0.114653 16.034567 0.400742
v -0.096881 15.952674 0.461965
v -0.048274 16.043226 0.503008
v -0.059056 16.139864 0.465649
v -0.027480 16.144718 0.491280
v -0.027345 16.193272 0.464923
v -0.000624 16.194782 0.478070
v -0.000558 16.244923 0.436566
v 0.022618 16.241957 0.430611
v 0.028786 16.298885 0.429889
v 0.067460 16.369188 0.446399
v 0.089734 16.355362 0.430844
v 0.083449 16.306459 0.388491
v 0.070091 16.237333 0.379746
v 0.089204 16.246113 0.360115
v 0.049529 16.235975 0.404993
v 0.062467 16.303972 0.416038
v 0.026097 16.193272 0.464923
v 0.055490 16.191301 0.437602
v -0.000624 16.148357 0.501440
v -0.053914 16.416691 0.456539
v 0.535916 16.718573 0.153162
v 0.667922 16.715170 -0.079028
v 0.520209 16.932783 0.132687
v 0.395364 16.730589 0.290152
v 0.426170 16.546867 0.321223
v 0.293938 16.534636 0.391897
v 0.365865 16.453341 0.369712
v 0.292352 16.448948 0.397433
v 0.279757 16.380657 0.385413
v 0.202677 16.349703 0.374868
v 0.148695 16.313871 0.351457
v 0.158175 16.291447 0.338776
v 0.211815 16.307360 0.348302
v 0.267836 16.304152 0.349748
v 0.318547 16.305040 0.345290
v 0.376772 16.299547 0.329394
v 0.409753 16.293304 0.298825
v 0.446032 16.274975 0.240383
v 0.491207 16.253222 0.209657
v 0.485986 16.203918 0.204690
v 0.580188 16.261751 0.096968
v 0.576976 16.200182 0.087438
v 0.631824 16.182688 -0.061214
v 0.576734 16.102997 0.087487
v 0.632149 16.104288 -0.081864
v 0.576093 15.995159 0.091034
v 0.595209 15.890285 -0.145799
v 0.572177 15.732226 -0.229612
v 0.567051 15.611994 -0.373479
v 0.540689 15.558137 -0.344922
v 0.555470 15.607396 -0.400285
v 0.515842 15.542525 -0.359388
v 0.488434 15.591871 -0.428960
v 0.460436 15.516467 -0.364366
v 0.498230 15.443658 -0.423488
v 0.319385 15.425418 -0.197799
v 0.376499 15.307060 -0.254580
v 0.195196 15.271979 -0.143017
v 0.224676 15.167688 -0.188200
v 0.000203 15.255336 -0.088733
v 0.000217 15.150367 -0.141752
v -0.224238 15.167688 -0.188200
v -0.194786 15.271979 -0.143017
v -0.380264 15.194039 -0.309808
v -0.376079 15.307060 -0.254580
v -0.494014 15.361011 -0.466594
v -0.497818 15.443658 -0.423488
v -0.520970 15.433099 -0.704834
v -0.516056 15.534049 -0.668083
v -0.429414 15.485030 -0.919908
v -0.451819 15.733773 -0.911588
v -0.233035 15.747958 -1.051012
v -0.478222 15.957190 -0.964135
v -0.269236 15.986225 -1.135903
v -0.568684 16.189781 -1.106153
v -0.319923 16.251213 -1.310618
v -0.645405 16.526701 -1.182346
v -0.385590 16.574341 -1.390293
v -0.646203 16.896254 -1.139218
v -0.386392 16.961010 -1.335586
v -0.500347 17.174669 -1.051632
v -0.290462 17.195690 -1.212957
v -0.373139 17.320431 -0.934509
v -0.000465 17.312246 -1.093998
v -0.237411 17.397921 -0.799036
v -0.000465 17.420277 -0.849809
v -0.000465 17.445118 -0.453211
v 0.236481 17.397921 -0.799036
v 0.288828 17.404610 -0.457155
v 0.432168 17.330322 -0.703350
v 0.464197 17.332674 -0.457396
v 0.605107 17.181219 -0.443132
v 0.522310 17.183367 -0.138834
v 0.635834 16.988104 -0.099603
v 0.353981 17.195528 0.143120
v 0.385285 16.939505 0.250867
v 0.216772 16.945498 0.327389
v 0.222534 16.717653 0.395905
v -0.000487 16.756380 0.434630
v -0.000402 16.510410 0.455967
v -0.143202 16.499275 0.444327
v -0.110002 16.426928 0.428543
v -0.223521 16.717653 0.395905
v -0.396352 16.730589 0.290152
v -0.386224 16.939505 0.250867
v -0.536914 16.718563 0.153162
v -0.521153 16.932783 0.132687
v -0.636556 16.988064 -0.099594
v -0.523028 17.183327 -0.138825
v -0.605708 17.181170 -0.443119
v -0.464855 17.332636 -0.457385
v -0.433099 17.330322 -0.703350
v -0.289758 17.404610 -0.457155
v -0.240939 17.390097 -0.339248
v -0.135773 17.410067 -0.188617
v -0.396637 17.345337 -0.233297
v -0.255498 17.327309 -0.008804
v -0.354911 17.195528 0.143120
v -0.217706 16.945498 0.327389
v -0.000466 16.941196 0.387835
v -0.000465 17.188467 0.278237
v 0.254569 17.327309 -0.008804
v 0.395707 17.345337 -0.233297
v 0.240009 17.390097 -0.339248
v 0.134843 17.410067 -0.188617
v -0.000465 17.417036 -0.153800
v -0.000465 17.326323 0.079615
v -0.261119 15.747320 0.342347
v -0.264749 15.885690 0.353534
v -0.334672 15.882899 0.328377
v -0.240665 15.597699 0.328627
v -0.241137 15.625057 0.337846
v -0.259557 15.636153 0.325656
v -0.265967 15.589767 0.317549
v -0.368773 15.661059 0.269126
v -0.249591 15.676132 0.335757
v -0.324000 15.741736 0.316660
v -0.400817 15.734619 0.274903
v -0.456008 15.899485 0.290524
v -0.500630 15.814187 0.206475
v -0.520368 15.914086 0.206620
v -0.557085 15.871594 0.094897
v -0.577102 15.995159 0.091034
v -0.519880 15.774194 0.107401
v -0.474699 15.681283 0.117736
v -0.375961 15.514420 0.191402
v -0.344558 15.431698 0.179073
v -0.450125 15.692682 0.205830
v -0.353869 15.606201 0.267672
v -0.413980 15.604465 0.201684
v -0.327869 15.517229 0.255809
v -0.285000 15.418543 0.265927
v -0.194518 15.432604 0.338605
v -0.162051 15.362157 0.364711
v -0.212266 15.307629 0.325267
v -0.129745 15.294029 0.364729
v -0.127827 15.272137 0.332648
v -0.291196 15.326509 0.226193
v -0.103480 15.368562 0.386495
v -0.132882 15.442403 0.363218
v -0.232676 15.529256 0.319058
v -0.246112 15.563293 0.316342
v -0.230018 15.643903 0.348932
v -0.267163 15.990809 0.361164
v -0.359618 15.985896 0.339482
v -0.462084 15.989383 0.297766
v -0.528514 16.016098 0.201973
v -0.577767 16.102997 0.087487
v -0.578013 16.200182 0.087439
v -0.487089 16.204760 0.204698
v -0.492277 16.252985 0.209670
v -0.444424 16.244699 0.238759
v -0.457894 16.270990 0.225643
v -0.425699 16.260683 0.251002
v -0.433951 16.276619 0.256004
v -0.414995 16.273176 0.265963
v -0.394607 16.281054 0.290975
v -0.400891 16.285704 0.300270
v -0.368282 16.289503 0.325257
v -0.374354 16.295401 0.328669
v -0.319018 16.300390 0.341839
v -0.319613 16.301914 0.341963
v -0.266641 16.300890 0.347990
v -0.268918 16.304152 0.349748
v -0.212900 16.307360 0.348303
v -0.207361 16.331102 0.362313
v -0.159270 16.291447 0.338780
v -0.149800 16.313862 0.351463
v -0.127741 16.274254 0.343080
v -0.101590 16.302298 0.369510
v -0.090331 16.246113 0.360115
v -0.083699 16.306459 0.388491
v -0.069041 16.237333 0.379745
v -0.050520 16.235975 0.404993
v -0.023745 16.241957 0.430611
v -0.056737 16.191301 0.437602
v -0.095565 16.181181 0.364408
v -0.093573 16.122278 0.385277
v -0.133752 16.164280 0.331451
v -0.156182 16.100368 0.360302
v -0.195837 16.144928 0.338171
v -0.262357 16.078259 0.351345
v -0.270618 16.139635 0.339023
v -0.360227 16.073708 0.334541
v -0.358202 16.135818 0.323335
v -0.457292 16.079237 0.283264
v -0.436914 16.145754 0.279731
v -0.529469 16.081217 0.198098
v -0.518091 16.144405 0.192410
v -0.417532 16.200884 0.275236
v -0.400290 16.233070 0.279436
v -0.417524 16.249254 0.258684
v -0.376483 16.222622 0.305663
v -0.366004 16.185871 0.311460
v -0.352669 16.220512 0.322963
v -0.315025 16.183220 0.329939
v -0.326418 16.218796 0.331956
v -0.307242 16.219664 0.334479
v -0.270456 16.185944 0.334835
v -0.258121 16.220020 0.339619
v -0.220103 16.188484 0.331373
v -0.233809 16.218254 0.325765
v -0.190070 16.195499 0.322259
v -0.212583 16.217350 0.325607
v -0.188026 16.213923 0.312859
v -0.174341 16.203644 0.317107
v -0.165062 16.228647 0.317807
v -0.151073 16.231247 0.326125
v -0.175017 16.274689 0.328745
v -0.167262 16.280243 0.332863
v -0.217826 16.289934 0.334586
v -0.215185 16.296286 0.339937
v -0.267277 16.298950 0.345846
v -0.317658 16.292086 0.334681
v -0.175249 16.227516 0.310639
v -0.182505 16.250082 0.320371
v -0.223931 16.274920 0.329666
v -0.268775 16.288931 0.336220
v -0.165800 16.181393 0.327858
v -0.152894 16.199154 0.328553
v -0.121444 16.200695 0.327703
v -0.124243 16.242294 0.335183
v -0.292417 15.372296 -1.056937
v -0.227636 15.501770 -1.037904
v 0.000456 15.512438 -1.122427
v 0.000456 15.373214 -1.145318
v 0.293328 15.372296 -1.056937
v -0.561194 15.295529 -0.776136
v -0.497206 15.242025 -0.541818
v 0.380720 15.194039 -0.309808
v 0.494450 15.361011 -0.466594
v 0.497682 15.242025 -0.541818
v 0.521840 15.433099 -0.704834
v 0.562100 15.295529 -0.776136
v 0.430868 15.485030 -0.919908
v 0.228973 15.501770 -1.037904
v 0.000456 15.772476 -1.135625
v -0.000462 15.981430 -1.195588
v -0.000462 16.246023 -1.398871
v -0.000465 16.589497 -1.491743
v 0.384660 16.574341 -1.390293
v 0.385463 16.961010 -1.335586
v 0.644481 16.526701 -1.182346
v 0.645272 16.896254 -1.139218
v 0.769940 16.495319 -0.856402
v 0.779640 16.752939 -0.833291
v 0.739394 16.421541 -0.562384
v 0.747092 16.681028 -0.456165
v 0.697334 16.233858 -0.427184
v 0.649768 16.582575 -0.057497
v 0.525529 16.561317 0.190827
v 0.482332 16.425570 0.286575
v 0.431726 16.438959 0.332714
v 0.465746 16.363823 0.298488
v 0.411297 16.373432 0.340282
v 0.397064 16.343102 0.332573
v 0.331792 16.358080 0.350426
v 0.330709 16.344337 0.346570
v 0.271156 16.339872 0.362210
v 0.206268 16.331102 0.362311
v 0.275632 16.357702 0.369914
v 0.337330 16.378784 0.372851
v 0.523133 16.303843 0.213522
v 0.590877 16.287561 0.099305
v 0.588781 16.326885 0.118859
v 0.537710 16.340099 0.218267
v 0.540908 16.382252 0.212515
v 0.633374 16.289440 -0.073270
v 0.665888 16.201777 -0.244184
v 0.658479 15.992092 -0.402643
v 0.674665 16.068012 -0.613981
v 0.653965 16.162760 -0.820385
v 0.620958 15.933615 -0.577501
v 0.567760 16.189781 -1.106153
v 0.565896 15.926452 -0.747890
v 0.600567 15.799612 -0.520050
v 0.567702 15.747137 -0.549250
v 0.572324 15.747768 -0.440610
v 0.516899 15.534049 -0.668083
v 0.453262 15.733773 -0.911588
v 0.234373 15.747958 -1.051012
v 0.258160 15.986225 -1.135903
v 0.319000 16.251213 -1.310618
v 0.466513 15.957190 -0.964135
v 0.546788 15.705284 -0.674660
v 0.602461 15.761231 -0.389063
v 0.490698 16.275665 0.217467
v 0.438134 16.330101 0.304409
v 0.388687 16.327110 0.329139
v 0.426743 16.316479 0.303569
v 0.455533 16.275021 0.239801
v 0.143703 15.855453 0.406147
v 0.125000 15.851816 0.477797
v 0.124935 15.823745 0.420244
v 0.132081 15.809165 0.403637
v 0.168608 15.840469 0.381428
v 0.095653 15.809392 0.443624
v 0.054464 15.838231 0.554980
v 0.025251 15.664040 0.494611
v 0.051099 15.692404 0.475099
v 0.040803 15.718119 0.471920
v -0.000589 15.721781 0.482140
v -0.054737 15.804971 0.470600
v -0.096901 15.809402 0.443624
v -0.055711 15.838231 0.554980
v -0.001218 15.837851 0.615424
v -0.041318 15.868332 0.636338
v -0.000678 15.866348 0.645430
v -0.000643 15.919781 0.642273
v 0.040063 15.868332 0.636338
v 0.040663 15.921600 0.633856
v 0.069706 15.861149 0.576676
v 0.071856 15.896477 0.577518
v 0.140372 15.877199 0.466582
v 0.135153 15.918777 0.462035
v 0.140114 15.893280 0.395848
v 0.127222 15.945533 0.402906
v 0.171478 15.924325 0.381572
v 0.167409 16.006266 0.381546
v 0.211321 15.874171 0.364385
v 0.266051 15.990807 0.361048
v 0.263625 15.885690 0.353534
v 0.145366 15.747787 0.404033
v 0.094797 15.792786 0.438668
v 0.053490 15.804971 0.470600
v -0.000773 15.801128 0.531851
v -0.000887 15.818861 0.580796
v -0.000624 15.773247 0.485796
v 0.267696 16.288919 0.336221
v 0.316576 16.292076 0.334682
v 0.367200 16.289492 0.325258
v 0.393523 16.281044 0.290971
v 0.208076 15.296153 0.159172
v 0.126818 15.272137 0.332648
v 0.089901 15.253428 0.251674
v 0.063157 15.259266 0.336666
v 0.301589 15.367943 0.034373
v -0.467548 15.476897 -0.227950
v -0.319342 15.425418 -0.197799
v 0.000022 15.323773 -0.034909
v 0.178000 15.355115 -0.079689
v 0.387134 15.417467 -0.105011
v 0.466538 15.476897 -0.227950
v 0.492884 15.498501 -0.211715
v 0.431954 15.453330 -0.081506
v 0.140103 15.549706 0.365603
v 0.183969 15.561478 0.342197
v 0.140781 15.569551 0.391696
v 0.140061 15.593557 0.398729
v 0.092564 15.615478 0.413494
v 0.097723 15.591379 0.422222
v 0.185214 15.576968 0.362338
v 0.208724 15.583967 0.343667
v 0.245001 15.563303 0.316365
v 0.231782 15.529100 0.319263
v 0.143221 15.509090 0.358795
v 0.088299 15.542082 0.390690
v 0.094880 15.565241 0.409338
v 0.043764 15.587625 0.438366
v 0.042474 15.613687 0.430698
v 0.073999 15.623525 0.402681
v 0.111777 15.621912 0.381414
v 0.120247 15.616998 0.393203
v 0.167557 15.609981 0.361663
v 0.175540 15.591507 0.368768
v 0.204530 15.600450 0.344458
v 0.224528 15.592330 0.333531
v 0.216331 15.609268 0.305405
v 0.206018 15.610129 0.327986
v 0.160378 15.614240 0.356260
v 0.037190 15.619451 0.405633
v 0.046227 15.560630 0.431408
v 0.041218 15.537957 0.406443
v 0.079110 15.503082 0.381490
v 0.078462 15.632101 0.424000
v 0.121543 15.631406 0.410105
v 0.132151 15.638880 0.420775
v 0.182177 15.629109 0.373233
v 0.176102 15.626498 0.372307
v 0.213065 15.618090 0.347307
v 0.210851 15.612358 0.331038
v 0.225999 15.613163 0.336968
v 0.239554 15.597691 0.328650
v 0.264856 15.589767 0.317572
v -0.000556 15.540820 0.410050
v -0.000556 15.561683 0.442545
v -0.000556 15.583284 0.446349
v -0.000556 15.610104 0.436333
v -0.000556 15.617448 0.417901
v -0.043586 15.613687 0.430698
v -0.038301 15.619451 0.405633
v -0.093675 15.615478 0.413494
v -0.075110 15.623525 0.402681
v -0.112889 15.621912 0.381414
v -0.121359 15.616998 0.393203
v -0.161489 15.614070 0.356242
v -0.168669 15.609961 0.361641
v -0.141173 15.593557 0.398729
v -0.098835 15.591379 0.422222
v -0.047338 15.560889 0.431402
v -0.044875 15.587654 0.438366
v 0.456167 16.079216 0.282731
v 0.527494 16.016098 0.201973
v 0.528392 16.081217 0.198098
v 0.435820 16.145752 0.279698
v 0.357137 16.135832 0.322604
v 0.516959 16.144171 0.192612
v -0.526641 16.561317 0.190827
v -0.693184 16.987942 -0.441695
v -0.668886 16.715170 -0.079026
v -0.650777 16.582575 -0.057497
v -0.542026 16.382282 0.212497
v -0.538858 16.340397 0.218182
v -0.589112 16.326307 0.118976
v -0.698344 16.233858 -0.427184
v -0.748098 16.681038 -0.456168
v -0.740387 16.421541 -0.562384
v -0.675674 16.068012 -0.613981
v -0.493893 15.498501 -0.211715
v -0.516852 15.542525 -0.359388
v -0.460392 15.516467 -0.364366
v -0.488391 15.591871 -0.428960
v -0.545972 15.705284 -0.674660
v -0.567534 15.747137 -0.549250
v -0.565820 15.926452 -0.747890
v -0.601307 15.799612 -0.520050
v -0.621967 15.933615 -0.577501
v -0.654941 16.162760 -0.820385
v -0.770885 16.495319 -0.856402
v -0.780594 16.752939 -0.833292
v -0.724702 16.973537 -0.819091
v -0.612611 17.166878 -0.776263
v -0.338430 16.378784 0.372850
v -0.332877 16.358080 0.350426
v -0.280861 16.380657 0.385413
v -0.277026 16.355844 0.370081
v -0.203781 16.349693 0.374870
v -0.145204 16.345867 0.379626
v -0.272242 16.339872 0.362210
v -0.331810 16.344349 0.346579
v -0.389770 16.327120 0.329138
v -0.377852 16.299559 0.329395
v -0.410849 16.293343 0.298831
v -0.404057 16.288540 0.294667
v -0.455200 16.277916 0.240368
v -0.446755 16.281061 0.240151
v -0.375261 16.297241 0.326444
v -0.319627 16.305050 0.345290
v 0.434804 15.553709 0.100041
v -0.000465 16.972506 -1.425473
v 0.696700 16.987963 -0.441692
v 0.723742 16.973528 -0.819089
v 0.499415 17.174669 -1.051632
v 0.289532 17.195690 -1.212957
v -0.000465 17.181574 -1.279737
v 0.372209 17.320431 -0.934509
v 0.611812 17.166897 -0.776268
v 0.155072 16.100368 0.360302
v 0.113406 16.034567 0.400742
v 0.095634 15.952674 0.461965
v 0.060481 15.953969 0.543855
v 0.023615 15.965589 0.589165
v 0.227405 15.643603 0.348981
v 0.191251 15.637156 0.376983
v 0.240026 15.624997 0.337871
v 0.258446 15.636164 0.325678
v 0.367655 15.661068 0.269126
v 0.352757 15.606201 0.267672
v -0.144332 15.509079 0.358773
v -0.184577 15.561808 0.341749
v -0.556479 15.607396 -0.400285
v -0.573334 15.747768 -0.440610
v -0.568060 15.611994 -0.373479
v -0.541698 15.558137 -0.344922
v -0.136400 15.918777 0.462035
v -0.141361 15.893280 0.395848
v 0.173503 15.627786 0.349760
v -0.573334 15.747768 -0.440610
v -0.603471 15.761231 -0.389063
v -0.673754 15.786376 -0.491045
v -0.832088 16.203278 -0.598055
v -0.770111 16.257582 -0.536302
v -0.756569 16.268019 -0.548919
v -0.759468 16.068491 -0.587167
v -0.859894 16.095150 -0.616626
v -0.838840 16.006578 -0.601178
v -0.866828 16.098812 -0.649173
v -0.847874 15.997404 -0.636494
v -0.814668 15.993979 -0.642898
v -0.761447 15.866356 -0.565238
v -0.744197 15.884090 -0.582009
v -0.650163 15.799994 -0.506717
v -0.601307 15.799612 -0.520050
v -0.621967 15.933615 -0.577501
v -0.675674 16.068012 -0.613981
v -0.829616 16.092327 -0.652429
v -0.800130 16.204626 -0.626832
v -0.835913 16.207365 -0.627877
v -0.736476 16.259577 -0.544902
v -0.698344 16.233858 -0.427184
v -0.677431 15.933628 -0.494363
v -0.743499 15.879958 -0.520697
v -0.671700 15.816756 -0.448576
v -0.659488 15.992092 -0.402643
v -0.075705 15.523050 -0.134346
v -0.092821 15.533128 -0.009684
v -0.092714 15.610247 -0.222434
v -0.000515 15.510384 0.018648
v -0.000556 15.506850 -0.130627
v 0.074593 15.523050 -0.134346
v 0.091795 15.533128 -0.009684
v 0.091602 15.610247 -0.222434
v 0.120312 15.603123 -0.045981
v 0.058780 15.619017 -0.068052
v -0.000515 15.625216 -0.094153
v -0.000556 15.625045 -0.201928
v -0.059815 15.619017 -0.068052
v -0.121322 15.603123 -0.045981
v -0.127239 15.570795 0.111573
v -0.055291 15.529362 0.230207
v -0.000556 15.505345 0.212079
v -0.000556 15.518541 0.241277
v -0.110712 15.534309 0.185861
v -0.103067 15.555267 0.200576
v -0.118629 15.564570 0.165384
v -0.115255 15.593471 0.151741
v -0.118167 15.601991 0.042645
v -0.068640 15.632299 0.049328
v -0.000536 15.638341 0.043119
v 0.067528 15.632299 0.049328
v 0.117083 15.601991 0.042644
v 0.126128 15.570795 0.111573
v 0.087035 15.553403 0.128905
v -0.000556 15.530078 0.140017
v -0.088147 15.553403 0.128905
v 0.109601 15.534309 0.185861
v 0.117517 15.564570 0.165384
v 0.101956 15.555267 0.200576
v 0.114144 15.593471 0.151741
v 0.063288 15.576065 0.203779
v 0.067612 15.613518 0.140795
v -0.000556 15.615312 0.168299
v -0.068724 15.613518 0.140795
v -0.064400 15.576065 0.203779
v -0.049231 15.560195 0.228234
v -0.000556 15.540728 0.241791
v 0.054179 15.529362 0.230207
v 0.048120 15.560195 0.228234
v -0.000556 15.576152 0.219944
v 0.649244 15.799994 -0.506717
v 0.600567 15.799612 -0.520050
v 0.620958 15.933615 -0.577501
v 0.572324 15.747768 -0.440610
v 0.672744 15.786376 -0.491045
v 0.602461 15.761231 -0.389063
v 0.742489 15.879958 -0.520697
v 0.676422 15.933628 -0.494363
v 0.670690 15.816756 -0.448576
v 0.758458 16.068491 -0.587167
v 0.837831 16.006578 -0.601178
v 0.858884 16.095150 -0.616626
v 0.846864 15.997404 -0.636494
v 0.865817 16.098812 -0.649173
v 0.828605 16.092327 -0.652429
v 0.799120 16.204626 -0.626832
v 0.674665 16.068012 -0.613981
v 0.735467 16.259577 -0.544902
v 0.697334 16.233858 -0.427184
v 0.755560 16.268019 -0.548919
v 0.769102 16.257582 -0.536302
v 0.834902 16.207365 -0.627877
v 0.831078 16.203278 -0.598055
v 0.658479 15.992092 -0.402643
v 0.760437 15.866356 -0.565238
v 0.743188 15.884090 -0.582009
v 0.813659 15.993979 -0.642898
vt 0.016100 0.188000
vt 0.023500 0.192400
vt 0.022800 0.188000
vt 0.034100 0.187000
vt 0.033800 0.191400
vt 0.034400 0.199200
vt 0.025100 0.200200
vt 0.016200 0.192400
vt 0.005200 0.187000
vt 0.047700 0.188500
vt 0.048000 0.186500
vt 0.046000 0.197800
vt 0.033100 0.204100
vt 0.016900 0.205600
vt 0.017000 0.200200
vt 0.005200 0.191400
vt 0.016100 0.188000
vt 0.044500 0.201700
vt 0.057700 0.216800
vt 0.115400 0.297900
vt 0.120200 0.294900
vt 0.136400 0.290000
vt 0.113200 0.293900
vt 0.098000 0.297400
vt 0.112100 0.292000
vt 0.090400 0.293500
vt 0.116800 0.288600
vt 0.099200 0.286600
vt 0.125500 0.286100
vt 0.118100 0.278300
vt 0.136600 0.284700
vt 0.139900 0.273900
vt 0.150300 0.282200
vt 0.161300 0.272500
vt 0.168100 0.281700
vt 0.189300 0.282200
vt 0.199100 0.274400
vt 0.198100 0.283200
vt 0.221900 0.279300
vt 0.214100 0.283700
vt 0.246000 0.290500
vt 0.229200 0.290500
vt 0.249600 0.302200
vt 0.229400 0.293500
vt 0.222900 0.293900
vt 0.232100 0.299800
vt 0.216200 0.298300
vt 0.216800 0.300300
vt 0.188600 0.297400
vt 0.189100 0.299300
vt 0.162400 0.297400
vt 0.163800 0.299300
vt 0.143900 0.297400
vt 0.143400 0.299300
vt 0.129900 0.297400
vt 0.127000 0.299800
vt 0.109700 0.300800
vt 0.088400 0.298800
vt 0.080200 0.290000
vt 0.087700 0.281700
vt 0.108900 0.271500
vt 0.144700 0.265100
vt 0.130400 0.257800
vt 0.171300 0.253400
vt 0.153600 0.243700
vt 0.202800 0.242200
vt 0.185700 0.226100
vt 0.230200 0.234400
vt 0.206900 0.214400
vt 0.256800 0.230500
vt 0.241100 0.213400
vt 0.289800 0.225100
vt 0.249000 0.193400
vt 0.287600 0.179200
vt 0.231900 0.174300
vt 0.219600 0.160600
vt 0.161500 0.154800
vt 0.147800 0.135300
vt 0.120100 0.145000
vt 0.086200 0.124000
vt 0.082900 0.131800
vt 0.061400 0.119600
vt 0.057500 0.137200
vt 0.036500 0.115700
vt 0.022900 0.133800
vt 0.016300 0.114300
vt 0.005000 0.132800
vt 0.004200 0.113800
vt 0.016300 0.114300
vt 0.003800 0.106000
vt 0.015100 0.107900
vt 0.004100 0.101100
vt 0.020600 0.101100
vt 0.003500 0.082000
vt 0.085400 0.116700
vt 0.098700 0.095700
vt 0.149000 0.127400
vt 0.219800 0.138200
vt 0.147800 0.135300
vt 0.214800 0.146000
vt 0.161500 0.154800
vt 0.219600 0.160600
vt 0.169800 0.167000
vt 0.231900 0.174300
vt 0.249000 0.193400
vt 0.287600 0.179200
vt 0.289800 0.225100
vt 0.351300 0.201700
vt 0.312500 0.248000
vt 0.429900 0.208500
vt 0.448000 0.271000
vt 0.328100 0.279800
vt 0.393100 0.301800
vt 0.331100 0.300800
vt 0.346400 0.335000
vt 0.286100 0.305200
vt 0.286400 0.323700
vt 0.251200 0.320300
vt 0.258300 0.331500
vt 0.216300 0.320300
vt 0.214500 0.332500
vt 0.188700 0.334000
vt 0.208400 0.345200
vt 0.184300 0.345200
vt 0.209000 0.352500
vt 0.183500 0.353000
vt 0.187700 0.372600
vt 0.160500 0.352500
vt 0.133100 0.369600
vt 0.136200 0.352100
vt 0.109800 0.350100
vt 0.111100 0.339800
vt 0.075600 0.338400
vt 0.074000 0.333000
vt 0.060000 0.333500
vt 0.050000 0.322800
vt 0.033000 0.334000
vt 0.020800 0.315400
vt 0.019100 0.332500
vt 0.005100 0.314900
vt 0.005100 0.331500
vt 0.019100 0.332500
vt 0.005100 0.366200
vt 0.039500 0.356000
vt 0.078600 0.364700
vt 0.073900 0.346200
vt 0.109800 0.350100
vt 0.075600 0.338400
vt 0.111100 0.339800
vt 0.074000 0.333000
vt 0.083200 0.323200
vt 0.075000 0.315900
vt 0.084700 0.310500
vt 0.079000 0.302200
vt 0.067900 0.287600
vt 0.081100 0.277300
vt 0.052900 0.285600
vt 0.057800 0.269500
vt 0.034700 0.271500
vt 0.032700 0.257800
vt 0.015400 0.272900
vt 0.015500 0.261200
vt 0.003900 0.262200
vt 0.004000 0.255400
vt 0.015500 0.261200
vt 0.017000 0.253900
vt 0.036800 0.248000
vt 0.015200 0.247600
vt 0.031600 0.242200
vt 0.028100 0.236300
vt 0.047500 0.234400
vt 0.039600 0.227500
vt 0.055400 0.228500
vt 0.051900 0.223100
vt 0.068400 0.228000
vt 0.054500 0.220200
vt 0.033100 0.211900
vt 0.019000 0.210400
vt 0.004700 0.205600
vt 0.004700 0.198200
vt 0.016200 0.192400
vt 0.022800 0.188000
vt 0.023500 0.192400
vt 0.033800 0.191400
vt 0.025100 0.200200
vt 0.034400 0.199200
vt 0.033100 0.204100
vt 0.046000 0.197800
vt 0.044500 0.201700
vt 0.055800 0.199700
vt 0.095300 0.215300
vt 0.080100 0.206100
vt 0.126500 0.222200
vt 0.104100 0.206100
vt 0.140600 0.231900
vt 0.147600 0.214800
vt 0.161700 0.201700
vt 0.193200 0.185500
vt 0.137900 0.183100
vt 0.130900 0.163600
vt 0.090200 0.158700
vt 0.069800 0.150900
vt 0.052900 0.154300
vt 0.029500 0.149900
vt 0.005000 0.147900
vt 0.029500 0.149900
vt 0.004900 0.163600
vt 0.030800 0.165500
vt 0.018200 0.170400
vt 0.032100 0.171400
vt 0.032000 0.176300
vt 0.046900 0.172400
vt 0.044700 0.176800
vt 0.058100 0.177700
vt 0.058300 0.182100
vt 0.075100 0.175800
vt 0.070900 0.182600
vt 0.081800 0.183100
vt 0.070300 0.185500
vt 0.078400 0.185100
vt 0.082300 0.185500
vt 0.071200 0.186000
vt 0.074100 0.188000
vt 0.062600 0.186000
vt 0.060400 0.187000
vt 0.059700 0.189000
vt 0.055700 0.196300
vt 0.055800 0.199700
vt 0.095300 0.215300
vt 0.085800 0.227100
vt 0.078500 0.234400
vt 0.084000 0.252000
vt 0.070300 0.242200
vt 0.063300 0.256800
vt 0.051600 0.245600
vt 0.032700 0.257800
vt 0.034700 0.271500
vt 0.015400 0.272900
vt 0.019000 0.285600
vt 0.005100 0.286600
vt 0.005100 0.298800
vt 0.022600 0.298300
vt 0.020800 0.315400
vt 0.033000 0.334000
vt 0.060000 0.333500
vt 0.062700 0.322300
vt 0.050400 0.298800
vt 0.063300 0.299800
vt 0.040000 0.299800
vt 0.050000 0.322800
vt 0.019000 0.285600
vt 0.036700 0.286600
vt 0.005100 0.274400
vt 0.039500 0.356000
vt 0.266400 0.402300
vt 0.354500 0.415500
vt 0.230500 0.447800
vt 0.170000 0.393600
vt 0.187700 0.372600
vt 0.133100 0.369600
vt 0.160500 0.352500
vt 0.136200 0.352100
vt 0.136800 0.342800
vt 0.114300 0.331100
vt 0.088800 0.314500
vt 0.094400 0.305200
vt 0.123900 0.307600
vt 0.143200 0.307600
vt 0.163900 0.308100
vt 0.190100 0.308600
vt 0.218100 0.309100
vt 0.232500 0.301800
vt 0.260000 0.305700
vt 0.258300 0.287600
vt 0.286100 0.305200
vt 0.286100 0.287600
vt 0.331100 0.300800
vt 0.285200 0.271000
vt 0.328100 0.279800
vt 0.277300 0.252400
vt 0.312500 0.248000
vt 0.351300 0.201700
vt 0.412600 0.181200
vt 0.401600 0.170900
vt 0.442400 0.179700
vt 0.429700 0.165500
vt 0.531700 0.168000
vt 0.453400 0.145000
vt 0.465100 0.134800
vt 0.331800 0.126500
vt 0.332500 0.104000
vt 0.117700 0.072800
vt 0.161500 0.062500
vt 0.003200 0.062500
vt 0.003500 0.051800
vt 0.161500 0.062500
vt 0.117700 0.072800
vt 0.344500 0.092800
vt 0.332500 0.104000
vt 0.476800 0.125000
vt 0.465100 0.134800
vt 0.641100 0.154300
vt 0.592300 0.163100
vt 0.764600 0.151400
vt 0.728000 0.179200
vt 0.844200 0.178700
vt 0.743700 0.254400
vt 0.840800 0.257300
vt 0.733400 0.319300
vt 0.846700 0.321800
vt 0.760300 0.364300
vt 0.847200 0.370600
vt 0.754900 0.412600
vt 0.846200 0.434600
vt 0.763700 0.474100
vt 0.828100 0.473100
vt 0.704100 0.531700
vt 0.846200 0.564700
vt 0.599100 0.559300
vt 0.690900 0.590100
vt 0.451200 0.597200
vt 0.599100 0.559300
vt 0.437000 0.559300
vt 0.570300 0.532000
vt 0.448500 0.534900
vt 0.499800 0.482400
vt 0.352800 0.481400
vt 0.365000 0.452100
vt 0.156700 0.486800
vt 0.184900 0.435500
vt 0.092100 0.438000
vt 0.088600 0.395500
vt 0.005200 0.397000
vt 0.005200 0.381300
vt 0.078600 0.364700
vt 0.073900 0.346200
vt 0.088600 0.395500
vt 0.170000 0.393600
vt 0.184900 0.435500
vt 0.266400 0.402300
vt 0.230500 0.447800
vt 0.365000 0.452100
vt 0.352800 0.481400
vt 0.499800 0.482400
vt 0.448500 0.534900
vt 0.570300 0.532000
vt 0.437000 0.559300
vt 0.320100 0.556600
vt 0.240000 0.567900
vt 0.308800 0.533700
vt 0.172200 0.529800
vt 0.156700 0.486800
vt 0.092100 0.438000
vt 0.005500 0.438000
vt 0.021000 0.511000
vt 0.172200 0.529800
vt 0.308800 0.533700
vt 0.320100 0.556600
vt 0.240000 0.567900
vt 0.162700 0.581500
vt 0.079600 0.550500
vt 0.126500 0.222200
vt 0.119700 0.230500
vt 0.140600 0.231900
vt 0.087600 0.183100
vt 0.083500 0.190900
vt 0.092700 0.191400
vt 0.092100 0.183600
vt 0.117600 0.194300
vt 0.080100 0.206100
vt 0.104100 0.206100
vt 0.147600 0.214800
vt 0.185700 0.226100
vt 0.206900 0.214400
vt 0.230200 0.234400
vt 0.256800 0.230500
vt 0.277300 0.252400
vt 0.241100 0.213400
vt 0.193200 0.185500
vt 0.130900 0.163600
vt 0.120100 0.145000
vt 0.161700 0.201700
vt 0.107500 0.181200
vt 0.137900 0.183100
vt 0.090200 0.158700
vt 0.082900 0.131800
vt 0.069800 0.150900
vt 0.057500 0.137200
vt 0.061400 0.119600
vt 0.036500 0.115700
vt 0.026500 0.109400
vt 0.086200 0.124000
vt 0.022900 0.133800
vt 0.052900 0.154300
vt 0.056700 0.169400
vt 0.082800 0.168000
vt 0.072100 0.193800
vt 0.108600 0.247600
vt 0.153600 0.243700
vt 0.202800 0.242200
vt 0.246300 0.253900
vt 0.285200 0.271000
vt 0.286100 0.287600
vt 0.258300 0.287600
vt 0.260000 0.305700
vt 0.246000 0.290500
vt 0.249600 0.302200
vt 0.229400 0.293500
vt 0.232100 0.299800
vt 0.222900 0.293900
vt 0.216400 0.292500
vt 0.216200 0.298300
vt 0.188700 0.288100
vt 0.188600 0.297400
vt 0.162400 0.297400
vt 0.163800 0.299300
vt 0.143400 0.299300
vt 0.143200 0.307600
vt 0.123900 0.307600
vt 0.119100 0.319300
vt 0.094400 0.305200
vt 0.088800 0.314500
vt 0.084700 0.310500
vt 0.075000 0.315900
vt 0.063300 0.299800
vt 0.062700 0.322300
vt 0.050400 0.298800
vt 0.040000 0.299800
vt 0.022600 0.298300
vt 0.036700 0.286600
vt 0.052900 0.285600
vt 0.057800 0.269500
vt 0.081100 0.277300
vt 0.090600 0.265600
vt 0.108900 0.271500
vt 0.130400 0.257800
vt 0.144700 0.265100
vt 0.171300 0.253400
vt 0.182700 0.261700
vt 0.214800 0.255900
vt 0.221800 0.266600
vt 0.249000 0.262200
vt 0.256300 0.274400
vt 0.221900 0.279300
vt 0.214100 0.283700
vt 0.229200 0.290500
vt 0.198100 0.283200
vt 0.199100 0.274400
vt 0.189300 0.282200
vt 0.161300 0.272500
vt 0.168100 0.281700
vt 0.150300 0.282200
vt 0.139900 0.273900
vt 0.136600 0.284700
vt 0.118100 0.278300
vt 0.125500 0.286100
vt 0.099200 0.286600
vt 0.116800 0.288600
vt 0.112100 0.292000
vt 0.090400 0.293500
vt 0.098000 0.297400
vt 0.088400 0.298800
vt 0.115400 0.297900
vt 0.109700 0.300800
vt 0.129900 0.297400
vt 0.127000 0.299800
vt 0.143900 0.297400
vt 0.162200 0.287600
vt 0.113200 0.293900
vt 0.120200 0.294900
vt 0.136400 0.290000
vt 0.146600 0.289100
vt 0.087700 0.281700
vt 0.080200 0.290000
vt 0.067900 0.287600
vt 0.079000 0.302200
vt 0.848600 0.121600
vt 0.848600 0.150400
vt 0.932600 0.153300
vt 0.933100 0.119600
vt 0.848600 0.121600
vt 0.682600 0.128900
vt 0.498300 0.106400
vt 0.344500 0.092800
vt 0.476800 0.125000
vt 0.498300 0.106400
vt 0.641100 0.154300
vt 0.682600 0.128900
vt 0.764600 0.151400
vt 0.848600 0.150400
vt 0.932600 0.192400
vt 0.932600 0.262200
vt 0.932600 0.326700
vt 0.930200 0.371600
vt 0.847200 0.370600
vt 0.846200 0.434600
vt 0.760300 0.364300
vt 0.754900 0.412600
vt 0.605000 0.353000
vt 0.609900 0.390600
vt 0.519500 0.338900
vt 0.488500 0.387700
vt 0.455300 0.302700
vt 0.344200 0.382300
vt 0.252700 0.375500
vt 0.209000 0.352500
vt 0.183500 0.353000
vt 0.208400 0.345200
vt 0.184300 0.345200
vt 0.188700 0.334000
vt 0.161700 0.334000
vt 0.162800 0.320800
vt 0.140600 0.320300
vt 0.119100 0.319300
vt 0.137900 0.333500
vt 0.158800 0.344700
vt 0.258300 0.331500
vt 0.286400 0.323700
vt 0.286600 0.342300
vt 0.248900 0.343300
vt 0.239300 0.349100
vt 0.346400 0.335000
vt 0.393100 0.301800
vt 0.448000 0.271000
vt 0.499800 0.268100
vt 0.605000 0.322800
vt 0.499800 0.236300
vt 0.733400 0.319300
vt 0.591800 0.260300
vt 0.472900 0.216800
vt 0.529800 0.196800
vt 0.454800 0.194300
vt 0.592300 0.163100
vt 0.728000 0.179200
vt 0.844200 0.178700
vt 0.840800 0.257300
vt 0.846700 0.321800
vt 0.743700 0.254400
vt 0.620100 0.186000
vt 0.429900 0.208500
vt 0.251200 0.320300
vt 0.214500 0.332500
vt 0.189500 0.321300
vt 0.216300 0.320300
vt 0.244600 0.312000
vt 0.055400 0.228500
vt 0.039600 0.227500
vt 0.051900 0.223100
vt 0.054500 0.220200
vt 0.068400 0.228000
vt 0.034400 0.218800
vt 0.023800 0.227500
vt 0.017000 0.200200
vt 0.016900 0.205600
vt 0.019000 0.210400
vt 0.004700 0.209500
vt 0.021000 0.216800
vt 0.034400 0.218800
vt 0.023800 0.227500
vt 0.004600 0.233900
vt 0.015100 0.242200
vt 0.004600 0.242200
vt 0.004200 0.247600
vt 0.015100 0.242200
vt 0.015200 0.247600
vt 0.028100 0.236300
vt 0.031600 0.242200
vt 0.047500 0.234400
vt 0.047900 0.243200
vt 0.064100 0.236800
vt 0.070300 0.242200
vt 0.078500 0.234400
vt 0.084000 0.252000
vt 0.085800 0.227100
vt 0.108600 0.247600
vt 0.119700 0.230500
vt 0.057700 0.216800
vt 0.033100 0.211900
vt 0.021000 0.216800
vt 0.004700 0.221700
vt 0.004700 0.226600
vt 0.004400 0.214800
vt 0.146600 0.289100
vt 0.162200 0.287600
vt 0.188700 0.288100
vt 0.216400 0.292500
vt 0.085400 0.116700
vt 0.026500 0.109400
vt 0.020600 0.101100
vt 0.015100 0.107900
vt 0.149000 0.127400
vt 0.327400 0.153800
vt 0.331800 0.126500
vt 0.003200 0.072300
vt 0.098700 0.095700
vt 0.219800 0.138200
vt 0.327400 0.153800
vt 0.320600 0.158200
vt 0.214800 0.146000
vt 0.046900 0.172400
vt 0.058400 0.174300
vt 0.044700 0.176800
vt 0.044700 0.180700
vt 0.031700 0.183100
vt 0.031800 0.180200
vt 0.058100 0.177700
vt 0.075100 0.175800
vt 0.082800 0.168000
vt 0.056700 0.169400
vt 0.043800 0.167500
vt 0.032100 0.171400
vt 0.032000 0.176300
vt 0.018700 0.179700
vt 0.020000 0.183100
vt 0.032300 0.185500
vt 0.044800 0.185500
vt 0.044800 0.183600
vt 0.059000 0.183600
vt 0.058300 0.182100
vt 0.070900 0.182600
vt 0.081800 0.183100
vt 0.078400 0.185100
vt 0.070300 0.185500
vt 0.060500 0.185100
vt 0.020600 0.186000
vt 0.017800 0.175300
vt 0.018200 0.170400
vt 0.030800 0.165500
vt 0.034100 0.187000
vt 0.048000 0.186500
vt 0.047700 0.188500
vt 0.059700 0.189000
vt 0.060400 0.187000
vt 0.074100 0.188000
vt 0.071200 0.186000
vt 0.082300 0.185500
vt 0.087600 0.183100
vt 0.092100 0.183600
vt 0.004900 0.169400
vt 0.004800 0.174800
vt 0.004800 0.178700
vt 0.004700 0.182100
vt 0.004800 0.185100
vt 0.020000 0.183100
vt 0.020600 0.186000
vt 0.031700 0.183100
vt 0.032300 0.185500
vt 0.044800 0.185500
vt 0.044800 0.183600
vt 0.060500 0.185100
vt 0.059000 0.183600
vt 0.044700 0.180700
vt 0.031800 0.180200
vt 0.017800 0.175300
vt 0.018700 0.179700
vt 0.214800 0.255900
vt 0.246300 0.253900
vt 0.249000 0.262200
vt 0.221800 0.266600
vt 0.182700 0.261700
vt 0.256300 0.274400
vt 0.252700 0.375500
vt 0.506300 0.445800
vt 0.354500 0.415500
vt 0.344200 0.382300
vt 0.239300 0.349100
vt 0.248900 0.343300
vt 0.286600 0.342300
vt 0.455300 0.302700
vt 0.488500 0.387700
vt 0.519500 0.338900
vt 0.499800 0.268100
vt 0.320600 0.158200
vt 0.429700 0.165500
vt 0.453400 0.145000
vt 0.531700 0.168000
vt 0.620100 0.186000
vt 0.529800 0.196800
vt 0.591800 0.260300
vt 0.472900 0.216800
vt 0.499800 0.236300
vt 0.605000 0.322800
vt 0.605000 0.353000
vt 0.609900 0.390600
vt 0.623500 0.442400
vt 0.620600 0.481900
vt 0.158800 0.344700
vt 0.161700 0.334000
vt 0.136800 0.342800
vt 0.137900 0.333500
vt 0.114300 0.331100
vt 0.083200 0.323200
vt 0.140600 0.320300
vt 0.162800 0.320800
vt 0.189500 0.321300
vt 0.190100 0.308600
vt 0.218100 0.309100
vt 0.216800 0.300300
vt 0.244600 0.312000
vt 0.232500 0.301800
vt 0.189100 0.299300
vt 0.163900 0.308100
vt 0.169800 0.167000
vt 0.921900 0.435100
vt 0.506300 0.445800
vt 0.623500 0.442400
vt 0.763700 0.474100
vt 0.828100 0.473100
vt 0.900400 0.475600
vt 0.704100 0.531700
vt 0.620600 0.481900
vt 0.090600 0.265600
vt 0.063300 0.256800
vt 0.051600 0.245600
vt 0.036800 0.248000
vt 0.017000 0.253900
vt 0.072100 0.193800
vt 0.055700 0.196300
vt 0.083500 0.190900
vt 0.092700 0.191400
vt 0.117600 0.194300
vt 0.107500 0.181200
vt 0.043800 0.167500
vt 0.058400 0.174300
vt 0.442400 0.179700
vt 0.454800 0.194300
vt 0.412600 0.181200
vt 0.401600 0.170900
vt 0.047900 0.243200
vt 0.064100 0.236800
vt 0.062600 0.186000
vt 0.483200 0.007300
vt 0.505900 0.027300
vt 0.554700 0.009300
vt 0.634800 0.039600
vt 0.627900 0.053200
vt 0.633800 0.054700
vt 0.604500 0.035600
vt 0.631300 0.027300
vt 0.619600 0.021500
vt 0.638700 0.024400
vt 0.624500 0.019000
vt 0.629400 0.016600
vt 0.593800 0.009300
vt 0.598600 0.006800
vt 0.557600 0.006300
vt 0.558100 0.002400
vt 0.628900 0.004900
vt 0.678700 0.024400
vt 0.646500 0.022000
vt 0.653800 0.038600
vt 0.644000 0.039100
vt 0.640100 0.055700
vt 0.604500 0.064000
vt 0.568800 0.023400
vt 0.588400 0.012200
vt 0.551800 0.011700
vt 0.567900 0.047900
vt 0.946300 0.608200
vt 0.961400 0.625500
vt 0.963400 0.608600
vt 0.928200 0.627700
vt 0.928200 0.607200
vt 0.946300 0.608200
vt 0.961400 0.625500
vt 0.963400 0.608600
vt 0.971700 0.617700
vt 0.952100 0.615200
vt 0.927700 0.611100
vt 0.927700 0.606000
vt 0.952100 0.615200
vt 0.971700 0.617700
vt 0.975600 0.632100
vt 0.950200 0.649700
vt 0.927700 0.648400
vt 0.927700 0.651600
vt 0.961900 0.647200
vt 0.964800 0.646000
vt 0.972200 0.641600
vt 0.971200 0.638700
vt 0.971700 0.627000
vt 0.953600 0.627400
vt 0.927700 0.627900
vt 0.953600 0.627400
vt 0.971700 0.627000
vt 0.975600 0.632100
vt 0.960900 0.635700
vt 0.927700 0.637500
vt 0.960900 0.635700
vt 0.961900 0.647200
vt 0.972200 0.641600
vt 0.964800 0.646000
vt 0.971200 0.638700
vt 0.952100 0.645000
vt 0.953600 0.637500
vt 0.927700 0.641100
vt 0.953600 0.637500
vt 0.952100 0.645000
vt 0.946300 0.649900
vt 0.927700 0.652100
vt 0.950200 0.649700
vt 0.946300 0.649900
vt 0.927700 0.647700
vt 0.557600 0.006300
vt 0.558100 0.002400
vt 0.628900 0.004900
vt 0.483200 0.007300
vt 0.554700 0.009300
vt 0.505900 0.027300
vt 0.588400 0.012200
vt 0.568800 0.023400
vt 0.551800 0.011700
vt 0.604500 0.035600
vt 0.619600 0.021500
vt 0.631300 0.027300
vt 0.624500 0.019000
vt 0.638700 0.024400
vt 0.646500 0.022000
vt 0.653800 0.038600
vt 0.678700 0.024400
vt 0.640100 0.055700
vt 0.604500 0.064000
vt 0.633800 0.054700
vt 0.627900 0.053200
vt 0.644000 0.039100
vt 0.634800 0.039600
vt 0.567900 0.047900
vt 0.593800 0.009300
vt 0.598600 0.006800
vt 0.629400 0.016600
vn -0.1231 -0.9708 0.2060
vn -0.2149 -0.8655 0.4524
vn -0.0718 -0.9550 0.2877
vn -0.1130 -0.9374 0.3294
vn -0.2309 -0.8367 0.4966
vn -0.5162 -0.2378 0.8228
vn -0.3991 -0.2541 0.8810
vn -0.1617 -0.8800 0.4467
vn 0.0028 -0.9827 0.1854
vn -0.3195 -0.6699 0.6702
vn -0.1536 -0.8952 0.4184
vn -0.6300 -0.1371 0.7644
vn -0.5515 0.2105 0.8071
vn -0.3645 0.3040 0.8802
vn -0.1919 -0.1850 0.9638
vn 0.0009 -0.8893 0.4572
vn 0.0968 -0.9783 0.1832
vn -0.6680 0.1569 0.7274
vn -0.5874 0.1163 0.8009
vn 0.1264 -0.3915 0.9114
vn -0.0935 -0.3463 0.9335
vn -0.0261 -0.3220 0.9464
vn 0.5322 0.2344 0.8135
vn 0.5002 -0.0224 0.8656
vn -0.1177 0.6070 0.7859
vn 0.1771 0.4243 0.8880
vn -0.0801 -0.0229 0.9965
vn -0.1176 0.3458 0.9309
vn -0.3638 0.2839 0.8872
vn -0.1415 0.1992 0.9697
vn -0.0997 -0.0245 0.9947
vn 0.0293 -0.0186 0.9994
vn 0.1123 -0.0994 0.9887
vn 0.2068 -0.0243 0.9781
vn 0.2475 -0.1339 0.9596
vn 0.4377 -0.1219 0.8908
vn 0.4610 0.0434 0.8864
vn 0.6067 0.0245 0.7945
vn 0.6266 0.2140 0.7494
vn 0.6399 0.2575 0.7240
vn 0.6456 0.1202 0.7541
vn 0.6017 0.2513 0.7581
vn 0.1160 -0.7807 0.6140
vn 0.6334 -0.0863 0.7690
vn 0.3657 -0.7864 0.4978
vn 0.5881 -0.5988 0.5437
vn 0.6028 -0.4182 0.6795
vn 0.6708 -0.3813 0.6361
vn 0.4720 -0.0373 0.8808
vn 0.5119 -0.3168 0.7985
vn 0.1286 -0.3979 0.9084
vn 0.1510 -0.4842 0.8618
vn 0.0315 -0.7141 0.6993
vn -0.0103 -0.5940 0.8044
vn 0.0013 -0.5090 0.8608
vn 0.0200 -0.6140 0.7891
vn 0.1742 -0.3806 0.9082
vn 0.3911 -0.0626 0.9182
vn 0.1901 0.0891 0.9777
vn 0.0377 0.1755 0.9837
vn 0.0222 0.2717 0.9621
vn 0.0826 0.1341 0.9875
vn 0.1444 0.1548 0.9773
vn 0.3072 0.1170 0.9444
vn 0.2936 -0.0384 0.9552
vn 0.6181 0.0154 0.7859
vn 0.5851 -0.1687 0.7932
vn 0.8680 -0.1184 0.4823
vn 0.8272 -0.2780 0.4883
vn 0.9498 -0.2158 0.2263
vn 0.9024 -0.3469 0.2557
vn 0.9511 -0.2551 0.1741
vn 0.9128 -0.3239 0.2488
vn 0.9292 -0.3058 0.2076
vn 0.9067 -0.3493 0.2362
vn 0.8879 -0.4043 0.2196
vn 0.8620 -0.4252 0.2761
vn 0.7103 -0.6984 0.0878
vn 0.8460 -0.3446 0.4069
vn 0.7062 -0.6570 0.2640
vn 0.7251 -0.1830 0.6639
vn 0.5986 -0.5462 0.5860
vn 0.4583 -0.0244 0.8885
vn 0.3298 -0.5319 0.7800
vn 0.2748 0.0125 0.9614
vn 0.1599 -0.5319 0.8316
vn -0.0052 -0.0211 0.9998
vn 0.0003 -0.5668 0.8238
vn -0.1604 -0.5335 0.8304
vn -0.0000 -0.9138 0.4062
vn -0.1391 -0.9242 0.3557
vn -0.0000 -1.0000 0.0005
vn -0.1988 -0.9787 -0.0504
vn -0.0001 -0.9665 -0.2568
vn -0.3078 -0.9394 -0.1510
vn -0.4152 -0.8761 0.2452
vn -0.3731 -0.9109 -0.1765
vn -0.4339 -0.8908 -0.1354
vn -0.7079 -0.7007 0.0894
vn -0.7691 -0.6301 0.1073
vn -0.8625 -0.4215 0.2801
vn -0.8884 -0.4022 0.2213
vn -0.8760 -0.3518 0.3299
vn -0.9058 -0.3513 0.2369
vn -0.9128 -0.3239 0.2488
vn -0.9292 -0.3058 0.2076
vn -0.9511 -0.2551 0.1741
vn -0.9590 -0.2333 0.1608
vn -0.9622 -0.2198 0.1610
vn -0.9709 -0.2373 -0.0308
vn -0.9721 -0.1849 0.1442
vn -0.9709 -0.1207 0.2067
vn -0.9840 -0.0804 0.1587
vn -0.9659 -0.0269 0.2577
vn -0.9710 -0.0421 0.2351
vn -0.8556 -0.2365 0.4604
vn -0.8901 -0.2594 0.3747
vn -0.6001 -0.4178 0.6821
vn -0.6735 -0.4808 0.5615
vn -0.5149 -0.4761 0.7129
vn -0.5297 -0.3894 0.7535
vn -0.3582 -0.3947 0.8461
vn -0.6420 -0.1977 0.7408
vn -0.4897 -0.2385 0.8387
vn -0.7418 0.0458 0.6691
vn -0.5960 0.0146 0.8028
vn -0.6212 0.1920 0.7598
vn -0.4278 0.0234 0.9036
vn -0.3786 0.1143 0.9185
vn -0.2783 -0.0631 0.9584
vn -0.2496 -0.1545 0.9559
vn -0.2355 -0.4513 0.8608
vn -0.2339 -0.2662 0.9351
vn -0.4304 -0.6155 0.6603
vn -0.4389 -0.3570 0.8246
vn -0.5864 -0.3632 0.7241
vn -0.3691 -0.2167 0.9038
vn -0.3239 -0.2021 0.9242
vn -0.1839 -0.2224 0.9575
vn -0.0005 -0.1881 0.9821
vn 0.0005 -0.1923 0.9813
vn 0.1842 -0.2224 0.9574
vn 0.0001 0.0116 0.9999
vn 0.2279 -0.0752 0.9708
vn 0.2180 -0.0344 0.9754
vn 0.3048 -0.1900 0.9333
vn 0.2436 -0.1495 0.9583
vn 0.2340 -0.2662 0.9351
vn 0.2156 -0.4868 0.8465
vn 0.4198 -0.6293 0.6540
vn 0.3017 -0.6874 0.6606
vn 0.5285 -0.4315 0.7311
vn 0.3992 -0.3124 0.8620
vn 0.4021 -0.1707 0.8995
vn 0.3782 0.0318 0.9252
vn 0.3420 0.2809 0.8967
vn 0.7854 0.1841 0.5910
vn 0.7562 0.2401 0.6087
vn 0.7911 0.2227 0.5697
vn 0.8121 0.2554 0.5246
vn 0.5231 0.3607 0.7722
vn 0.5835 0.3821 0.7166
vn -0.0000 0.4603 0.8878
vn -0.0119 0.6160 0.7876
vn -0.5773 0.3736 0.7261
vn -0.4886 0.6023 0.6313
vn -0.7880 0.4337 0.4369
vn -0.5544 0.3793 0.7408
vn -0.8670 0.1421 0.4777
vn -0.7443 -0.4545 0.4893
vn -0.9514 -0.0946 0.2931
vn -0.7651 -0.5163 0.3847
vn -0.8882 -0.0314 0.4583
vn -0.7478 -0.4345 0.5020
vn -0.5134 0.0031 0.8582
vn -0.6291 -0.0964 0.7713
vn -0.6158 -0.0640 0.7853
vn -0.3368 0.1130 0.9348
vn 0.0000 0.2583 0.9661
vn -0.0025 -0.3655 0.9308
vn 0.1663 -0.8743 0.4560
vn 0.1153 -0.9603 0.2539
vn 0.2074 -0.8590 0.4681
vn 0.2000 -0.8451 0.4959
vn 0.3815 -0.2564 0.8881
vn 0.5093 -0.2129 0.8339
vn 0.5515 0.2108 0.8071
vn 0.6507 -0.1446 0.7454
vn 0.6680 0.1570 0.7275
vn 0.6225 0.1213 0.7732
vn 0.4903 0.0024 0.8715
vn 0.4848 -0.0999 0.8689
vn 0.3586 -0.1053 0.9275
vn 0.4234 -0.1675 0.8904
vn 0.3298 -0.1299 0.9351
vn 0.5597 -0.2587 0.7873
vn 0.7972 -0.3421 0.4974
vn 0.8806 -0.3633 0.3041
vn 0.8070 -0.3649 0.4644
vn 0.8063 -0.3613 0.4683
vn 0.6583 -0.2557 0.7080
vn 0.5036 0.0181 0.8638
vn 0.3222 0.0947 0.9419
vn 0.2474 0.0575 0.9672
vn -0.0158 0.0857 0.9962
vn -0.2226 0.0566 0.9733
vn -0.0149 -0.2037 0.9789
vn -0.2757 -0.1880 0.9427
vn -0.1916 -0.5906 0.7839
vn -0.3807 -0.4827 0.7887
vn -0.3840 -0.5551 0.7378
vn -0.4550 -0.4527 0.7669
vn -0.4559 -0.4959 0.7391
vn -0.6029 -0.3736 0.7049
vn -0.5772 0.2304 0.7834
vn -0.5123 -0.1990 0.8354
vn -0.5466 0.4931 0.6768
vn -0.0302 0.6494 0.7598
vn -0.5393 0.7522 0.3785
vn -0.0158 0.3514 0.9361
vn 0.0073 -0.5727 0.8197
vn 0.0068 -0.9345 0.3558
vn -0.2143 -0.7083 0.6726
vn 0.1341 -0.9892 0.0596
vn -0.0759 -0.9647 0.2521
vn -0.3233 -0.7641 0.5582
vn -0.5994 -0.3349 0.7270
vn -0.6154 0.1305 0.7774
vn -0.4906 0.0021 0.8714
vn -0.3019 -0.0431 0.9524
vn -0.4215 0.0058 0.9068
vn -0.3276 0.1241 0.9366
vn -0.7510 0.2100 0.6261
vn -0.6566 0.2260 0.7196
vn -0.7868 0.4900 0.3754
vn -0.8230 0.2315 0.5188
vn -0.8005 0.2277 0.5544
vn -0.5090 0.3763 0.7742
vn -0.5107 0.4776 0.7149
vn 0.0005 0.5338 0.8456
vn -0.0100 0.3119 0.9501
vn 0.4958 0.2395 0.8347
vn 0.3243 -0.2018 0.9242
vn 0.3691 -0.2167 0.9038
vn 0.4499 -0.3912 0.8029
vn 0.6675 -0.4263 0.6105
vn 0.7829 0.0295 0.6214
vn 0.6787 -0.1183 0.7248
vn 0.7292 0.1643 0.6642
vn 0.6013 -0.3431 0.7216
vn 0.5244 0.4611 0.7158
vn 0.7391 0.3887 0.5501
vn 0.0040 0.4413 0.8973
vn -0.2278 -0.0751 0.9708
vn 0.8094 0.1027 0.5782
vn 0.9398 0.0337 0.3400
vn 0.7597 0.2672 0.5929
vn 0.5778 0.2028 0.7906
vn 0.6130 0.1780 0.7698
vn 0.3786 0.1142 0.9185
vn 0.4173 0.0145 0.9086
vn 0.3018 -0.0816 0.9499
vn 0.2068 -0.3943 0.8954
vn 0.1031 -0.6103 0.7854
vn 0.3086 -0.5208 0.7959
vn 0.1556 -0.4049 0.9010
vn 0.0086 -0.5266 0.8500
vn 0.0224 -0.4178 0.9082
vn 0.1764 -0.4464 0.8773
vn 0.3416 -0.5258 0.7790
vn 0.4168 -0.6662 0.6184
vn 0.4324 -0.7001 0.5682
vn 0.6147 -0.2130 0.7595
vn 0.7149 0.0917 0.6932
vn 0.8555 -0.2363 0.4607
vn 0.8867 -0.0410 0.4606
vn 0.9658 -0.0268 0.2577
vn 0.9233 0.0129 0.3839
vn 0.9709 -0.1207 0.2067
vn 0.9506 -0.0950 0.2956
vn 0.9622 -0.2198 0.1610
vn 0.9590 -0.2333 0.1608
vn 0.9321 -0.3472 -0.1032
vn 0.8056 -0.5843 -0.0984
vn 0.7248 -0.5153 -0.4572
vn 0.4980 -0.7662 -0.4062
vn 0.8619 -0.4389 -0.2539
vn 0.8241 -0.5322 0.1939
vn 0.9403 -0.0605 0.3348
vn 0.6380 -0.7134 0.2899
vn 0.7330 -0.1457 0.6645
vn 0.4517 -0.3343 0.8272
vn 0.4465 -0.2948 0.8448
vn 0.0065 -0.5205 0.8538
vn 0.0000 -0.4508 0.8926
vn -0.4847 -0.2453 0.8396
vn -0.4666 -0.3439 0.8149
vn -0.7663 -0.2458 0.5937
vn -0.7222 -0.1661 0.6715
vn -0.9467 -0.1485 0.2858
vn -0.9440 0.0219 0.3292
vn -0.9765 0.1954 -0.0906
vn -0.9955 -0.0326 -0.0885
vn -0.7664 0.0564 -0.6399
vn -0.7696 -0.1574 -0.6188
vn -0.4220 -0.1827 -0.8880
vn -0.7125 -0.4134 -0.5670
vn -0.3650 -0.4859 -0.7941
vn -0.7157 -0.4293 -0.5508
vn -0.3773 -0.4156 -0.8276
vn -0.7857 -0.1320 -0.6044
vn -0.4356 -0.0774 -0.8968
vn -0.7884 0.2843 -0.5456
vn -0.4319 0.3443 -0.8336
vn -0.6297 0.6446 -0.4337
vn -0.2984 0.6980 -0.6509
vn -0.4118 0.8548 -0.3159
vn -0.0000 0.8804 -0.4742
vn -0.2220 0.9563 -0.1902
vn 0.0000 0.9665 -0.2566
vn -0.0000 0.9998 0.0200
vn 0.2220 0.9563 -0.1902
vn 0.2483 0.9677 0.0429
vn 0.5274 0.8433 -0.1033
vn 0.5890 0.8078 0.0242
vn 0.8090 0.5813 0.0870
vn 0.7367 0.6040 0.3040
vn 0.8865 0.3250 0.3294
vn 0.4898 0.6193 0.6137
vn 0.5265 0.2826 0.8018
vn 0.3326 0.3321 0.8826
vn 0.3463 0.2073 0.9149
vn 0.0075 0.1973 0.9803
vn 0.0001 0.0817 0.9967
vn -0.2179 -0.0344 0.9754
vn -0.3048 -0.1900 0.9333
vn -0.3433 0.1935 0.9191
vn -0.6051 0.1829 0.7749
vn -0.5419 0.2865 0.7901
vn -0.8000 0.1021 0.5912
vn -0.7624 0.2658 0.5900
vn -0.8823 0.3291 0.3365
vn -0.7255 0.6086 0.3212
vn -0.8124 0.5765 0.0875
vn -0.5762 0.8165 0.0357
vn -0.5298 0.8411 -0.1085
vn -0.2763 0.9570 0.0881
vn -0.2326 0.9680 0.0944
vn -0.1767 0.9680 0.1779
vn -0.4897 0.8470 0.2071
vn -0.3209 0.8570 0.4032
vn -0.4975 0.6253 0.6012
vn -0.3248 0.3487 0.8791
vn 0.0072 0.3276 0.9448
vn -0.0005 0.6231 0.7821
vn 0.2912 0.8730 0.3913
vn 0.4674 0.8572 0.2162
vn 0.1925 0.9709 0.1427
vn 0.2155 0.9595 0.1814
vn 0.0036 0.9690 0.2470
vn -0.0006 0.8727 0.4882
vn -0.3584 -0.1057 0.9276
vn -0.2777 -0.0799 0.9573
vn -0.3271 -0.1357 0.9352
vn -0.3933 -0.0727 0.9165
vn -0.4993 -0.2497 0.8297
vn -0.5124 -0.1063 0.8521
vn -0.4454 -0.2116 0.8700
vn -0.5617 -0.2235 0.7966
vn -0.4866 -0.0975 0.8682
vn -0.4232 -0.1680 0.8903
vn -0.5600 -0.2589 0.7870
vn -0.5872 -0.1730 0.7907
vn -0.8274 -0.2780 0.4880
vn -0.8684 -0.1190 0.4814
vn -0.9498 -0.2158 0.2263
vn -0.9506 -0.0951 0.2955
vn -0.9024 -0.3469 0.2557
vn -0.8807 -0.3633 0.3040
vn -0.8074 -0.3636 0.4646
vn -0.8468 -0.3436 0.4060
vn -0.7975 -0.3420 0.4971
vn -0.6044 -0.2386 0.7601
vn -0.8072 -0.3649 0.4640
vn -0.6581 -0.2560 0.7081
vn -0.7251 -0.1834 0.6637
vn -0.5035 0.0190 0.8638
vn -0.4582 -0.0245 0.8885
vn -0.5985 -0.5463 0.5859
vn -0.3298 -0.5319 0.7800
vn -0.2977 -0.9002 0.3177
vn -0.7065 -0.6575 0.2618
vn -0.2779 0.0122 0.9605
vn -0.3351 0.0789 0.9389
vn -0.4718 -0.0625 0.8795
vn -0.4402 -0.2654 0.8578
vn -0.5491 -0.1303 0.8255
vn -0.2184 0.0226 0.9756
vn -0.2891 -0.0447 0.9563
vn -0.6243 0.0136 0.7811
vn -0.8628 0.0031 0.5055
vn -0.9233 0.0128 0.3838
vn -0.8867 -0.0410 0.4605
vn -0.7202 0.0744 0.6897
vn -0.6555 -0.1815 0.7330
vn -0.6126 0.1170 0.7817
vn -0.2482 -0.5134 0.8215
vn -0.6094 -0.1894 0.7699
vn -0.6837 -0.3382 0.6466
vn -0.4424 -0.6509 0.6169
vn -0.1979 -0.9123 0.3586
vn -0.6385 -0.4207 0.6445
vn -0.2215 -0.6805 0.6984
vn -0.4647 -0.0189 0.8853
vn -0.1301 -0.4060 0.9046
vn -0.1472 -0.4677 0.8715
vn -0.0052 -0.6113 0.7914
vn -0.0817 -0.4159 0.9057
vn 0.0224 -0.5525 0.8332
vn -0.0384 -0.5276 0.8487
vn -0.1668 -0.3948 0.9035
vn -0.2154 -0.5262 0.8226
vn -0.3992 -0.2899 0.8698
vn -0.5396 -0.4328 0.7222
vn -0.6604 -0.1244 0.7405
vn -0.6713 -0.4600 0.5811
vn -0.7837 0.0318 0.6203
vn -0.7517 0.1614 0.6395
vn -0.4800 0.2424 0.8431
vn -0.7485 0.3832 0.5412
vn -0.7933 0.2029 0.5741
vn -0.7567 0.2402 0.6081
vn -0.3346 0.3110 0.8896
vn -0.2868 0.3309 0.8990
vn -0.0205 0.2881 0.9574
vn -0.1353 0.1562 0.9784
vn -0.0776 0.1377 0.9874
vn -0.3057 0.1255 0.9438
vn -0.3369 0.1512 0.9293
vn -0.6333 0.1811 0.7524
vn -0.6029 0.2352 0.7623
vn -0.8372 0.1077 0.5362
vn -0.7854 0.2009 0.5855
vn -0.6264 0.2143 0.7495
vn -0.6400 0.2575 0.7239
vn -0.6032 0.2520 0.7568
vn -0.6067 0.0247 0.7945
vn -0.4619 0.0486 0.8856
vn -0.4377 -0.1217 0.8908
vn -0.2049 -0.0203 0.9786
vn -0.2475 -0.1337 0.9596
vn -0.1123 -0.0993 0.9887
vn -0.0293 -0.0185 0.9994
vn 0.0997 -0.0245 0.9947
vn 0.1673 0.1901 0.9674
vn 0.3638 0.2840 0.8871
vn 0.1576 0.3377 0.9280
vn 0.1120 -0.0368 0.9930
vn 0.0596 0.3442 0.9370
vn -0.2048 0.2776 0.9386
vn -0.4732 -0.0624 0.8788
vn -0.3183 -0.1245 0.9398
vn -0.1487 -0.3673 0.9182
vn -0.2051 -0.3570 0.9113
vn 0.0029 -0.5062 0.8624
vn -0.0029 -0.6161 0.7877
vn -0.0186 -0.7147 0.6991
vn -0.0894 -0.6609 0.7452
vn -0.5796 0.1747 0.7960
vn -0.1565 -0.3149 0.9361
vn 0.0260 -0.3223 0.9463
vn -0.0130 -0.6610 0.7503
vn -0.0709 0.2475 0.9663
vn -0.1680 0.0682 0.9834
vn -0.4457 0.0707 0.8924
vn -0.4012 -0.2268 0.8875
vn -0.4944 0.2392 -0.8357
vn -0.4219 0.1369 -0.8963
vn 0.0011 0.0748 -0.9972
vn 0.0000 0.1622 -0.9868
vn 0.4940 0.2378 -0.8363
vn -0.9661 0.1959 -0.1682
vn -0.9389 -0.1656 0.3018
vn 0.7819 -0.2594 0.5669
vn 0.9549 -0.1464 0.2583
vn 0.9615 -0.0803 0.2628
vn 0.9843 0.1646 -0.0631
vn 0.9685 0.2158 -0.1240
vn 0.7636 0.0611 -0.6428
vn 0.4253 0.1426 -0.8938
vn -0.0134 -0.1895 -0.9818
vn -0.0018 -0.4660 -0.8848
vn -0.0003 -0.4317 -0.9020
vn -0.0067 -0.0466 -0.9989
vn 0.4442 -0.0758 -0.8927
vn 0.4417 0.3412 -0.8298
vn 0.7855 -0.1182 -0.6075
vn 0.7893 0.2782 -0.5473
vn 0.9735 -0.1600 -0.1637
vn 0.9867 0.1025 -0.1258
vn 0.9871 -0.1431 0.0712
vn 0.9887 0.0329 0.1464
vn 0.9833 -0.1262 0.1310
vn 0.9439 -0.0354 0.3282
vn 0.8385 0.1118 0.5333
vn 0.7488 0.0522 0.6607
vn 0.5892 0.0283 0.8075
vn 0.6462 -0.2069 0.7346
vn 0.4508 -0.2621 0.8533
vn 0.3319 -0.3530 0.8748
vn 0.2346 -0.5224 0.8198
vn 0.2413 -0.2064 0.9483
vn 0.1224 -0.3645 0.9231
vn 0.0445 -0.5233 0.8510
vn 0.1724 -0.5291 0.8309
vn 0.2699 -0.4116 0.8705
vn 0.6687 -0.4849 0.5637
vn 0.8885 -0.2675 0.3730
vn 0.9125 -0.0857 0.4000
vn 0.7913 -0.1836 0.5832
vn 0.8437 0.0563 0.5339
vn 0.9712 -0.0426 0.2346
vn 0.9841 -0.0804 0.1587
vn 0.9721 -0.1849 0.1442
vn 0.9332 -0.3030 -0.1934
vn 0.9123 -0.3389 -0.2298
vn 0.9012 -0.3304 -0.2806
vn 0.6920 -0.4463 -0.5673
vn 0.8825 -0.3324 -0.3328
vn 0.8883 -0.4071 -0.2125
vn 0.9149 -0.3789 -0.1390
vn 0.9490 -0.2456 -0.1975
vn 0.9952 -0.0395 -0.0895
vn 0.7816 -0.1475 -0.6061
vn 0.4202 -0.2023 -0.8846
vn 0.3748 -0.4544 -0.8081
vn 0.3783 -0.4309 -0.8193
vn 0.6903 -0.4139 -0.5934
vn 0.9613 -0.2044 -0.1848
vn 0.9709 -0.2373 -0.0308
vn 0.6044 -0.4304 0.6704
vn 0.5262 -0.3889 0.7563
vn 0.3663 -0.2950 0.8825
vn 0.4843 -0.4749 0.7348
vn 0.2053 -0.8009 0.5625
vn 0.8900 -0.0708 0.4504
vn 0.7651 -0.5163 0.3847
vn 0.7747 -0.4261 0.4672
vn 0.6345 -0.0528 0.7711
vn 0.5011 0.0011 0.8654
vn 0.6186 -0.5263 0.5834
vn 0.4892 -0.7837 0.3828
vn 0.2011 -0.1914 0.9607
vn 0.3645 0.3041 0.8801
vn 0.3424 0.1061 0.9335
vn -0.0082 0.0529 0.9986
vn -0.4843 -0.5877 0.6481
vn -0.6186 -0.5263 0.5834
vn -0.4912 -0.7835 0.3807
vn -0.0048 -0.8549 0.5188
vn -0.5703 -0.3746 0.7310
vn 0.0004 -0.3591 0.9333
vn -0.0073 0.3825 0.9239
vn 0.5695 -0.3778 0.7300
vn 0.5813 0.3858 0.7164
vn 0.7428 -0.4559 0.4903
vn 0.8535 0.1783 0.4896
vn 0.9514 -0.0946 0.2931
vn 0.8743 0.4089 0.2614
vn 0.8225 0.1020 0.5595
vn 0.7509 0.2099 0.6262
vn 0.4212 0.0054 0.9070
vn 0.3276 0.1239 0.9366
vn 0.3018 -0.0428 0.9524
vn 0.2273 0.0248 0.9735
vn 0.2785 -0.0793 0.9572
vn 0.5870 0.1169 0.8011
vn 0.6157 -0.0635 0.7854
vn 0.4863 -0.5853 0.6488
vn -0.0011 -0.9175 0.3977
vn -0.0003 -0.9063 0.4226
vn -0.0130 -0.4150 0.9097
vn 0.0162 -0.6582 0.7526
vn 0.0909 -0.6553 0.7498
vn 0.2582 -0.6687 0.6973
vn 0.1120 -0.9065 0.4070
vn 0.3058 -0.9402 -0.1502
vn 0.2978 -0.9002 0.3177
vn 0.1988 -0.9787 -0.0504
vn 0.1391 -0.9242 0.3557
vn 0.3720 -0.9103 -0.1817
vn -0.4733 -0.8606 -0.1880
vn -0.6371 -0.7148 0.2883
vn 0.0060 -0.9755 0.2198
vn 0.4086 -0.8795 0.2441
vn 0.4350 -0.8903 -0.1348
vn 0.4700 -0.8633 -0.1837
vn 0.8057 -0.5856 0.0887
vn 0.7692 -0.6297 0.1087
vn 0.4812 -0.4381 0.7593
vn 0.4844 -0.3857 0.7852
vn 0.4739 -0.5019 0.7235
vn 0.5546 0.1860 0.8110
vn 0.3004 0.6969 0.6512
vn 0.3796 -0.0220 0.9249
vn 0.6102 -0.3702 0.7005
vn 0.5152 -0.1897 0.8358
vn 0.4435 -0.2617 0.8572
vn 0.4747 -0.0627 0.8779
vn 0.3978 -0.0729 0.9146
vn 0.3593 -0.4858 0.7968
vn 0.3477 -0.5352 0.7699
vn 0.2544 0.0247 0.9668
vn 0.0959 0.7134 0.6942
vn 0.1133 0.9209 0.3729
vn 0.2210 0.9410 0.2562
vn 0.3625 0.8054 0.4690
vn 0.4416 0.7556 0.4838
vn 0.5975 0.2812 0.7509
vn 0.5530 0.5128 0.6566
vn 0.0013 0.6695 0.7428
vn -0.1247 0.2401 0.9627
vn 0.7010 0.5853 0.4073
vn 0.3239 0.8921 0.3150
vn -0.0530 0.9652 0.2560
vn 0.2675 -0.5083 0.8186
vn 0.1593 -0.5856 0.7947
vn 0.2862 -0.2053 0.9359
vn 0.0854 -0.9338 0.3473
vn 0.1648 -0.9077 0.3860
vn 0.3528 -0.7295 0.5859
vn 0.3081 -0.7312 0.6086
vn 0.0460 -0.9611 0.2723
vn 0.2601 -0.7460 0.6130
vn -0.0574 -0.9755 0.2122
vn 0.0128 -0.6206 0.7840
vn 0.3462 -0.1218 0.9302
vn 0.4623 -0.2204 0.8589
vn 0.0208 -0.6376 0.7701
vn 0.0054 -0.5171 0.8559
vn -0.0123 0.0631 0.9979
vn 0.0045 0.6766 0.7364
vn 0.0419 0.9374 0.3458
vn -0.1353 0.7116 0.6894
vn -0.0228 0.9651 0.2610
vn -0.3025 0.6863 0.6614
vn -0.0438 0.8360 0.5470
vn -0.2139 0.9430 0.2550
vn -0.3551 0.7864 0.5054
vn -0.2962 0.9115 0.2855
vn -0.4263 0.7439 0.5146
vn -0.5397 0.1617 0.8262
vn -0.4247 0.0075 0.9053
vn -0.2654 -0.5175 0.8135
vn -0.2263 0.0473 0.9729
vn 0.6288 0.1770 0.7571
vn 0.8618 0.0036 0.5072
vn 0.8365 0.1076 0.5373
vn 0.6012 0.2310 0.7650
vn 0.3371 0.1369 0.9315
vn 0.7848 0.2021 0.5858
vn -0.8242 0.1370 0.5495
vn -0.9479 0.2938 0.1233
vn -0.9392 0.0390 0.3412
vn -0.9440 -0.0354 0.3281
vn -0.8447 0.0552 0.5323
vn -0.7866 -0.2011 0.5838
vn -0.9113 -0.0859 0.4026
vn -0.9833 -0.1262 0.1310
vn -0.9874 0.0332 0.1547
vn -0.9866 -0.1459 0.0727
vn -0.9349 -0.2998 -0.1897
vn -0.8062 -0.5860 0.0816
vn -0.5077 -0.7612 -0.4035
vn -0.8441 -0.5267 0.1001
vn -0.8052 -0.5273 -0.2715
vn -0.9604 -0.2106 -0.1824
vn -0.9119 -0.3836 -0.1458
vn -0.8899 -0.3165 -0.3286
vn -0.8835 -0.4137 -0.2197
vn -0.8988 -0.3355 -0.2821
vn -0.9032 -0.3479 -0.2515
vn -0.9695 -0.1768 -0.1697
vn -0.9865 0.1024 -0.1276
vn -0.9128 0.3852 -0.1354
vn -0.7582 0.6360 -0.1438
vn -0.2399 -0.4314 0.8697
vn -0.1806 -0.5293 0.8290
vn -0.2135 -0.3950 0.8935
vn -0.2119 -0.5137 0.8314
vn -0.1322 -0.6187 0.7745
vn -0.2322 -0.7779 0.5839
vn -0.1635 -0.4161 0.8945
vn -0.2387 -0.2288 0.9438
vn -0.3519 -0.2578 0.8998
vn -0.3074 -0.5350 0.7870
vn -0.4445 -0.6914 0.5695
vn -0.6711 -0.3493 0.6539
vn -0.0209 -0.8857 0.4637
vn -0.3168 -0.8200 0.4767
vn -0.5103 -0.3125 0.8012
vn -0.1383 -0.4151 0.8992
vn 0.8761 -0.3488 0.3328
vn -0.0093 0.3643 -0.9312
vn 0.9495 0.2916 0.1156
vn 0.9171 0.3772 -0.1287
vn 0.6296 0.6416 -0.4381
vn 0.3039 0.7034 -0.6426
vn -0.0092 0.6857 -0.7278
vn 0.4010 0.8583 -0.3201
vn 0.7620 0.6320 -0.1410
vn 0.2867 0.3305 0.8992
vn 0.6562 0.2259 0.7200
vn 0.7868 0.4900 0.3753
vn 0.7776 0.4182 0.4695
vn 0.5472 0.5762 0.6071
vn 0.5500 -0.1215 0.8263
vn 0.5799 -0.3234 0.7478
vn 0.4619 -0.2066 0.8625
vn 0.5305 -0.0832 0.8436
vn 0.5584 -0.2264 0.7981
vn 0.5982 -0.2317 0.7671
vn -0.3922 -0.0502 0.9185
vn -0.4870 -0.3952 0.7789
vn -0.7244 -0.5277 -0.4436
vn -0.9470 -0.2483 -0.2036
vn -0.9219 -0.3714 -0.1103
vn -0.8032 -0.5795 -0.1379
vn -0.8743 0.4088 0.2615
vn -0.8225 0.1020 0.5595
vn -0.3061 -0.9518 -0.0190
vn -0.2885 -0.9409 -0.1772
vn -0.6906 -0.6380 0.3406
vn -0.5121 -0.8390 -0.1838
vn -0.8130 0.2669 0.5176
vn -0.7356 0.5169 0.4378
vn -0.0255 0.9638 -0.2655
vn -0.5939 0.0017 0.8045
vn -0.7936 -0.0027 0.6084
vn -0.7613 -0.0792 0.6435
vn -0.8083 0.0683 -0.5847
vn -0.7892 -0.4088 -0.4584
vn -0.0078 -0.3137 -0.9495
vn -0.6330 -0.7343 -0.2454
vn 0.0315 -0.5392 -0.8416
vn -0.0509 -0.6789 -0.7325
vn -0.2006 -0.6687 -0.7160
vn 0.1843 -0.3666 -0.9119
vn 0.4290 0.0798 -0.8998
vn 0.0681 0.0440 -0.9967
vn 0.2358 0.4977 -0.8347
vn -0.5954 0.5947 -0.5402
vn 0.6171 0.7086 -0.3422
vn -0.6689 0.2739 0.6910
vn -0.7727 0.0358 0.6338
vn -0.7266 -0.1274 0.6751
vn -0.7199 -0.1113 0.6851
vn -0.9461 -0.1555 0.2842
vn -0.7380 -0.6725 -0.0553
vn -0.6312 -0.7755 -0.0106
vn -0.6324 0.7710 -0.0754
vn -0.0011 -0.9941 0.1080
vn -0.0000 -0.9997 0.0237
vn 0.7377 -0.6729 -0.0557
vn 0.6316 -0.7752 -0.0113
vn 0.6323 0.7710 -0.0758
vn 0.9022 0.4195 -0.1000
vn 0.2111 0.9759 -0.0550
vn -0.0020 0.9986 -0.0526
vn -0.0000 1.0000 -0.0016
vn -0.1916 0.9793 -0.0648
vn -0.9129 0.3820 -0.1436
vn -0.9430 -0.3239 0.0763
vn -0.4110 -0.4636 0.7850
vn -0.0000 -0.9979 0.0648
vn 0.0000 -0.5647 0.8253
vn -0.7429 -0.6575 0.1252
vn -0.6759 0.2129 0.7056
vn -0.9804 -0.1512 0.1260
vn -0.6845 0.6540 0.3220
vn -0.7582 0.6488 0.0649
vn -0.2950 0.9535 0.0610
vn -0.0018 0.9994 0.0334
vn 0.2986 0.9539 0.0286
vn 0.7471 0.6645 0.0159
vn 0.9430 -0.3240 0.0766
vn 0.3656 -0.9271 -0.0831
vn -0.0007 -0.9940 -0.1091
vn -0.3646 -0.9273 -0.0841
vn 0.7430 -0.6575 0.1252
vn 0.9804 -0.1512 0.1260
vn 0.6759 0.2129 0.7056
vn 0.6895 0.6414 0.3366
vn 0.2890 0.7434 0.6032
vn 0.2277 0.9199 0.3192
vn 0.0015 0.9063 0.4226
vn -0.2573 0.9182 0.3011
vn -0.2890 0.7434 0.6032
vn -0.2719 0.4648 0.8426
vn -0.0000 0.2121 0.9773
vn 0.4110 -0.4636 0.7850
vn 0.2719 0.4648 0.8426
vn -0.0000 0.7000 0.7142
vn 0.0478 -0.6797 -0.7320
vn 0.2013 -0.6687 -0.7158
vn -0.1844 -0.3665 -0.9119
vn 0.2888 -0.9410 -0.1766
vn 0.5027 -0.8454 -0.1803
vn 0.6906 -0.6380 0.3406
vn 0.7353 -0.0860 0.6723
vn 0.7843 0.0398 0.6190
vn 0.7155 -0.1115 0.6896
vn 0.5892 -0.0138 0.8078
vn 0.7435 -0.1039 0.6607
vn 0.7880 0.0043 0.6157
vn 0.7822 -0.4150 -0.4647
vn 0.7992 0.0724 -0.5967
vn -0.0584 0.0424 -0.9974
vn -0.2378 0.4670 -0.8517
vn -0.4290 0.0798 -0.8998
vn -0.6273 0.7057 -0.3293
vn 0.6776 0.2672 0.6852
vn 0.0205 0.9760 -0.2167
vn 0.7250 0.5128 0.4597
vn 0.5971 0.5768 -0.5575
vn 0.8172 0.2453 0.5216
vn 0.9461 -0.1555 0.2842
vn 0.6498 -0.7185 -0.2480
vn -0.0296 -0.5367 -0.8433
vn 0.0129 -0.3102 -0.9506
usemtl Material-3990.000
s 1
f 3412/3412/3404 3413/3413/3405 3414/3414/3406
f 3415/3415/3407 3414/3414/3406 3413/3413/3405
f 3416/3416/3408 3415/3415/3407 3413/3413/3405
f 3417/3417/3409 3416/3416/3408 3413/3413/3405
f 3418/3418/3410 3417/3417/3409 3413/3413/3405
f 3419/3419/3411 3418/3418/3410 3413/3413/3405
f 3412/3412/3404 3419/3419/3411 3413/3413/3405
f 3420/3420/3412 3419/3419/3411 3412/3412/3404
f 3421/3421/3413 3422/3422/3414 3415/3415/3407
f 3416/3416/3408 3421/3421/3413 3415/3415/3407
f 3423/3423/3415 3421/3421/3413 3416/3416/3408
f 3417/3417/3409 3423/3423/3415 3416/3416/3408
f 3424/3424/3416 3423/3423/3415 3417/3417/3409
f 3418/3418/3410 3424/3424/3416 3417/3417/3409
f 3425/3425/3417 3424/3424/3416 3418/3418/3410
f 3426/3426/3418 3425/3425/3417 3418/3418/3410
f 3419/3419/3411 3426/3426/3418 3418/3418/3410
f 3427/3427/3419 3426/3426/3418 3419/3419/3411
f 3420/3420/3412 3427/3427/3419 3419/3419/3411
f 3428/3428/3420 3427/3427/3419 3420/3420/3412
f 3429/3429/3421 3424/3424/3416 3430/3430/3422
f 3423/3423/3415 3424/3424/3416 3429/3429/3421
f 3431/3431/3423 3432/3432/3424 3433/3433/3425
f 3434/3434/3426 3432/3432/3424 3431/3431/3423
f 3435/3435/3427 3434/3434/3426 3431/3431/3423
f 3436/3436/3428 3434/3434/3426 3435/3435/3427
f 3437/3437/3429 3436/3436/3428 3435/3435/3427
f 3438/3438/3430 3436/3436/3428 3437/3437/3429
f 3439/3439/3431 3438/3438/3430 3437/3437/3429
f 3440/3440/3432 3438/3438/3430 3439/3439/3431
f 3441/3441/3433 3440/3440/3432 3439/3439/3431
f 3442/3442/3434 3440/3440/3432 3441/3441/3433
f 3443/3443/3435 3442/3442/3434 3441/3441/3433
f 3444/3444/3436 3442/3442/3434 3443/3443/3435
f 3445/3445/3437 3444/3444/3436 3443/3443/3435
f 3446/3446/3438 3444/3444/3436 3445/3445/3437
f 3447/3447/3439 3446/3446/3438 3445/3445/3437
f 3448/3448/3440 3447/3447/3439 3445/3445/3437
f 3449/3449/3441 3447/3447/3439 3448/3448/3440
f 3450/3450/3442 3449/3449/3441 3448/3448/3440
f 3451/3451/3443 3449/3449/3441 3450/3450/3442
f 3452/3452/3444 3451/3451/3443 3450/3450/3442
f 3453/3453/3445 3451/3451/3443 3452/3452/3444
f 3454/3454/3446 3453/3453/3445 3452/3452/3444
f 3455/3455/3447 3453/3453/3445 3454/3454/3446
f 3456/3456/3448 3455/3455/3447 3454/3454/3446
f 3457/3457/3449 3456/3456/3448 3454/3454/3446
f 3458/3458/3450 3456/3456/3448 3457/3457/3449
f 3459/3459/3451 3458/3458/3450 3457/3457/3449
f 3460/3460/3452 3458/3458/3450 3459/3459/3451
f 3461/3461/3453 3460/3460/3452 3459/3459/3451
f 3462/3462/3454 3460/3460/3452 3461/3461/3453
f 3463/3463/3455 3462/3462/3454 3461/3461/3453
f 3464/3464/3456 3462/3462/3454 3463/3463/3455
f 3465/3465/3457 3464/3464/3456 3463/3463/3455
f 3466/3466/3458 3464/3464/3456 3465/3465/3457
f 3467/3467/3459 3466/3466/3458 3465/3465/3457
f 3431/3431/3423 3466/3466/3458 3467/3467/3459
f 3468/3468/3460 3431/3431/3423 3467/3467/3459
f 3435/3435/3427 3431/3431/3423 3468/3468/3460
f 3469/3469/3461 3435/3435/3427 3468/3468/3460
f 3437/3437/3429 3435/3435/3427 3469/3469/3461
f 3470/3470/3462 3437/3437/3429 3469/3469/3461
f 3439/3439/3431 3437/3437/3429 3470/3470/3462
f 3471/3471/3463 3439/3439/3431 3470/3470/3462
f 3441/3441/3433 3439/3439/3431 3471/3471/3463
f 3472/3472/3464 3441/3441/3433 3471/3471/3463
f 3473/3473/3465 3441/3441/3433 3472/3472/3464
f 3474/3474/3466 3473/3473/3465 3472/3472/3464
f 3475/3475/3467 3473/3473/3465 3474/3474/3466
f 3476/3476/3468 3475/3475/3467 3474/3474/3466
f 3477/3477/3469 3475/3475/3467 3476/3476/3468
f 3478/3478/3470 3477/3477/3469 3476/3476/3468
f 3479/3479/3471 3477/3477/3469 3478/3478/3470
f 3480/3480/3472 3479/3479/3471 3478/3478/3470
f 3481/3481/3473 3479/3479/3471 3480/3480/3472
f 3482/3482/3474 3481/3481/3473 3480/3480/3472
f 3483/3483/3475 3481/3481/3473 3482/3482/3474
f 3484/3484/3476 3483/3483/3475 3482/3482/3474
f 3485/3485/3477 3483/3483/3475 3484/3484/3476
f 3486/3486/3478 3485/3485/3477 3484/3484/3476
f 3487/3487/3479 3485/3485/3477 3486/3486/3478
f 3488/3488/3480 3487/3487/3479 3486/3486/3478
f 3489/3489/3481 3487/3487/3479 3488/3488/3480
f 3490/3490/3482 3489/3489/3481 3488/3488/3480
f 3491/3491/3483 3489/3489/3481 3490/3490/3482
f 3492/3492/3484 3491/3491/3483 3490/3490/3482
f 3493/3493/3485 3491/3491/3483 3492/3492/3484
f 3494/3494/3486 3493/3493/3485 3492/3492/3484
f 3495/3495/3487 3493/3493/3485 3494/3494/3486
f 3496/3496/3488 3495/3495/3487 3494/3494/3486
f 3497/3497/3489 3495/3495/3487 3496/3496/3488
f 3498/3498/3490 3497/3497/3489 3496/3496/3488
f 3499/3499/3491 3497/3497/3489 3498/3498/3490
f 3500/3500/3492 3499/3499/3491 3498/3498/3490
f 3501/3501/3493 3499/3499/3491 3500/3500/3492
f 3502/3502/3494 3501/3501/3493 3500/3500/3492
f 3503/3503/3495 3501/3501/3493 3502/3502/3494
f 3504/3504/3496 3503/3503/3495 3502/3502/3494
f 3505/3505/3497 3503/3503/3495 3504/3504/3496
f 3506/3506/3498 3505/3505/3497 3504/3504/3496
f 3507/3507/3499 3505/3505/3497 3506/3506/3498
f 3508/3508/3500 3507/3507/3499 3506/3506/3498
f 3509/3509/3501 3507/3507/3499 3508/3508/3500
f 3510/3510/3502 3509/3509/3501 3508/3508/3500
f 3511/3511/3503 3509/3509/3501 3510/3510/3502
f 3512/3512/3504 3511/3511/3503 3510/3510/3502
f 3513/3513/3505 3511/3511/3503 3512/3512/3504
f 3514/3514/3506 3513/3513/3505 3512/3512/3504
f 3515/3515/3507 3513/3513/3505 3514/3514/3506
f 3516/3516/3508 3515/3515/3507 3514/3514/3506
f 3517/3517/3509 3515/3515/3507 3516/3516/3508
f 3518/3518/3510 3517/3517/3509 3516/3516/3508
f 3519/3519/3511 3517/3517/3509 3518/3518/3510
f 3520/3520/3512 3519/3519/3511 3518/3518/3510
f 3521/3521/3513 3519/3519/3511 3520/3520/3512
f 3522/3522/3514 3521/3521/3513 3520/3520/3512
f 3523/3523/3515 3522/3522/3514 3520/3520/3512
f 3524/3524/3516 3522/3522/3514 3523/3523/3515
f 3525/3525/3517 3524/3524/3516 3523/3523/3515
f 3526/3526/3518 3524/3524/3516 3525/3525/3517
f 3527/3527/3519 3526/3526/3518 3525/3525/3517
f 3528/3528/3520 3526/3526/3518 3527/3527/3519
f 3529/3529/3521 3528/3528/3520 3527/3527/3519
f 3530/3530/3522 3528/3528/3520 3529/3529/3521
f 3531/3531/3523 3530/3530/3522 3529/3529/3521
f 3532/3532/3524 3530/3530/3522 3531/3531/3523
f 3533/3533/3525 3532/3532/3524 3531/3531/3523
f 3534/3534/3526 3532/3532/3524 3533/3533/3525
f 3535/3535/3527 3534/3534/3526 3533/3533/3525
f 3536/3536/3528 3534/3534/3526 3535/3535/3527
f 3537/3537/3529 3536/3536/3528 3535/3535/3527
f 3538/3538/3530 3536/3536/3528 3537/3537/3529
f 3539/3539/3531 3538/3538/3530 3537/3537/3529
f 3540/3540/3532 3538/3538/3530 3539/3539/3531
f 3541/3541/3533 3540/3540/3532 3539/3539/3531
f 3542/3542/3534 3540/3540/3532 3541/3541/3533
f 3543/3543/3535 3542/3542/3534 3541/3541/3533
f 3544/3544/3536 3542/3542/3534 3543/3543/3535
f 3545/3545/3537 3544/3544/3536 3543/3543/3535
f 3546/3546/3538 3544/3544/3536 3545/3545/3537
f 3547/3547/3539 3546/3546/3538 3545/3545/3537
f 3548/3548/3540 3546/3546/3538 3547/3547/3539
f 3549/3549/3541 3548/3548/3540 3547/3547/3539
f 3550/3550/3542 3548/3548/3540 3549/3549/3541
f 3551/3551/3543 3550/3550/3542 3549/3549/3541
f 3552/3552/3544 3550/3550/3542 3551/3551/3543
f 3553/3553/3545 3552/3552/3544 3551/3551/3543
f 3554/3554/3546 3552/3552/3544 3553/3553/3545
f 3555/3555/3547 3554/3554/3546 3553/3553/3545
f 3556/3556/3548 3554/3554/3546 3555/3555/3547
f 3557/3557/3549 3556/3556/3548 3555/3555/3547
f 3558/3558/3550 3556/3556/3548 3557/3557/3549
f 3559/3559/3551 3558/3558/3550 3557/3557/3549
f 3560/3560/3552 3558/3558/3550 3559/3559/3551
f 3561/3561/3553 3560/3560/3552 3559/3559/3551
f 3562/3562/3554 3560/3560/3552 3561/3561/3553
f 3563/3563/3555 3562/3562/3554 3561/3561/3553
f 3564/3564/3556 3562/3562/3554 3563/3563/3555
f 3565/3565/3557 3564/3564/3556 3563/3563/3555
f 3469/3469/3461 3564/3564/3556 3565/3565/3557
f 3470/3470/3462 3469/3469/3461 3565/3565/3557
f 3566/3566/3558 3470/3470/3462 3565/3565/3557
f 3567/3567/3559 3470/3470/3462 3566/3566/3558
f 3568/3568/3560 3567/3567/3559 3566/3566/3558
f 3569/3569/3561 3567/3567/3559 3568/3568/3560
f 3570/3570/3562 3569/3569/3561 3568/3568/3560
f 3571/3571/3563 3569/3569/3561 3570/3570/3562
f 3572/3572/3564 3571/3571/3563 3570/3570/3562
f 3573/3573/3565 3571/3571/3563 3572/3572/3564
f 3574/3574/3566 3573/3573/3565 3572/3572/3564
f 3575/3575/3567 3573/3573/3565 3574/3574/3566
f 3576/3576/3568 3575/3575/3567 3574/3574/3566
f 3577/3577/3569 3575/3575/3567 3576/3576/3568
f 3578/3578/3570 3577/3577/3569 3576/3576/3568
f 3579/3579/3571 3577/3577/3569 3578/3578/3570
f 3580/3580/3572 3579/3579/3571 3578/3578/3570
f 3581/3581/3573 3579/3579/3571 3580/3580/3572
f 3582/3582/3574 3581/3581/3573 3580/3580/3572
f 3583/3583/3575 3581/3581/3573 3582/3582/3574
f 3584/3584/3576 3583/3583/3575 3582/3582/3574
f 3585/3585/3577 3583/3583/3575 3584/3584/3576
f 3586/3586/3578 3585/3585/3577 3584/3584/3576
f 3587/3587/3579 3585/3585/3577 3586/3586/3578
f 3430/3430/3422 3587/3587/3579 3586/3586/3578
f 3588/3588/3580 3587/3587/3579 3430/3430/3422
f 3424/3424/3416 3588/3588/3580 3430/3430/3422
f 3589/3589/3581 3588/3588/3580 3424/3424/3416
f 3425/3425/3417 3589/3589/3581 3424/3424/3416
f 3590/3590/3582 3589/3589/3581 3425/3425/3417
f 3426/3426/3418 3590/3590/3582 3425/3425/3417
f 3591/3591/3583 3590/3590/3582 3426/3426/3418
f 3427/3427/3419 3591/3591/3583 3426/3426/3418
f 3592/3592/3584 3591/3591/3583 3427/3427/3419
f 3428/3428/3420 3592/3592/3584 3427/3427/3419
f 3593/3593/3585 3592/3592/3584 3428/3428/3420
f 3594/3594/3586 3592/3592/3584 3593/3593/3585
f 3595/3595/3587 3594/3594/3586 3593/3593/3585
f 3596/3596/3588 3594/3594/3586 3595/3595/3587
f 3597/3597/3589 3596/3596/3588 3595/3595/3587
f 3598/3598/3590 3596/3596/3588 3597/3597/3589
f 3599/3599/3591 3598/3598/3590 3597/3597/3589
f 3600/3600/3592 3598/3598/3590 3599/3599/3591
f 3601/3601/3593 3600/3600/3592 3599/3599/3591
f 3602/3602/3594 3600/3600/3592 3601/3601/3593
f 3603/3603/3595 3602/3602/3594 3601/3601/3593
f 3604/3604/3596 3602/3602/3594 3603/3603/3595
f 3605/3605/3597 3604/3604/3596 3603/3603/3595
f 3606/3606/3598 3604/3604/3596 3605/3605/3597
f 3607/3607/3599 3606/3606/3598 3605/3605/3597
f 3478/3478/3470 3606/3606/3598 3607/3607/3599
f 3480/3480/3472 3478/3478/3470 3607/3607/3599
f 3608/3608/3600 3480/3480/3472 3607/3607/3599
f 3609/3609/3601 3480/3480/3472 3608/3608/3600
f 3610/3610/3602 3609/3609/3601 3608/3608/3600
f 3611/3611/3603 3609/3609/3601 3610/3610/3602
f 3612/3612/3604 3611/3611/3603 3610/3610/3602
f 3492/3492/3484 3611/3611/3603 3612/3612/3604
f 3613/3613/3605 3492/3492/3484 3612/3612/3604
f 3494/3494/3486 3492/3492/3484 3613/3613/3605
f 3614/3614/3606 3494/3494/3486 3613/3613/3605
f 3496/3496/3488 3494/3494/3486 3614/3614/3606
f 3615/3615/3607 3496/3496/3488 3614/3614/3606
f 3498/3498/3490 3496/3496/3488 3615/3615/3607
f 3616/3616/3608 3498/3498/3490 3615/3615/3607
f 3617/3617/3609 3498/3498/3490 3616/3616/3608
f 3618/3618/3610 3617/3617/3609 3616/3616/3608
f 3619/3619/3611 3617/3617/3609 3618/3618/3610
f 3620/3620/3612 3619/3619/3611 3618/3618/3610
f 3621/3621/3613 3619/3619/3611 3620/3620/3612
f 3622/3622/3614 3621/3621/3613 3620/3620/3612
f 3623/3623/3615 3621/3621/3613 3622/3622/3614
f 3624/3624/3616 3623/3623/3615 3622/3622/3614
f 3625/3625/3617 3623/3623/3615 3624/3624/3616
f 3626/3626/3618 3625/3625/3617 3624/3624/3616
f 3627/3627/3619 3625/3625/3617 3626/3626/3618
f 3628/3628/3620 3627/3627/3619 3626/3626/3618
f 3629/3629/3621 3627/3627/3619 3628/3628/3620
f 3630/3630/3622 3629/3629/3621 3628/3628/3620
f 3631/3631/3623 3629/3629/3621 3630/3630/3622
f 3632/3632/3624 3629/3629/3621 3631/3631/3623
f 3633/3633/3625 3632/3632/3624 3631/3631/3623
f 3634/3634/3626 3632/3632/3624 3633/3633/3625
f 3635/3635/3627 3634/3634/3626 3633/3633/3625
f 3636/3636/3628 3634/3634/3626 3635/3635/3627
f 3422/3422/3414 3636/3636/3628 3635/3635/3627
f 3637/3637/3629 3636/3636/3628 3422/3422/3414
f 3421/3421/3413 3637/3637/3629 3422/3422/3414
f 3638/3638/3630 3637/3637/3629 3421/3421/3413
f 3423/3423/3415 3638/3638/3630 3421/3421/3413
f 3639/3639/3631 3638/3638/3630 3423/3423/3415
f 3429/3429/3421 3639/3639/3631 3423/3423/3415
f 3640/3640/3632 3639/3639/3631 3429/3429/3421
f 3430/3430/3422 3640/3640/3632 3429/3429/3421
f 3586/3586/3578 3640/3640/3632 3430/3430/3422
f 3641/3641/3633 3640/3640/3632 3586/3586/3578
f 3642/3642/3634 3641/3641/3633 3586/3586/3578
f 3643/3643/3635 3641/3641/3633 3642/3642/3634
f 3644/3644/3636 3643/3643/3635 3642/3642/3634
f 3645/3645/3637 3643/3643/3635 3644/3644/3636
f 3646/3646/3638 3645/3645/3637 3644/3644/3636
f 3647/3647/3639 3645/3645/3637 3646/3646/3638
f 3578/3578/3570 3647/3647/3639 3646/3646/3638
f 3576/3576/3568 3647/3647/3639 3578/3578/3570
f 3648/3648/3640 3647/3647/3639 3576/3576/3568
f 3649/3649/3641 3648/3648/3640 3576/3576/3568
f 3650/3650/3642 3648/3648/3640 3649/3649/3641
f 3651/3651/3643 3650/3650/3642 3649/3649/3641
f 3652/3652/3644 3650/3650/3642 3651/3651/3643
f 3653/3653/3645 3652/3652/3644 3651/3651/3643
f 3551/3551/3543 3652/3652/3644 3653/3653/3645
f 3654/3654/3646 3551/3551/3543 3653/3653/3645
f 3553/3553/3545 3551/3551/3543 3654/3654/3646
f 3655/3655/3647 3553/3553/3545 3654/3654/3646
f 3555/3555/3547 3553/3553/3545 3655/3655/3647
f 3557/3557/3549 3555/3555/3547 3655/3655/3647
f 3656/3656/3648 3557/3557/3549 3655/3655/3647
f 3559/3559/3551 3557/3557/3549 3656/3656/3648
f 3561/3561/3553 3559/3559/3551 3656/3656/3648
f 3657/3657/3649 3561/3561/3553 3656/3656/3648
f 3563/3563/3555 3561/3561/3553 3657/3657/3649
f 3658/3658/3650 3563/3563/3555 3657/3657/3649
f 3659/3659/3651 3563/3563/3555 3658/3658/3650
f 3568/3568/3560 3659/3659/3651 3658/3658/3650
f 3566/3566/3558 3659/3659/3651 3568/3568/3560
f 3565/3565/3557 3659/3659/3651 3566/3566/3558
f 3563/3563/3555 3659/3659/3651 3565/3565/3557
f 3653/3653/3645 3660/3660/3652 3661/3661/3653
f 3662/3662/3654 3660/3660/3652 3653/3653/3645
f 3651/3651/3643 3662/3662/3654 3653/3653/3645
f 3660/3660/3652 3662/3662/3654 3663/3663/3655
f 3654/3654/3646 3653/3653/3645 3661/3661/3653
f 3655/3655/3647 3654/3654/3646 3661/3661/3653
f 3656/3656/3648 3655/3655/3647 3661/3661/3653
f 3657/3657/3649 3656/3656/3648 3661/3661/3653
f 3660/3660/3652 3657/3657/3649 3661/3661/3653
f 3658/3658/3650 3657/3657/3649 3660/3660/3652
f 3663/3663/3655 3658/3658/3650 3660/3660/3652
f 3568/3568/3560 3658/3658/3650 3663/3663/3655
f 3570/3570/3562 3568/3568/3560 3663/3663/3655
f 3572/3572/3564 3570/3570/3562 3663/3663/3655
f 3662/3662/3654 3572/3572/3564 3663/3663/3655
f 3664/3664/3656 3572/3572/3564 3662/3662/3654
f 3651/3651/3643 3664/3664/3656 3662/3662/3654
f 3649/3649/3641 3664/3664/3656 3651/3651/3643
f 3574/3574/3566 3664/3664/3656 3649/3649/3641
f 3576/3576/3568 3574/3574/3566 3649/3649/3641
f 3664/3664/3656 3574/3574/3566 3572/3572/3564
f 3550/3550/3542 3552/3552/3544 3554/3554/3546
f 3665/3665/3657 3550/3550/3542 3554/3554/3546
f 3548/3548/3540 3550/3550/3542 3665/3665/3657
f 3666/3666/3658 3667/3667/3659 3668/3668/3660
f 3669/3669/3661 3666/3666/3658 3668/3668/3660
f 3670/3670/3662 3666/3666/3658 3669/3669/3661
f 3671/3671/3663 3670/3670/3662 3669/3669/3661
f 3672/3672/3664 3670/3670/3662 3671/3671/3663
f 3673/3673/3665 3672/3672/3664 3671/3671/3663
f 3674/3674/3666 3672/3672/3664 3673/3673/3665
f 3558/3558/3550 3674/3674/3666 3673/3673/3665
f 3560/3560/3552 3674/3674/3666 3558/3558/3550
f 3675/3675/3667 3674/3674/3666 3560/3560/3552
f 3562/3562/3554 3675/3675/3667 3560/3560/3552
f 3676/3676/3668 3675/3675/3667 3562/3562/3554
f 3564/3564/3556 3676/3676/3668 3562/3562/3554
f 3677/3677/3669 3676/3676/3668 3564/3564/3556
f 3468/3468/3460 3677/3677/3669 3564/3564/3556
f 3678/3678/3670 3677/3677/3669 3468/3468/3460
f 3467/3467/3459 3678/3678/3670 3468/3468/3460
f 3679/3679/3671 3678/3678/3670 3467/3467/3459
f 3465/3465/3457 3679/3679/3671 3467/3467/3459
f 3680/3680/3672 3679/3679/3671 3465/3465/3457
f 3463/3463/3455 3680/3680/3672 3465/3465/3457
f 3681/3681/3673 3680/3680/3672 3463/3463/3455
f 3461/3461/3453 3681/3681/3673 3463/3463/3455
f 3682/3682/3674 3681/3681/3673 3461/3461/3453
f 3459/3459/3451 3682/3682/3674 3461/3461/3453
f 3683/3683/3675 3682/3682/3674 3459/3459/3451
f 3457/3457/3449 3683/3683/3675 3459/3459/3451
f 3454/3454/3446 3683/3683/3675 3457/3457/3449
f 3684/3684/3676 3683/3683/3675 3454/3454/3446
f 3685/3685/3677 3684/3684/3676 3454/3454/3446
f 3686/3686/3678 3684/3684/3676 3685/3685/3677
f 3687/3687/3679 3686/3686/3678 3685/3685/3677
f 3688/3688/3680 3686/3686/3678 3687/3687/3679
f 3689/3689/3681 3688/3688/3680 3687/3687/3679
f 3690/3690/3682 3688/3688/3680 3689/3689/3681
f 3691/3691/3683 3690/3690/3682 3689/3689/3681
f 3692/3692/3684 3690/3690/3682 3691/3691/3683
f 3483/3483/3475 3692/3692/3684 3691/3691/3683
f 3693/3693/3685 3692/3692/3684 3483/3483/3475
f 3485/3485/3477 3693/3693/3685 3483/3483/3475
f 3694/3694/3686 3693/3693/3685 3485/3485/3477
f 3695/3695/3687 3694/3694/3686 3485/3485/3477
f 3696/3696/3688 3694/3694/3686 3695/3695/3687
f 3697/3697/3689 3696/3696/3688 3695/3695/3687
f 3698/3698/3690 3696/3696/3688 3697/3697/3689
f 3699/3699/3691 3698/3698/3690 3697/3697/3689
f 3700/3700/3692 3698/3698/3690 3699/3699/3691
f 3701/3701/3693 3700/3700/3692 3699/3699/3691
f 3702/3702/3694 3700/3700/3692 3701/3701/3693
f 3703/3703/3695 3702/3702/3694 3701/3701/3693
f 3704/3704/3696 3702/3702/3694 3703/3703/3695
f 3705/3705/3697 3704/3704/3696 3703/3703/3695
f 3706/3706/3698 3704/3704/3696 3705/3705/3697
f 3707/3707/3699 3706/3706/3698 3705/3705/3697
f 3708/3708/3700 3707/3707/3699 3705/3705/3697
f 3709/3709/3701 3707/3707/3699 3708/3708/3700
f 3710/3710/3702 3709/3709/3701 3708/3708/3700
f 3711/3711/3703 3709/3709/3701 3710/3710/3702
f 3712/3712/3704 3711/3711/3703 3710/3710/3702
f 3713/3713/3705 3711/3711/3703 3712/3712/3704
f 3714/3714/3706 3713/3713/3705 3712/3712/3704
f 3715/3715/3707 3713/3713/3705 3714/3714/3706
f 3716/3716/3708 3715/3715/3707 3714/3714/3706
f 3717/3717/3709 3715/3715/3707 3716/3716/3708
f 3718/3718/3710 3717/3717/3709 3716/3716/3708
f 3719/3719/3711 3717/3717/3709 3718/3718/3710
f 3720/3720/3712 3719/3719/3711 3718/3718/3710
f 3721/3721/3713 3719/3719/3711 3720/3720/3712
f 3722/3722/3714 3721/3721/3713 3720/3720/3712
f 3723/3723/3715 3721/3721/3713 3722/3722/3714
f 3724/3724/3716 3723/3723/3715 3722/3722/3714
f 3725/3725/3717 3723/3723/3715 3724/3724/3716
f 3726/3726/3718 3725/3725/3717 3724/3724/3716
f 3727/3727/3719 3725/3725/3717 3726/3726/3718
f 3728/3728/3720 3727/3727/3719 3726/3726/3718
f 3729/3729/3721 3727/3727/3719 3728/3728/3720
f 3730/3730/3722 3729/3729/3721 3728/3728/3720
f 3731/3731/3723 3729/3729/3721 3730/3730/3722
f 3732/3732/3724 3731/3731/3723 3730/3730/3722
f 3733/3733/3725 3731/3731/3723 3732/3732/3724
f 3734/3734/3726 3733/3733/3725 3732/3732/3724
f 3735/3735/3727 3733/3733/3725 3734/3734/3726
f 3736/3736/3728 3735/3735/3727 3734/3734/3726
f 3737/3737/3729 3735/3735/3727 3736/3736/3728
f 3738/3738/3730 3737/3737/3729 3736/3736/3728
f 3739/3739/3731 3737/3737/3729 3738/3738/3730
f 3740/3740/3732 3739/3739/3731 3738/3738/3730
f 3668/3668/3660 3739/3739/3731 3740/3740/3732
f 3741/3741/3733 3668/3668/3660 3740/3740/3732
f 3669/3669/3661 3668/3668/3660 3741/3741/3733
f 3742/3742/3734 3669/3669/3661 3741/3741/3733
f 3743/3743/3735 3669/3669/3661 3742/3742/3734
f 3744/3744/3736 3743/3743/3735 3742/3742/3734
f 3556/3556/3548 3743/3743/3735 3744/3744/3736
f 3745/3745/3737 3556/3556/3548 3744/3744/3736
f 3554/3554/3546 3556/3556/3548 3745/3745/3737
f 3746/3746/3738 3554/3554/3546 3745/3745/3737
f 3665/3665/3657 3554/3554/3546 3746/3746/3738
f 3747/3747/3739 3665/3665/3657 3746/3746/3738
f 3548/3548/3540 3665/3665/3657 3747/3747/3739
f 3546/3546/3538 3548/3548/3540 3747/3747/3739
f 3544/3544/3536 3546/3546/3538 3747/3747/3739
f 3542/3542/3534 3544/3544/3536 3747/3747/3739
f 3746/3746/3738 3542/3542/3534 3747/3747/3739
f 3540/3540/3532 3542/3542/3534 3746/3746/3738
f 3748/3748/3740 3540/3540/3532 3746/3746/3738
f 3749/3749/3741 3540/3540/3532 3748/3748/3740
f 3750/3750/3742 3749/3749/3741 3748/3748/3740
f 3751/3751/3743 3749/3749/3741 3750/3750/3742
f 3752/3752/3744 3751/3751/3743 3750/3750/3742
f 3753/3753/3745 3751/3751/3743 3752/3752/3744
f 3754/3754/3746 3753/3753/3745 3752/3752/3744
f 3755/3755/3747 3753/3753/3745 3754/3754/3746
f 3756/3756/3748 3755/3755/3747 3754/3754/3746
f 3757/3757/3749 3755/3755/3747 3756/3756/3748
f 3758/3758/3750 3757/3757/3749 3756/3756/3748
f 3730/3730/3722 3757/3757/3749 3758/3758/3750
f 3732/3732/3724 3730/3730/3722 3758/3758/3750
f 3759/3759/3751 3732/3732/3724 3758/3758/3750
f 3760/3760/3752 3732/3732/3724 3759/3759/3751
f 3761/3761/3753 3760/3760/3752 3759/3759/3751
f 3762/3762/3754 3760/3760/3752 3761/3761/3753
f 3754/3754/3746 3762/3762/3754 3761/3761/3753
f 3763/3763/3755 3762/3762/3754 3754/3754/3746
f 3752/3752/3744 3763/3763/3755 3754/3754/3746
f 3750/3750/3742 3763/3763/3755 3752/3752/3744
f 3764/3764/3756 3763/3763/3755 3750/3750/3742
f 3748/3748/3740 3764/3764/3756 3750/3750/3742
f 3765/3765/3757 3764/3764/3756 3748/3748/3740
f 3744/3744/3736 3765/3765/3757 3748/3748/3740
f 3742/3742/3734 3765/3765/3757 3744/3744/3736
f 3766/3766/3758 3765/3765/3757 3742/3742/3734
f 3740/3740/3732 3766/3766/3758 3742/3742/3734
f 3767/3767/3759 3766/3766/3758 3740/3740/3732
f 3768/3768/3760 3767/3767/3759 3740/3740/3732
f 3769/3769/3761 3767/3767/3759 3768/3768/3760
f 3734/3734/3726 3769/3769/3761 3768/3768/3760
f 3732/3732/3724 3769/3769/3761 3734/3734/3726
f 3770/3770/3762 3769/3769/3761 3732/3732/3724
f 3771/3771/3763 3770/3770/3762 3732/3732/3724
f 3772/3772/3764 3770/3770/3762 3771/3771/3763
f 3762/3762/3754 3772/3772/3764 3771/3771/3763
f 3763/3763/3755 3772/3772/3764 3762/3762/3754
f 3766/3766/3758 3772/3772/3764 3763/3763/3755
f 3764/3764/3756 3766/3766/3758 3763/3763/3755
f 3765/3765/3757 3766/3766/3758 3764/3764/3756
f 3772/3772/3764 3766/3766/3758 3767/3767/3759
f 3770/3770/3762 3772/3772/3764 3767/3767/3759
f 3769/3769/3761 3770/3770/3762 3767/3767/3759
f 3741/3741/3733 3740/3740/3732 3742/3742/3734
f 3760/3760/3752 3771/3771/3763 3732/3732/3724
f 3762/3762/3754 3771/3771/3763 3760/3760/3752
f 3768/3768/3760 3740/3740/3732 3738/3738/3730
f 3736/3736/3728 3768/3768/3760 3738/3738/3730
f 3734/3734/3726 3768/3768/3760 3736/3736/3728
f 3746/3746/3738 3744/3744/3736 3748/3748/3740
f 3745/3745/3737 3744/3744/3736 3746/3746/3738
f 3773/3773/3765 3774/3774/3766 3775/3775/3767
f 3776/3776/3768 3777/3777/3769 3778/3778/3770
f 3779/3779/3771 3776/3776/3768 3778/3778/3770
f 3780/3780/3772 3779/3779/3771 3778/3778/3770
f 3781/3781/3773 3780/3780/3772 3778/3778/3770
f 3782/3782/3774 3780/3780/3772 3781/3781/3773
f 3773/3773/3765 3782/3782/3774 3781/3781/3773
f 3775/3775/3767 3782/3782/3774 3773/3773/3765
f 3783/3783/3775 3782/3782/3774 3775/3775/3767
f 3784/3784/3776 3783/3783/3775 3775/3775/3767
f 3785/3785/3777 3783/3783/3775 3784/3784/3776
f 3786/3786/3778 3785/3785/3777 3784/3784/3776
f 3787/3787/3779 3785/3785/3777 3786/3786/3778
f 3788/3788/3780 3787/3787/3779 3786/3786/3778
f 3518/3518/3510 3787/3787/3779 3788/3788/3780
f 3789/3789/3781 3787/3787/3779 3518/3518/3510
f 3516/3516/3508 3789/3789/3781 3518/3518/3510
f 3790/3790/3782 3789/3789/3781 3516/3516/3508
f 3514/3514/3506 3790/3790/3782 3516/3516/3508
f 3791/3791/3783 3790/3790/3782 3514/3514/3506
f 3512/3512/3504 3791/3791/3783 3514/3514/3506
f 3792/3792/3784 3791/3791/3783 3512/3512/3504
f 3510/3510/3502 3792/3792/3784 3512/3512/3504
f 3785/3785/3777 3787/3787/3779 3789/3789/3781
f 3790/3790/3782 3785/3785/3777 3789/3789/3781
f 3793/3793/3785 3785/3785/3777 3790/3790/3782
f 3783/3783/3775 3785/3785/3777 3793/3793/3785
f 3780/3780/3772 3783/3783/3775 3793/3793/3785
f 3782/3782/3774 3783/3783/3775 3780/3780/3772
f 3788/3788/3780 3520/3520/3512 3518/3518/3510
f 3523/3523/3515 3520/3520/3512 3788/3788/3780
f 3794/3794/3786 3779/3779/3771 3780/3780/3772
f 3793/3793/3785 3794/3794/3786 3780/3780/3772
f 3795/3795/3787 3794/3794/3786 3793/3793/3785
f 3790/3790/3782 3795/3795/3787 3793/3793/3785
f 3791/3791/3783 3795/3795/3787 3790/3790/3782
f 3796/3796/3788 3795/3795/3787 3791/3791/3783
f 3797/3797/3789 3796/3796/3788 3791/3791/3783
f 3798/3798/3790 3796/3796/3788 3797/3797/3789
f 3799/3799/3791 3798/3798/3790 3797/3797/3789
f 3800/3800/3792 3799/3799/3791 3797/3797/3789
f 3801/3801/3793 3799/3799/3791 3800/3800/3792
f 3802/3802/3794 3801/3801/3793 3800/3800/3792
f 3803/3803/3795 3802/3802/3794 3800/3800/3792
f 3797/3797/3789 3803/3803/3795 3800/3800/3792
f 3794/3794/3786 3795/3795/3787 3796/3796/3788
f 3779/3779/3771 3794/3794/3786 3796/3796/3788
f 3792/3792/3784 3797/3797/3789 3791/3791/3783
f 3803/3803/3795 3797/3797/3789 3792/3792/3784
f 3510/3510/3502 3803/3803/3795 3792/3792/3784
f 3508/3508/3500 3803/3803/3795 3510/3510/3502
f 3506/3506/3498 3803/3803/3795 3508/3508/3500
f 3802/3802/3794 3803/3803/3795 3506/3506/3498
f 3504/3504/3496 3802/3802/3794 3506/3506/3498
f 3502/3502/3494 3802/3802/3794 3504/3504/3496
f 3500/3500/3492 3802/3802/3794 3502/3502/3494
f 3801/3801/3793 3802/3802/3794 3500/3500/3492
f 3804/3804/3796 3801/3801/3793 3500/3500/3492
f 3799/3799/3791 3801/3801/3793 3804/3804/3796
f 3805/3805/3797 3799/3799/3791 3804/3804/3796
f 3798/3798/3790 3799/3799/3791 3805/3805/3797
f 3806/3806/3798 3798/3798/3790 3805/3805/3797
f 3796/3796/3788 3798/3798/3790 3806/3806/3798
f 3807/3807/3799 3796/3796/3788 3806/3806/3798
f 3779/3779/3771 3796/3796/3788 3807/3807/3799
f 3627/3627/3619 3779/3779/3771 3807/3807/3799
f 3776/3776/3768 3779/3779/3771 3627/3627/3619
f 3629/3629/3621 3776/3776/3768 3627/3627/3619
f 3632/3632/3624 3776/3776/3768 3629/3629/3621
f 3777/3777/3769 3776/3776/3768 3632/3632/3624
f 3634/3634/3626 3777/3777/3769 3632/3632/3624
f 3808/3808/3800 3777/3777/3769 3634/3634/3626
f 3638/3638/3630 3808/3808/3800 3634/3634/3626
f 3639/3639/3631 3808/3808/3800 3638/3638/3630
f 3781/3781/3773 3808/3808/3800 3639/3639/3631
f 3640/3640/3632 3781/3781/3773 3639/3639/3631
f 3773/3773/3765 3781/3781/3773 3640/3640/3632
f 3641/3641/3633 3773/3773/3765 3640/3640/3632
f 3774/3774/3766 3773/3773/3765 3641/3641/3633
f 3809/3809/3801 3774/3774/3766 3641/3641/3633
f 3775/3775/3767 3774/3774/3766 3809/3809/3801
f 3810/3810/3802 3775/3775/3767 3809/3809/3801
f 3784/3784/3776 3775/3775/3767 3810/3810/3802
f 3811/3811/3803 3784/3784/3776 3810/3810/3802
f 3786/3786/3778 3784/3784/3776 3811/3811/3803
f 3812/3812/3804 3786/3786/3778 3811/3811/3803
f 3788/3788/3780 3786/3786/3778 3812/3812/3804
f 3813/3813/3805 3788/3788/3780 3812/3812/3804
f 3523/3523/3515 3788/3788/3780 3813/3813/3805
f 3525/3525/3517 3523/3523/3515 3813/3813/3805
f 3814/3814/3806 3525/3525/3517 3813/3813/3805
f 3527/3527/3519 3525/3525/3517 3814/3814/3806
f 3815/3815/3807 3527/3527/3519 3814/3814/3806
f 3816/3816/3808 3527/3527/3519 3815/3815/3807
f 3817/3817/3809 3816/3816/3808 3815/3815/3807
f 3818/3818/3810 3816/3816/3808 3817/3817/3809
f 3819/3819/3811 3818/3818/3810 3817/3817/3809
f 3820/3820/3812 3818/3818/3810 3819/3819/3811
f 3821/3821/3813 3820/3820/3812 3819/3819/3811
f 3822/3822/3814 3820/3820/3812 3821/3821/3813
f 3823/3823/3815 3820/3820/3812 3822/3822/3814
f 3824/3824/3816 3823/3823/3815 3822/3822/3814
f 3825/3825/3817 3823/3823/3815 3824/3824/3816
f 3826/3826/3818 3825/3825/3817 3824/3824/3816
f 3827/3827/3819 3825/3825/3817 3826/3826/3818
f 3828/3828/3820 3827/3827/3819 3826/3826/3818
f 3829/3829/3821 3827/3827/3819 3828/3828/3820
f 3830/3830/3822 3829/3829/3821 3828/3828/3820
f 3831/3831/3823 3829/3829/3821 3830/3830/3822
f 3832/3832/3824 3831/3831/3823 3830/3830/3822
f 3833/3833/3825 3831/3831/3823 3832/3832/3824
f 3834/3834/3826 3833/3833/3825 3832/3832/3824
f 3835/3835/3827 3833/3833/3825 3834/3834/3826
f 3836/3836/3828 3835/3835/3827 3834/3834/3826
f 3837/3837/3829 3835/3835/3827 3836/3836/3828
f 3838/3838/3830 3837/3837/3829 3836/3836/3828
f 3547/3547/3539 3837/3837/3829 3838/3838/3830
f 3839/3839/3831 3547/3547/3539 3838/3838/3830
f 3840/3840/3832 3547/3547/3539 3839/3839/3831
f 3841/3841/3833 3840/3840/3832 3839/3839/3831
f 3650/3650/3642 3840/3840/3832 3841/3841/3833
f 3648/3648/3640 3650/3650/3642 3841/3841/3833
f 3842/3842/3834 3648/3648/3640 3841/3841/3833
f 3843/3843/3835 3648/3648/3640 3842/3842/3834
f 3844/3844/3836 3843/3843/3835 3842/3842/3834
f 3845/3845/3837 3843/3843/3835 3844/3844/3836
f 3846/3846/3838 3845/3845/3837 3844/3844/3836
f 3847/3847/3839 3845/3845/3837 3846/3846/3838
f 3848/3848/3840 3847/3847/3839 3846/3846/3838
f 3849/3849/3841 3847/3847/3839 3848/3848/3840
f 3850/3850/3842 3849/3849/3841 3848/3848/3840
f 3851/3851/3843 3849/3849/3841 3850/3850/3842
f 3852/3852/3844 3851/3851/3843 3850/3850/3842
f 3853/3853/3845 3851/3851/3843 3852/3852/3844
f 3854/3854/3846 3853/3853/3845 3852/3852/3844
f 3813/3813/3805 3853/3853/3845 3854/3854/3846
f 3814/3814/3806 3813/3813/3805 3854/3854/3846
f 3815/3815/3807 3814/3814/3806 3854/3854/3846
f 3855/3855/3847 3815/3815/3807 3854/3854/3846
f 3817/3817/3809 3815/3815/3807 3855/3855/3847
f 3856/3856/3848 3817/3817/3809 3855/3855/3847
f 3857/3857/3849 3817/3817/3809 3856/3856/3848
f 3819/3819/3811 3817/3817/3809 3857/3857/3849
f 3809/3809/3801 3845/3845/3837 3847/3847/3839
f 3810/3810/3802 3809/3809/3801 3847/3847/3839
f 3849/3849/3841 3810/3810/3802 3847/3847/3839
f 3811/3811/3803 3810/3810/3802 3849/3849/3841
f 3851/3851/3843 3811/3811/3803 3849/3849/3841
f 3812/3812/3804 3811/3811/3803 3851/3851/3843
f 3853/3853/3845 3812/3812/3804 3851/3851/3843
f 3813/3813/3805 3812/3812/3804 3853/3853/3845
f 3843/3843/3835 3647/3647/3639 3648/3648/3640
f 3645/3645/3637 3647/3647/3639 3843/3843/3835
f 3845/3845/3837 3645/3645/3637 3843/3843/3835
f 3643/3643/3635 3645/3645/3637 3845/3845/3837
f 3809/3809/3801 3643/3643/3635 3845/3845/3837
f 3641/3641/3633 3643/3643/3635 3809/3809/3801
f 3858/3858/3850 3856/3856/3848 3855/3855/3847
f 3859/3859/3851 3858/3858/3850 3855/3855/3847
f 3860/3860/3852 3858/3858/3850 3859/3859/3851
f 3861/3861/3853 3860/3860/3852 3859/3859/3851
f 3862/3862/3854 3860/3860/3852 3861/3861/3853
f 3863/3863/3855 3862/3862/3854 3861/3861/3853
f 3864/3864/3856 3863/3863/3855 3861/3861/3853
f 3865/3865/3857 3863/3863/3855 3864/3864/3856
f 3852/3852/3844 3855/3855/3847 3854/3854/3846
f 3859/3859/3851 3855/3855/3847 3852/3852/3844
f 3850/3850/3842 3859/3859/3851 3852/3852/3844
f 3861/3861/3853 3859/3859/3851 3850/3850/3842
f 3848/3848/3840 3861/3861/3853 3850/3850/3842
f 3864/3864/3856 3861/3861/3853 3848/3848/3840
f 3866/3866/3858 3864/3864/3856 3848/3848/3840
f 3865/3865/3857 3864/3864/3856 3866/3866/3858
f 3867/3867/3859 3865/3865/3857 3866/3866/3858
f 3868/3868/3860 3867/3867/3859 3866/3866/3858
f 3869/3869/3861 3867/3867/3859 3868/3868/3860
f 3870/3870/3862 3869/3869/3861 3868/3868/3860
f 3871/3871/3863 3870/3870/3862 3868/3868/3860
f 3872/3872/3864 3870/3870/3862 3871/3871/3863
f 3873/3873/3865 3872/3872/3864 3871/3871/3863
f 3874/3874/3866 3872/3872/3864 3873/3873/3865
f 3875/3875/3867 3874/3874/3866 3873/3873/3865
f 3876/3876/3868 3874/3874/3866 3875/3875/3867
f 3877/3877/3869 3876/3876/3868 3875/3875/3867
f 3878/3878/3870 3876/3876/3868 3877/3877/3869
f 3828/3828/3820 3878/3878/3870 3877/3877/3869
f 3826/3826/3818 3878/3878/3870 3828/3828/3820
f 3879/3879/3871 3878/3878/3870 3826/3826/3818
f 3824/3824/3816 3879/3879/3871 3826/3826/3818
f 3872/3872/3864 3880/3880/3872 3870/3870/3862
f 3881/3881/3873 3880/3880/3872 3872/3872/3864
f 3874/3874/3866 3881/3881/3873 3872/3872/3864
f 3882/3882/3874 3881/3881/3873 3874/3874/3866
f 3876/3876/3868 3882/3882/3874 3874/3874/3866
f 3883/3883/3875 3882/3882/3874 3876/3876/3868
f 3878/3878/3870 3883/3883/3875 3876/3876/3868
f 3879/3879/3871 3883/3883/3875 3878/3878/3870
f 3871/3871/3863 3868/3868/3860 3884/3884/3876
f 3885/3885/3877 3871/3871/3863 3884/3884/3876
f 3873/3873/3865 3871/3871/3863 3885/3885/3877
f 3886/3886/3878 3873/3873/3865 3885/3885/3877
f 3887/3887/3879 3873/3873/3865 3886/3886/3878
f 3836/3836/3828 3887/3887/3879 3886/3886/3878
f 3834/3834/3826 3887/3887/3879 3836/3836/3828
f 3873/3873/3865 3887/3887/3879 3834/3834/3826
f 3832/3832/3824 3873/3873/3865 3834/3834/3826
f 3875/3875/3867 3873/3873/3865 3832/3832/3824
f 3877/3877/3869 3875/3875/3867 3832/3832/3824
f 3830/3830/3822 3877/3877/3869 3832/3832/3824
f 3828/3828/3820 3877/3877/3869 3830/3830/3822
f 3886/3886/3878 3885/3885/3877 3884/3884/3876
f 3846/3846/3838 3866/3866/3858 3848/3848/3840
f 3868/3868/3860 3866/3866/3858 3846/3846/3838
f 3884/3884/3876 3868/3868/3860 3846/3846/3838
f 3844/3844/3836 3884/3884/3876 3846/3846/3838
f 3886/3886/3878 3884/3884/3876 3844/3844/3836
f 3842/3842/3834 3886/3886/3878 3844/3844/3836
f 3836/3836/3828 3886/3886/3878 3842/3842/3834
f 3838/3838/3830 3836/3836/3828 3842/3842/3834
f 3841/3841/3833 3838/3838/3830 3842/3842/3834
f 3839/3839/3831 3838/3838/3830 3841/3841/3833
f 3888/3888/3880 3889/3889/3881 3890/3890/3882
f 3891/3891/3883 3888/3888/3880 3890/3890/3882
f 3892/3892/3884 3891/3891/3883 3890/3890/3882
f 3717/3717/3709 3890/3890/3882 3889/3889/3881
f 3715/3715/3707 3717/3717/3709 3889/3889/3881
f 3888/3888/3880 3715/3715/3707 3889/3889/3881
f 3893/3893/3885 3715/3715/3707 3888/3888/3880
f 3713/3713/3705 3715/3715/3707 3893/3893/3885
f 3711/3711/3703 3713/3713/3705 3893/3893/3885
f 3894/3894/3886 3711/3711/3703 3893/3893/3885
f 3709/3709/3701 3711/3711/3703 3894/3894/3886
f 3895/3895/3887 3702/3702/3694 3704/3704/3696
f 3896/3896/3888 3702/3702/3694 3895/3895/3887
f 3897/3897/3889 3896/3896/3888 3895/3895/3887
f 3898/3898/3890 3896/3896/3888 3897/3897/3889
f 3899/3899/3891 3898/3898/3890 3897/3897/3889
f 3900/3900/3892 3898/3898/3890 3899/3899/3891
f 3892/3892/3884 3900/3900/3892 3899/3899/3891
f 3901/3901/3893 3900/3900/3892 3892/3892/3884
f 3890/3890/3882 3901/3901/3893 3892/3892/3884
f 3902/3902/3894 3901/3901/3893 3890/3890/3882
f 3717/3717/3709 3902/3902/3894 3890/3890/3882
f 3903/3903/3895 3902/3902/3894 3717/3717/3709
f 3719/3719/3711 3903/3903/3895 3717/3717/3709
f 3904/3904/3896 3903/3903/3895 3719/3719/3711
f 3721/3721/3713 3904/3904/3896 3719/3719/3711
f 3905/3905/3897 3904/3904/3896 3721/3721/3713
f 3906/3906/3898 3904/3904/3896 3905/3905/3897
f 3907/3907/3899 3906/3906/3898 3905/3905/3897
f 3908/3908/3900 3906/3906/3898 3907/3907/3899
f 3909/3909/3901 3908/3908/3900 3907/3907/3899
f 3910/3910/3902 3908/3908/3900 3909/3909/3901
f 3911/3911/3903 3910/3910/3902 3909/3909/3901
f 3912/3912/3904 3910/3910/3902 3911/3911/3903
f 3913/3913/3905 3912/3912/3904 3911/3911/3903
f 3914/3914/3906 3912/3912/3904 3913/3913/3905
f 3667/3667/3659 3914/3914/3906 3913/3913/3905
f 3915/3915/3907 3914/3914/3906 3667/3667/3659
f 3666/3666/3658 3915/3915/3907 3667/3667/3659
f 3916/3916/3908 3915/3915/3907 3666/3666/3658
f 3670/3670/3662 3916/3916/3908 3666/3666/3658
f 3917/3917/3909 3916/3916/3908 3670/3670/3662
f 3918/3918/3910 3917/3917/3909 3670/3670/3662
f 3919/3919/3911 3917/3917/3909 3918/3918/3910
f 3920/3920/3912 3919/3919/3911 3918/3918/3910
f 3921/3921/3913 3919/3919/3911 3920/3920/3912
f 3922/3922/3914 3921/3921/3913 3920/3920/3912
f 3923/3923/3915 3921/3921/3913 3922/3922/3914
f 3924/3924/3916 3923/3923/3915 3922/3922/3914
f 3680/3680/3672 3923/3923/3915 3924/3924/3916
f 3679/3679/3671 3680/3680/3672 3924/3924/3916
f 3678/3678/3670 3679/3679/3671 3924/3924/3916
f 3925/3925/3917 3678/3678/3670 3924/3924/3916
f 3676/3676/3668 3678/3678/3670 3925/3925/3917
f 3675/3675/3667 3676/3676/3668 3925/3925/3917
f 3926/3926/3918 3675/3675/3667 3925/3925/3917
f 3674/3674/3666 3675/3675/3667 3926/3926/3918
f 3927/3927/3919 3674/3674/3666 3926/3926/3918
f 3672/3672/3664 3674/3674/3666 3927/3927/3919
f 3920/3920/3912 3672/3672/3664 3927/3927/3919
f 3918/3918/3910 3672/3672/3664 3920/3920/3912
f 3670/3670/3662 3672/3672/3664 3918/3918/3910
f 3924/3924/3916 3926/3926/3918 3925/3925/3917
f 3922/3922/3914 3926/3926/3918 3924/3924/3916
f 3927/3927/3919 3926/3926/3918 3922/3922/3914
f 3920/3920/3912 3927/3927/3919 3922/3922/3914
f 3677/3677/3669 3678/3678/3670 3676/3676/3668
f 3928/3928/3920 3929/3929/3921 3930/3930/3922
f 3931/3931/3923 3928/3928/3920 3930/3930/3922
f 3919/3919/3911 3928/3928/3920 3931/3931/3923
f 3932/3932/3924 3919/3919/3911 3931/3931/3923
f 3917/3917/3909 3919/3919/3911 3932/3932/3924
f 3916/3916/3908 3917/3917/3909 3932/3932/3924
f 3915/3915/3907 3916/3916/3908 3932/3932/3924
f 3930/3930/3922 3915/3915/3907 3932/3932/3924
f 3933/3933/3925 3915/3915/3907 3930/3930/3922
f 3929/3929/3921 3933/3933/3925 3930/3930/3922
f 3930/3930/3922 3932/3932/3924 3931/3931/3923
f 3934/3934/3926 3935/3935/3927 3914/3914/3906
f 3915/3915/3907 3934/3934/3926 3914/3914/3906
f 3933/3933/3925 3934/3934/3926 3915/3915/3907
f 3914/3914/3906 3936/3936/3928 3912/3912/3904
f 3937/3937/3929 3910/3910/3902 3912/3912/3904
f 3936/3936/3928 3937/3937/3929 3912/3912/3904
f 3938/3938/3930 3937/3937/3929 3936/3936/3928
f 3939/3939/3931 3906/3906/3898 3908/3908/3900
f 3910/3910/3902 3939/3939/3931 3908/3908/3900
f 3937/3937/3929 3939/3939/3931 3910/3910/3902
f 3940/3940/3932 3939/3939/3931 3937/3937/3929
f 3938/3938/3930 3940/3940/3932 3937/3937/3929
f 3941/3941/3933 3940/3940/3932 3938/3938/3930
f 3942/3942/3934 3940/3940/3932 3941/3941/3933
f 3943/3943/3935 3942/3942/3934 3941/3941/3933
f 3896/3896/3888 3700/3700/3692 3702/3702/3694
f 3944/3944/3936 3700/3700/3692 3896/3896/3888
f 3898/3898/3890 3944/3944/3936 3896/3896/3888
f 3900/3900/3892 3944/3944/3936 3898/3898/3890
f 3945/3945/3937 3944/3944/3936 3900/3900/3892
f 3901/3901/3893 3945/3945/3937 3900/3900/3892
f 3946/3946/3938 3945/3945/3937 3901/3901/3893
f 3902/3902/3894 3946/3946/3938 3901/3901/3893
f 3947/3947/3939 3946/3946/3938 3902/3902/3894
f 3903/3903/3895 3947/3947/3939 3902/3902/3894
f 3948/3948/3940 3947/3947/3939 3903/3903/3895
f 3904/3904/3896 3948/3948/3940 3903/3903/3895
f 3906/3906/3898 3948/3948/3940 3904/3904/3896
f 3939/3939/3931 3948/3948/3940 3906/3906/3898
f 3949/3949/3941 3948/3948/3940 3939/3939/3931
f 3940/3940/3932 3949/3949/3941 3939/3939/3931
f 3950/3950/3942 3949/3949/3941 3940/3940/3932
f 3942/3942/3934 3950/3950/3942 3940/3940/3932
f 3698/3698/3690 3950/3950/3942 3942/3942/3934
f 3696/3696/3688 3698/3698/3690 3942/3942/3934
f 3943/3943/3935 3696/3696/3688 3942/3942/3934
f 3694/3694/3686 3696/3696/3688 3943/3943/3935
f 3951/3951/3943 3694/3694/3686 3943/3943/3935
f 3693/3693/3685 3694/3694/3686 3951/3951/3943
f 3692/3692/3684 3693/3693/3685 3951/3951/3943
f 3935/3935/3927 3692/3692/3684 3951/3951/3943
f 3690/3690/3682 3692/3692/3684 3935/3935/3927
f 3934/3934/3926 3690/3690/3682 3935/3935/3927
f 3688/3688/3680 3690/3690/3682 3934/3934/3926
f 3933/3933/3925 3688/3688/3680 3934/3934/3926
f 3686/3686/3678 3688/3688/3680 3933/3933/3925
f 3929/3929/3921 3686/3686/3678 3933/3933/3925
f 3952/3952/3944 3686/3686/3678 3929/3929/3921
f 3928/3928/3920 3952/3952/3944 3929/3929/3921
f 3953/3953/3945 3952/3952/3944 3928/3928/3920
f 3919/3919/3911 3953/3953/3945 3928/3928/3920
f 3921/3921/3913 3953/3953/3945 3919/3919/3911
f 3954/3954/3946 3953/3953/3945 3921/3921/3913
f 3923/3923/3915 3954/3954/3946 3921/3921/3913
f 3680/3680/3672 3954/3954/3946 3923/3923/3915
f 3681/3681/3673 3954/3954/3946 3680/3680/3672
f 3682/3682/3674 3954/3954/3946 3681/3681/3673
f 3955/3955/3947 3954/3954/3946 3682/3682/3674
f 3952/3952/3944 3955/3955/3947 3682/3682/3674
f 3953/3953/3945 3955/3955/3947 3952/3952/3944
f 3954/3954/3946 3955/3955/3947 3953/3953/3945
f 3682/3682/3674 3956/3956/3948 3952/3952/3944
f 3683/3683/3675 3956/3956/3948 3682/3682/3674
f 3684/3684/3676 3956/3956/3948 3683/3683/3675
f 3952/3952/3944 3956/3956/3948 3684/3684/3676
f 3686/3686/3678 3952/3952/3944 3684/3684/3676
f 3957/3957/3949 3958/3958/3950 3959/3959/3951
f 3960/3960/3952 3961/3961/3953 3957/3957/3949
f 3959/3959/3951 3960/3960/3952 3957/3957/3949
f 3962/3962/3954 3960/3960/3952 3959/3959/3951
f 3958/3958/3950 3962/3962/3954 3959/3959/3951
f 3963/3963/3955 3962/3962/3954 3958/3958/3950
f 3592/3592/3584 3964/3964/3956 3591/3591/3583
f 3594/3594/3586 3964/3964/3956 3592/3592/3584
f 3596/3596/3588 3964/3964/3956 3594/3594/3586
f 3965/3965/3957 3964/3964/3956 3596/3596/3588
f 3598/3598/3590 3965/3965/3957 3596/3596/3588
f 3966/3966/3958 3965/3965/3957 3598/3598/3590
f 3590/3590/3582 3965/3965/3957 3966/3966/3958
f 3967/3967/3959 3590/3590/3582 3966/3966/3958
f 3589/3589/3581 3590/3590/3582 3967/3967/3959
f 3968/3968/3960 3589/3589/3581 3967/3967/3959
f 3588/3588/3580 3589/3589/3581 3968/3968/3960
f 3969/3969/3961 3588/3588/3580 3968/3968/3960
f 3587/3587/3579 3588/3588/3580 3969/3969/3961
f 3585/3585/3577 3587/3587/3579 3969/3969/3961
f 3583/3583/3575 3585/3585/3577 3969/3969/3961
f 3970/3970/3962 3583/3583/3575 3969/3969/3961
f 3581/3581/3573 3583/3583/3575 3970/3970/3962
f 3971/3971/3963 3581/3581/3573 3970/3970/3962
f 3972/3972/3964 3581/3581/3573 3971/3971/3963
f 3973/3973/3965 3972/3972/3964 3971/3971/3963
f 3974/3974/3966 3972/3972/3964 3973/3973/3965
f 3975/3975/3967 3974/3974/3966 3973/3973/3965
f 3976/3976/3968 3974/3974/3966 3975/3975/3967
f 3977/3977/3969 3976/3976/3968 3975/3975/3967
f 3978/3978/3970 3976/3976/3968 3977/3977/3969
f 3979/3979/3971 3978/3978/3970 3977/3977/3969
f 3980/3980/3972 3978/3978/3970 3979/3979/3971
f 3981/3981/3973 3980/3980/3972 3979/3979/3971
f 3982/3982/3974 3980/3980/3972 3981/3981/3973
f 3983/3983/3975 3982/3982/3974 3981/3981/3973
f 3984/3984/3976 3982/3982/3974 3983/3983/3975
f 3985/3985/3977 3984/3984/3976 3983/3983/3975
f 3986/3986/3978 3984/3984/3976 3985/3985/3977
f 3987/3987/3979 3986/3986/3978 3985/3985/3977
f 3606/3606/3598 3986/3986/3978 3987/3987/3979
f 3604/3604/3596 3606/3606/3598 3987/3987/3979
f 3985/3985/3977 3604/3604/3596 3987/3987/3979
f 3602/3602/3594 3604/3604/3596 3985/3985/3977
f 3961/3961/3953 3602/3602/3594 3985/3985/3977
f 3988/3988/3980 3602/3602/3594 3961/3961/3953
f 3960/3960/3952 3988/3988/3980 3961/3961/3953
f 3989/3989/3981 3988/3988/3980 3960/3960/3952
f 3962/3962/3954 3989/3989/3981 3960/3960/3952
f 3990/3990/3982 3989/3989/3981 3962/3962/3954
f 3963/3963/3955 3990/3990/3982 3962/3962/3954
f 3991/3991/3983 3990/3990/3982 3963/3963/3955
f 3992/3992/3984 3991/3991/3983 3963/3963/3955
f 3970/3970/3962 3991/3991/3983 3992/3992/3984
f 3971/3971/3963 3970/3970/3962 3992/3992/3984
f 3963/3963/3955 3971/3971/3963 3992/3992/3984
f 3977/3977/3969 3971/3971/3963 3963/3963/3955
f 3958/3958/3950 3977/3977/3969 3963/3963/3955
f 3979/3979/3971 3977/3977/3969 3958/3958/3950
f 3957/3957/3949 3979/3979/3971 3958/3958/3950
f 3981/3981/3973 3979/3979/3971 3957/3957/3949
f 3961/3961/3953 3981/3981/3973 3957/3957/3949
f 3983/3983/3975 3981/3981/3973 3961/3961/3953
f 3985/3985/3977 3983/3983/3975 3961/3961/3953
f 3971/3971/3963 3977/3977/3969 3975/3975/3967
f 3973/3973/3965 3971/3971/3963 3975/3975/3967
f 3968/3968/3960 3970/3970/3962 3969/3969/3961
f 3991/3991/3983 3970/3970/3962 3968/3968/3960
f 3993/3993/3985 3991/3991/3983 3968/3968/3960
f 3990/3990/3982 3991/3991/3983 3993/3993/3985
f 3966/3966/3958 3990/3990/3982 3993/3993/3985
f 3989/3989/3981 3990/3990/3982 3966/3966/3958
f 3598/3598/3590 3989/3989/3981 3966/3966/3958
f 3988/3988/3980 3989/3989/3981 3598/3598/3590
f 3600/3600/3592 3988/3988/3980 3598/3598/3590
f 3602/3602/3594 3988/3988/3980 3600/3600/3592
f 3967/3967/3959 3993/3993/3985 3968/3968/3960
f 3966/3966/3958 3993/3993/3985 3967/3967/3959
f 3433/3433/3425 3466/3466/3458 3431/3431/3423
f 3994/3994/3986 3466/3466/3458 3433/3433/3425
f 3464/3464/3456 3466/3466/3458 3994/3994/3986
f 3462/3462/3454 3464/3464/3456 3994/3994/3986
f 3995/3995/3987 3462/3462/3454 3994/3994/3986
f 3460/3460/3452 3462/3462/3454 3995/3995/3987
f 3996/3996/3988 3460/3460/3452 3995/3995/3987
f 3997/3997/3989 3460/3460/3452 3996/3996/3988
f 3458/3458/3450 3460/3460/3452 3997/3997/3989
f 3456/3456/3448 3458/3458/3450 3997/3997/3989
f 3998/3998/3990 3999/3999/3991 4000/4000/3992
f 4001/4001/3993 4000/4000/3992 3999/3999/3991
f 3497/3497/3489 4001/4001/3993 3999/3999/3991
f 3495/3495/3487 3497/3497/3489 3999/3999/3991
f 3493/3493/3485 3495/3495/3487 3999/3999/3991
f 3491/3491/3483 3493/3493/3485 3999/3999/3991
f 3998/3998/3990 3491/3491/3483 3999/3999/3991
f 3489/3489/3481 3491/3491/3483 3998/3998/3990
f 4002/4002/3994 3489/3489/3481 3998/3998/3990
f 4003/4003/3995 3509/3509/3501 3511/3511/3503
f 4004/4004/3996 3509/3509/3501 4003/4003/3995
f 3507/3507/3499 3509/3509/3501 4004/4004/3996
f 3708/3708/3700 3507/3507/3499 4004/4004/3996
f 4005/4005/3997 3507/3507/3499 3708/3708/3700
f 3705/3705/3697 4005/4005/3997 3708/3708/3700
f 4006/4006/3998 4005/4005/3997 3705/3705/3697
f 3703/3703/3695 4006/4006/3998 3705/3705/3697
f 3701/3701/3693 4006/4006/3998 3703/3703/3695
f 4007/4007/3999 4006/4006/3998 3701/3701/3693
f 4008/4008/4000 4007/4007/3999 3701/3701/3693
f 4009/4009/4001 4007/4007/3999 4008/4008/4000
f 3695/3695/3687 4009/4009/4001 4008/4008/4000
f 3485/3485/3477 4009/4009/4001 3695/3695/3687
f 3487/3487/3479 4009/4009/4001 3485/3485/3477
f 4010/4010/4002 4009/4009/4001 3487/3487/3479
f 3489/3489/3481 4010/4010/4002 3487/3487/3479
f 4007/4007/3999 4010/4010/4002 3489/3489/3481
f 4002/4002/3994 4007/4007/3999 3489/3489/3481
f 4006/4006/3998 4007/4007/3999 4002/4002/3994
f 3998/3998/3990 4006/4006/3998 4002/4002/3994
f 3505/3505/3497 4006/4006/3998 3998/3998/3990
f 4000/4000/3992 3505/3505/3497 3998/3998/3990
f 3503/3503/3495 3505/3505/3497 4000/4000/3992
f 4001/4001/3993 3503/3503/3495 4000/4000/3992
f 3501/3501/3493 3503/3503/3495 4001/4001/3993
f 3497/3497/3489 3501/3501/3493 4001/4001/3993
f 3499/3499/3491 3501/3501/3493 3497/3497/3489
f 4009/4009/4001 4010/4010/4002 4007/4007/3999
f 3697/3697/3689 3695/3695/3687 4008/4008/4000
f 3701/3701/3693 3697/3697/3689 4008/4008/4000
f 3699/3699/3691 3697/3697/3689 3701/3701/3693
f 3505/3505/3497 3507/3507/3499 4005/4005/3997
f 4006/4006/3998 3505/3505/3497 4005/4005/3997
f 4011/4011/4003 4012/4012/4004 4013/4013/4005
f 4014/4014/4006 4015/4015/4007 4016/4016/4008
f 4013/4013/4005 4014/4014/4006 4016/4016/4008
f 4017/4017/4009 4014/4014/4006 4013/4013/4005
f 4012/4012/4004 4017/4017/4009 4013/4013/4005
f 4018/4018/4010 4017/4017/4009 4012/4012/4004
f 4019/4019/4011 4018/4018/4010 4012/4012/4004
f 4020/4020/4012 4019/4019/4011 4012/4012/4004
f 4021/4021/4013 4020/4020/4012 4012/4012/4004
f 4011/4011/4003 4021/4021/4013 4012/4012/4004
f 4022/4022/4014 4021/4021/4013 4011/4011/4003
f 4013/4013/4005 4022/4022/4014 4011/4011/4003
f 4023/4023/4015 4022/4022/4014 4013/4013/4005
f 4016/4016/4008 4023/4023/4015 4013/4013/4005
f 4024/4024/4016 4023/4023/4015 4016/4016/4008
f 4025/4025/4017 4024/4024/4016 4016/4016/4008
f 4015/4015/4007 4025/4025/4017 4016/4016/4008
f 4026/4026/4018 4025/4025/4017 4015/4015/4007
f 4027/4027/4019 4026/4026/4018 4015/4015/4007
f 4028/4028/4020 4027/4027/4019 4015/4015/4007
f 4029/4029/4021 4027/4027/4019 4028/4028/4020
f 4014/4014/4006 4029/4029/4021 4028/4028/4020
f 4030/4030/4022 4029/4029/4021 4014/4014/4006
f 4017/4017/4009 4030/4030/4022 4014/4014/4006
f 4018/4018/4010 4030/4030/4022 4017/4017/4009
f 4031/4031/4023 4030/4030/4022 4018/4018/4010
f 4032/4032/4024 4031/4031/4023 4018/4018/4010
f 4033/4033/4025 4031/4031/4023 4032/4032/4024
f 4034/4034/4026 4031/4031/4023 4033/4033/4025
f 4035/4035/4027 4031/4031/4023 4034/4034/4026
f 4029/4029/4021 4031/4031/4023 4035/4035/4027
f 4027/4027/4019 4029/4029/4021 4035/4035/4027
f 4029/4029/4021 4030/4030/4022 4031/4031/4023
f 4025/4025/4017 4026/4026/4018 4036/4036/4028
f 4037/4037/4029 4023/4023/4015 4024/4024/4016
f 4022/4022/4014 4023/4023/4015 4037/4037/4029
f 4038/4038/4030 4022/4022/4014 4037/4037/4029
f 4039/4039/4031 4022/4022/4014 4038/4038/4030
f 4021/4021/4013 4022/4022/4014 4039/4039/4031
f 4015/4015/4007 4014/4014/4006 4028/4028/4020
f 3595/3595/3587 3593/3593/3585 4040/4040/4032
f 4041/4041/4033 3595/3595/3587 4040/4040/4032
f 4042/4042/4034 3595/3595/3587 4041/4041/4033
f 3597/3597/3589 3595/3595/3587 4042/4042/4034
f 3599/3599/3591 3597/3597/3589 4042/4042/4034
f 4043/4043/4035 3599/3599/3591 4042/4042/4034
f 4044/4044/4036 4043/4043/4035 4042/4042/4034
f 4045/4045/4037 4043/4043/4035 4044/4044/4036
f 4046/4046/4038 4045/4045/4037 4044/4044/4036
f 4047/4047/4039 4045/4045/4037 4046/4046/4038
f 4033/4033/4025 4047/4047/4039 4046/4046/4038
f 4032/4032/4024 4047/4047/4039 4033/4033/4025
f 4048/4048/4040 4047/4047/4039 4032/4032/4024
f 4018/4018/4010 4048/4048/4040 4032/4032/4024
f 4049/4049/4041 4048/4048/4040 4018/4018/4010
f 4019/4019/4011 4049/4049/4041 4018/4018/4010
f 3612/3612/3604 4049/4049/4041 4019/4019/4011
f 4020/4020/4012 3612/3612/3604 4019/4019/4011
f 3613/3613/3605 3612/3612/3604 4020/4020/4012
f 3614/3614/3606 3613/3613/3605 4020/4020/4012
f 4021/4021/4013 3614/3614/3606 4020/4020/4012
f 3615/3615/3607 3614/3614/3606 4021/4021/4013
f 4039/4039/4031 3615/3615/3607 4021/4021/4013
f 3616/3616/3608 3615/3615/3607 4039/4039/4031
f 3618/3618/3610 3616/3616/3608 4039/4039/4031
f 4038/4038/4030 3618/3618/3610 4039/4039/4031
f 4050/4050/4042 3618/3618/3610 4038/4038/4030
f 4037/4037/4029 4050/4050/4042 4038/4038/4030
f 4051/4051/4043 4050/4050/4042 4037/4037/4029
f 4024/4024/4016 4051/4051/4043 4037/4037/4029
f 4052/4052/4044 4051/4051/4043 4024/4024/4016
f 4025/4025/4017 4052/4052/4044 4024/4024/4016
f 4053/4053/4045 4052/4052/4044 4025/4025/4017
f 4036/4036/4028 4053/4053/4045 4025/4025/4017
f 4054/4054/4046 4053/4053/4045 4036/4036/4028
f 4055/4055/4047 4053/4053/4045 4054/4054/4046
f 4056/4056/4048 4055/4055/4047 4054/4054/4046
f 4057/4057/4049 4055/4055/4047 4056/4056/4048
f 4058/4058/4050 4057/4057/4049 4056/4056/4048
f 4059/4059/4051 4057/4057/4049 4058/4058/4050
f 4060/4060/4052 4057/4057/4049 4059/4059/4051
f 4061/4061/4053 4060/4060/4052 4059/4059/4051
f 4062/4062/4054 4060/4060/4052 4061/4061/4053
f 3630/3630/3622 4062/4062/4054 4061/4061/4053
f 3628/3628/3620 4062/4062/4054 3630/3630/3622
f 3626/3626/3618 4062/4062/4054 3628/3628/3620
f 4063/4063/4055 4062/4062/4054 3626/3626/3618
f 3624/3624/3616 4063/4063/4055 3626/3626/3618
f 3622/3622/3614 4063/4063/4055 3624/3624/3616
f 4064/4064/4056 4063/4063/4055 3622/3622/3614
f 4065/4065/4057 4064/4064/4056 3622/3622/3614
f 4066/4066/4058 4064/4064/4056 4065/4065/4057
f 4052/4052/4044 4066/4066/4058 4065/4065/4057
f 4053/4053/4045 4066/4066/4058 4052/4052/4044
f 4055/4055/4047 4066/4066/4058 4053/4053/4045
f 4057/4057/4049 4066/4066/4058 4055/4055/4047
f 4064/4064/4056 4066/4066/4058 4057/4057/4049
f 4060/4060/4052 4064/4064/4056 4057/4057/4049
f 4063/4063/4055 4064/4064/4056 4060/4060/4052
f 4062/4062/4054 4063/4063/4055 4060/4060/4052
f 4051/4051/4043 4052/4052/4044 4065/4065/4057
f 3620/3620/3612 3618/3618/3610 4050/4050/4042
f 4051/4051/4043 3620/3620/3612 4050/4050/4042
f 4065/4065/4057 3620/3620/3612 4051/4051/4043
f 3622/3622/3614 3620/3620/3612 4065/4065/4057
f 4067/4067/4059 3475/3475/3467 3477/3477/3469
f 4068/4068/4060 3477/3477/3469 3479/3479/3471
f 4067/4067/4059 3477/3477/3469 4068/4068/4060
f 4069/4069/4061 4067/4067/4059 4068/4068/4060
f 4070/4070/4062 4067/4067/4059 4069/4069/4061
f 4071/4071/4063 4067/4067/4059 4070/4070/4062
f 3475/3475/3467 4067/4067/4059 4071/4071/4063
f 3473/3473/3465 3475/3475/3467 4071/4071/4063
f 3691/3691/3683 3481/3481/3473 3483/3483/3475
f 3479/3479/3471 3481/3481/3473 3691/3691/3683
f 4068/4068/4060 3479/3479/3471 3691/3691/3683
f 3689/3689/3681 4068/4068/4060 3691/3691/3683
f 4069/4069/4061 4068/4068/4060 3689/3689/3681
f 4072/4072/4064 4069/4069/4061 3689/3689/3681
f 4070/4070/4062 4069/4069/4061 4072/4072/4064
f 3450/3450/3442 4070/4070/4062 4072/4072/4064
f 3448/3448/3440 4070/4070/4062 3450/3450/3442
f 4071/4071/4063 4070/4070/4062 3448/3448/3440
f 3445/3445/3437 4071/4071/4063 3448/3448/3440
f 3473/3473/3465 4071/4071/4063 3445/3445/3437
f 3443/3443/3435 3473/3473/3465 3445/3445/3437
f 3441/3441/3433 3473/3473/3465 3443/3443/3435
f 4072/4072/4064 3689/3689/3681 3687/3687/3679
f 3685/3685/3677 4072/4072/4064 3687/3687/3679
f 3450/3450/3442 4072/4072/4064 3685/3685/3677
f 3452/3452/3444 3450/3450/3442 3685/3685/3677
f 3454/3454/3446 3452/3452/3444 3685/3685/3677
f 3468/3468/3460 3564/3564/3556 3469/3469/3461
f 3634/3634/3626 3637/3637/3629 3638/3638/3630
f 3636/3636/3628 3637/3637/3629 3634/3634/3626
f 3777/3777/3769 3781/3781/3773 3778/3778/3770
f 3808/3808/3800 3781/3781/3773 3777/3777/3769
f 3749/3749/3741 3538/3538/3530 3540/3540/3532
f 4073/4073/4065 3538/3538/3530 3749/3749/3741
f 3751/3751/3743 4073/4073/4065 3749/3749/3741
f 3538/3538/3530 4073/4073/4065 3536/3536/3528
f 3753/3753/3745 3755/3755/3747 4074/4074/4066
f 4075/4075/4067 3753/3753/3745 4074/4074/4066
f 3751/3751/3743 3753/3753/3745 4075/4075/4067
f 4076/4076/4068 3751/3751/3743 4075/4075/4067
f 4073/4073/4065 3751/3751/3743 4076/4076/4068
f 4077/4077/4069 4073/4073/4065 4076/4076/4068
f 3536/3536/3528 4073/4073/4065 4077/4077/4069
f 3534/3534/3526 3536/3536/3528 4077/4077/4069
f 4078/4078/4070 3534/3534/3526 4077/4077/4069
f 3530/3530/3522 3534/3534/3526 4078/4078/4070
f 4079/4079/4071 3530/3530/3522 4078/4078/4070
f 3528/3528/3520 3530/3530/3522 4079/4079/4071
f 3526/3526/3518 3528/3528/3520 4079/4079/4071
f 4076/4076/4068 3526/3526/3518 4079/4079/4071
f 3524/3524/3516 3526/3526/3518 4076/4076/4068
f 4080/4080/4072 3524/3524/3516 4076/4076/4068
f 3522/3522/3514 3524/3524/3516 4080/4080/4072
f 4077/4077/4069 4079/4079/4071 4078/4078/4070
f 4076/4076/4068 4079/4079/4071 4077/4077/4069
f 4075/4075/4067 4080/4080/4072 4076/4076/4068
f 4081/4081/4073 4080/4080/4072 4075/4075/4067
f 4074/4074/4066 4081/4081/4073 4075/4075/4067
f 3532/3532/3524 3534/3534/3526 3530/3530/3522
f 4080/4080/4072 4082/4082/4074 4083/4083/4075
f 4081/4081/4073 4082/4082/4074 4080/4080/4072
f 4084/4084/4076 3511/3511/3503 3513/3513/3505
f 4003/4003/3995 3511/3511/3503 4084/4084/4076
f 4085/4085/4077 4003/4003/3995 4084/4084/4076
f 4004/4004/3996 4003/4003/3995 4085/4085/4077
f 4086/4086/4078 4004/4004/3996 4085/4085/4077
f 3712/3712/3704 4004/4004/3996 4086/4086/4078
f 3714/3714/3706 3712/3712/3704 4086/4086/4078
f 4087/4087/4079 3714/3714/3706 4086/4086/4078
f 4088/4088/4080 3714/3714/3706 4087/4087/4079
f 4089/4089/4081 4088/4088/4080 4087/4087/4079
f 4090/4090/4082 4088/4088/4080 4089/4089/4081
f 4091/4091/4083 4090/4090/4082 4089/4089/4081
f 4092/4092/4084 4090/4090/4082 4091/4091/4083
f 4083/4083/4075 4090/4090/4082 4092/4092/4084
f 4093/4093/4085 4090/4090/4082 4083/4083/4075
f 4082/4082/4074 4093/4093/4085 4083/4083/4075
f 4094/4094/4086 4093/4093/4085 4082/4082/4074
f 4081/4081/4073 4094/4094/4086 4082/4082/4074
f 4095/4095/4087 4094/4094/4086 4081/4081/4073
f 4074/4074/4066 4095/4095/4087 4081/4081/4073
f 4096/4096/4088 4095/4095/4087 4074/4074/4066
f 3755/3755/3747 4096/4096/4088 4074/4074/4066
f 4097/4097/4089 4096/4096/4088 3755/3755/3747
f 3757/3757/3749 4097/4097/4089 3755/3755/3747
f 3726/3726/3718 4097/4097/4089 3757/3757/3749
f 3728/3728/3720 3726/3726/3718 3757/3757/3749
f 3730/3730/3722 3728/3728/3720 3757/3757/3749
f 4096/4096/4088 4097/4097/4089 3726/3726/3718
f 3724/3724/3716 4096/4096/4088 3726/3726/3718
f 4095/4095/4087 4096/4096/4088 3724/3724/3716
f 3722/3722/3714 4095/4095/4087 3724/3724/3716
f 4094/4094/4086 4095/4095/4087 3722/3722/3714
f 4093/4093/4085 4094/4094/4086 3722/3722/3714
f 3720/3720/3712 4093/4093/4085 3722/3722/3714
f 3718/3718/3710 4093/4093/4085 3720/3720/3712
f 4090/4090/4082 4093/4093/4085 3718/3718/3710
f 3716/3716/3708 4090/4090/4082 3718/3718/3710
f 4088/4088/4080 4090/4090/4082 3716/3716/3708
f 3714/3714/3706 4088/4088/4080 3716/3716/3708
f 3549/3549/3541 3652/3652/3644 3551/3551/3543
f 3840/3840/3832 3652/3652/3644 3549/3549/3541
f 3547/3547/3539 3840/3840/3832 3549/3549/3541
f 3650/3650/3642 3652/3652/3644 3840/3840/3832
f 3535/3535/3527 3539/3539/3531 3537/3537/3529
f 4098/4098/4090 3539/3539/3531 3535/3535/3527
f 3533/3533/3525 4098/4098/4090 3535/3535/3527
f 4099/4099/4091 4098/4098/4090 3533/3533/3525
f 4100/4100/4092 4098/4098/4090 4099/4099/4091
f 4101/4101/4093 4100/4100/4092 4099/4099/4091
f 3543/3543/3535 4100/4100/4092 4101/4101/4093
f 4102/4102/4094 3543/3543/3535 4101/4101/4093
f 3545/3545/3537 3543/3543/3535 4102/4102/4094
f 4103/4103/4095 3545/3545/3537 4102/4102/4094
f 3831/3831/3823 4103/4103/4095 4102/4102/4094
f 3833/3833/3825 4103/4103/4095 3831/3831/3823
f 3835/3835/3827 4103/4103/4095 3833/3833/3825
f 3837/3837/3829 4103/4103/4095 3835/3835/3827
f 3545/3545/3537 4103/4103/4095 3837/3837/3829
f 3547/3547/3539 3545/3545/3537 3837/3837/3829
f 3541/3541/3533 3539/3539/3531 4098/4098/4090
f 4100/4100/4092 3541/3541/3533 4098/4098/4090
f 3543/3543/3535 3541/3541/3533 4100/4100/4092
f 4101/4101/4093 4104/4104/4096 4102/4102/4094
f 4105/4105/4097 4104/4104/4096 4101/4101/4093
f 4099/4099/4091 4105/4105/4097 4101/4101/4093
f 4106/4106/4098 4105/4105/4097 4099/4099/4091
f 3533/3533/3525 4106/4106/4098 4099/4099/4091
f 3531/3531/3523 4106/4106/4098 3533/3533/3525
f 4107/4107/4099 4106/4106/4098 3531/3531/3523
f 4108/4108/4100 4107/4107/4099 3531/3531/3523
f 4109/4109/4101 4107/4107/4099 4108/4108/4100
f 4110/4110/4102 4109/4109/4101 4108/4108/4100
f 4111/4111/4103 4109/4109/4101 4110/4110/4102
f 3816/3816/3808 4111/4111/4103 4110/4110/4102
f 3818/3818/3810 4111/4111/4103 3816/3816/3808
f 3820/3820/3812 4111/4111/4103 3818/3818/3810
f 3823/3823/3815 4111/4111/4103 3820/3820/3812
f 4109/4109/4101 4111/4111/4103 3823/3823/3815
f 4112/4112/4104 4109/4109/4101 3823/3823/3815
f 4107/4107/4099 4109/4109/4101 4112/4112/4104
f 4113/4113/4105 4107/4107/4099 4112/4112/4104
f 4105/4105/4097 4107/4107/4099 4113/4113/4105
f 3829/3829/3821 4105/4105/4097 4113/4113/4105
f 4104/4104/4096 4105/4105/4097 3829/3829/3821
f 3831/3831/3823 4104/4104/4096 3829/3829/3821
f 4102/4102/4094 4104/4104/4096 3831/3831/3823
f 4105/4105/4097 4106/4106/4098 4107/4107/4099
f 3529/3529/3521 3527/3527/3519 3816/3816/3808
f 4110/4110/4102 3529/3529/3521 3816/3816/3808
f 3531/3531/3523 3529/3529/3521 4110/4110/4102
f 4108/4108/4100 3531/3531/3523 4110/4110/4102
f 4112/4112/4104 3823/3823/3815 3825/3825/3817
f 3827/3827/3819 4112/4112/4104 3825/3825/3817
f 4113/4113/4105 4112/4112/4104 3827/3827/3819
f 3829/3829/3821 4113/4113/4105 3827/3827/3819
f 4114/4114/4106 3609/3609/3601 3611/3611/3603
f 3609/3609/3601 3482/3482/3474 3480/3480/3472
f 3484/3484/3476 3482/3482/3474 3609/3609/3601
f 4114/4114/4106 3484/3484/3476 3609/3609/3601
f 3486/3486/3478 3484/3484/3476 4114/4114/4106
f 3488/3488/3480 3486/3486/3478 4114/4114/4106
f 3490/3490/3482 3488/3488/3480 4114/4114/4106
f 3611/3611/3603 3490/3490/3482 4114/4114/4106
f 3492/3492/3484 3490/3490/3482 3611/3611/3603
f 4115/4115/4107 3723/3723/3715 3725/3725/3717
f 3905/3905/3897 3723/3723/3715 4115/4115/4107
f 3907/3907/3899 3905/3905/3897 4115/4115/4107
f 3905/3905/3897 3721/3721/3713 3723/3723/3715
f 3667/3667/3659 3739/3739/3731 3668/3668/3660
f 4116/4116/4108 3739/3739/3731 3667/3667/3659
f 3913/3913/3905 4116/4116/4108 3667/3667/3659
f 4117/4117/4109 4116/4116/4108 3913/3913/3905
f 3911/3911/3903 4117/4117/4109 3913/3913/3905
f 3909/3909/3901 4117/4117/4109 3911/3911/3903
f 4118/4118/4110 4117/4117/4109 3909/3909/3901
f 3907/3907/3899 4118/4118/4110 3909/3909/3901
f 4119/4119/4111 4118/4118/4110 3907/3907/3899
f 4115/4115/4107 4119/4119/4111 3907/3907/3899
f 4120/4120/4112 4119/4119/4111 4115/4115/4107
f 3725/3725/3717 4120/4120/4112 4115/4115/4107
f 3727/3727/3719 4120/4120/4112 3725/3725/3717
f 3729/3729/3721 4120/4120/4112 3727/3727/3719
f 4119/4119/4111 4120/4120/4112 3729/3729/3721
f 4121/4121/4113 4119/4119/4111 3729/3729/3721
f 4118/4118/4110 4119/4119/4111 4121/4121/4113
f 4122/4122/4114 4118/4118/4110 4121/4121/4113
f 4117/4117/4109 4118/4118/4110 4122/4122/4114
f 3737/3737/3729 4117/4117/4109 4122/4122/4114
f 4116/4116/4108 4117/4117/4109 3737/3737/3729
f 3739/3739/3731 4116/4116/4108 3737/3737/3729
f 3733/3733/3725 3729/3729/3721 3731/3731/3723
f 4121/4121/4113 3729/3729/3721 3733/3733/3725
f 3735/3735/3727 4121/4121/4113 3733/3733/3725
f 4122/4122/4114 4121/4121/4113 3735/3735/3727
f 3737/3737/3729 4122/4122/4114 3735/3735/3727
f 3671/3671/3663 3558/3558/3550 3673/3673/3665
f 3556/3556/3548 3558/3558/3550 3671/3671/3663
f 3743/3743/3735 3556/3556/3548 3671/3671/3663
f 3669/3669/3661 3743/3743/3735 3671/3671/3663
f 3567/3567/3559 3471/3471/3463 3470/3470/3462
f 3472/3472/3464 3471/3471/3463 3567/3567/3559
f 4123/4123/4115 3472/3472/3464 3567/3567/3559
f 3569/3569/3561 4123/4123/4115 3567/3567/3559
f 4124/4124/4116 4123/4123/4115 3569/3569/3561
f 3571/3571/3563 4124/4124/4116 3569/3569/3561
f 4125/4125/4117 4124/4124/4116 3571/3571/3563
f 4126/4126/4118 4125/4125/4117 3571/3571/3563
f 3573/3573/3565 4126/4126/4118 3571/3571/3563
f 4127/4127/4119 4126/4126/4118 3573/3573/3565
f 3575/3575/3567 4127/4127/4119 3573/3573/3565
f 4123/4123/4115 3474/3474/3466 3472/3472/3464
f 3476/3476/3468 3606/3606/3598 3478/3478/3470
f 3986/3986/3978 3606/3606/3598 3476/3476/3468
f 3474/3474/3466 3986/3986/3978 3476/3476/3468
f 4123/4123/4115 3986/3986/3978 3474/3474/3466
f 3984/3984/3976 3986/3986/3978 4123/4123/4115
f 4124/4124/4116 3984/3984/3976 4123/4123/4115
f 3982/3982/3974 3984/3984/3976 4124/4124/4116
f 4125/4125/4117 3982/3982/3974 4124/4124/4116
f 3980/3980/3972 3982/3982/3974 4125/4125/4117
f 4126/4126/4118 3980/3980/3972 4125/4125/4117
f 3978/3978/3970 3980/3980/3972 4126/4126/4118
f 4127/4127/4119 3978/3978/3970 4126/4126/4118
f 3976/3976/3968 3978/3978/3970 4127/4127/4119
f 3575/3575/3567 3976/3976/3968 4127/4127/4119
f 3974/3974/3966 3976/3976/3968 3575/3575/3567
f 3577/3577/3569 3974/3974/3966 3575/3575/3567
f 3579/3579/3571 3974/3974/3966 3577/3577/3569
f 3972/3972/3964 3974/3974/3966 3579/3579/3571
f 3581/3581/3573 3972/3972/3964 3579/3579/3571
f 3947/3947/3939 3945/3945/3937 3946/3946/3938
f 3698/3698/3690 3700/3700/3692 3944/3944/3936
f 3950/3950/3942 3698/3698/3690 3944/3944/3936
f 3945/3945/3937 3950/3950/3942 3944/3944/3936
f 3949/3949/3941 3950/3950/3942 3945/3945/3937
f 3947/3947/3939 3949/3949/3941 3945/3945/3937
f 3948/3948/3940 3949/3949/3941 3947/3947/3939
f 4128/4128/4120 3601/3601/3593 4129/4129/4121
f 3603/3603/3595 3601/3601/3593 4128/4128/4120
f 3599/3599/3591 4129/4129/4121 3601/3601/3593
f 4043/4043/4035 4129/4129/4121 3599/3599/3591
f 4045/4045/4037 4129/4129/4121 4043/4043/4035
f 4128/4128/4120 4129/4129/4121 4045/4045/4037
f 4130/4130/4122 4128/4128/4120 4045/4045/4037
f 3603/3603/3595 4128/4128/4120 4130/4130/4122
f 4131/4131/4123 3603/3603/3595 4130/4130/4122
f 4132/4132/4124 3603/3603/3595 4131/4131/4123
f 4133/4133/4125 4132/4132/4124 4131/4131/4123
f 3608/3608/3600 4132/4132/4124 4133/4133/4125
f 3610/3610/3602 3608/3608/3600 4133/4133/4125
f 3612/3612/3604 3610/3610/3602 4133/4133/4125
f 4049/4049/4041 3612/3612/3604 4133/4133/4125
f 4131/4131/4123 4049/4049/4041 4133/4133/4125
f 4130/4130/4122 4049/4049/4041 4131/4131/4123
f 4048/4048/4040 4049/4049/4041 4130/4130/4122
f 4047/4047/4039 4048/4048/4040 4130/4130/4122
f 4045/4045/4037 4047/4047/4039 4130/4130/4122
f 4132/4132/4124 3608/3608/3600 3607/3607/3599
f 3605/3605/3597 4132/4132/4124 3607/3607/3599
f 3603/3603/3595 4132/4132/4124 3605/3605/3597
f 3623/3623/3615 3619/3619/3611 3621/3621/3613
f 3806/3806/3798 3805/3805/3797 4134/4134/4126
f 4135/4135/4127 3806/3806/3798 4134/4134/4126
f 3807/3807/3799 3806/3806/3798 4135/4135/4127
f 3627/3627/3619 3807/3807/3799 4135/4135/4127
f 3625/3625/3617 3627/3627/3619 4135/4135/4127
f 3623/3623/3615 3625/3625/3617 4135/4135/4127
f 4134/4134/4126 3623/3623/3615 4135/4135/4127
f 3619/3619/3611 3623/3623/3615 4134/4134/4126
f 3805/3805/3797 3619/3619/3611 4134/4134/4126
f 3617/3617/3609 3619/3619/3611 3805/3805/3797
f 3804/3804/3796 3617/3617/3609 3805/3805/3797
f 3498/3498/3490 3617/3617/3609 3804/3804/3796
f 3500/3500/3492 3498/3498/3490 3804/3804/3796
f 3756/3756/3748 3759/3759/3751 3758/3758/3750
f 3761/3761/3753 3759/3759/3751 3756/3756/3748
f 3754/3754/3746 3761/3761/3753 3756/3756/3748
f 4136/4136/4128 4089/4089/4081 4087/4087/4079
f 4137/4137/4129 4089/4089/4081 4136/4136/4128
f 4091/4091/4083 4089/4089/4081 4137/4137/4129
f 4085/4085/4077 4087/4087/4079 4086/4086/4078
f 4136/4136/4128 4087/4087/4079 4085/4085/4077
f 4138/4138/4130 4136/4136/4128 4085/4085/4077
f 4137/4137/4129 4136/4136/4128 4138/4138/4130
f 3521/3521/3513 4137/4137/4129 4138/4138/4130
f 3519/3519/3511 3521/3521/3513 4138/4138/4130
f 3517/3517/3509 3519/3519/3511 4138/4138/4130
f 4139/4139/4131 3517/3517/3509 4138/4138/4130
f 4084/4084/4076 3517/3517/3509 4139/4139/4131
f 4085/4085/4077 4084/4084/4076 4139/4139/4131
f 4138/4138/4130 4085/4085/4077 4139/4139/4131
f 3517/3517/3509 4084/4084/4076 3513/3513/3505
f 3515/3515/3507 3517/3517/3509 3513/3513/3505
f 3964/3964/3956 3965/3965/3957 3590/3590/3582
f 3591/3591/3583 3964/3964/3956 3590/3590/3582
f 3710/3710/3702 3708/3708/3700 4004/4004/3996
f 3712/3712/3704 3710/3710/3702 4004/4004/3996
f 4140/4140/4132 3582/3582/3574 3580/3580/3572
f 3578/3578/3570 4140/4140/4132 3580/3580/3572
f 3646/3646/3638 4140/4140/4132 3578/3578/3570
f 3644/3644/3636 4140/4140/4132 3646/3646/3638
f 4141/4141/4133 4140/4140/4132 3644/3644/3636
f 3642/3642/3634 4141/4141/4133 3644/3644/3636
f 3586/3586/3578 4141/4141/4133 3642/3642/3634
f 3584/3584/3576 4141/4141/4133 3586/3586/3578
f 3582/3582/3574 4141/4141/4133 3584/3584/3576
f 4140/4140/4132 4141/4141/4133 3582/3582/3574
f 4142/4142/4134 4046/4046/4038 4044/4044/4036
f 4041/4041/4033 4142/4142/4134 4044/4044/4036
f 4042/4042/4034 4041/4041/4033 4044/4044/4036
f 4143/4143/4135 4144/4144/4136 4145/4145/4137
f 4146/4146/4138 4147/4147/4139 4148/4148/4140
f 4149/4149/4141 4147/4147/4139 4146/4146/4138
f 4150/4150/4142 4149/4149/4141 4146/4146/4138
f 4151/4151/4143 4149/4149/4141 4150/4150/4142
f 4152/4152/4144 4151/4151/4143 4150/4150/4142
f 4153/4153/4145 4151/4151/4143 4152/4152/4144
f 4154/4154/4146 4153/4153/4145 4152/4152/4144
f 4155/4155/4147 4153/4153/4145 4154/4154/4146
f 4156/4156/4148 4155/4155/4147 4154/4154/4146
f 4145/4145/4137 4155/4155/4147 4156/4156/4148
f 4157/4157/4149 4145/4145/4137 4156/4156/4148
f 4143/4143/4135 4145/4145/4137 4157/4157/4149
f 4158/4158/4150 4143/4143/4135 4157/4157/4149
f 4159/4159/4151 4158/4158/4150 4157/4157/4149
f 4156/4156/4148 4159/4159/4151 4157/4157/4149
f 4154/4154/4146 4159/4159/4151 4156/4156/4148
f 4160/4160/4152 4159/4159/4151 4154/4154/4146
f 4161/4161/4153 4160/4160/4152 4154/4154/4146
f 4162/4162/4154 4160/4160/4152 4161/4161/4153
f 4163/4163/4155 4162/4162/4154 4161/4161/4153
f 4164/4164/4156 4162/4162/4154 4163/4163/4155
f 4148/4148/4140 4164/4164/4156 4163/4163/4155
f 4165/4165/4157 4164/4164/4156 4148/4148/4140
f 4147/4147/4139 4165/4165/4157 4148/4148/4140
f 4166/4166/4158 4165/4165/4157 4147/4147/4139
f 4149/4149/4141 4166/4166/4158 4147/4147/4139
f 4151/4151/4143 4166/4166/4158 4149/4149/4141
f 4167/4167/4159 4166/4166/4158 4151/4151/4143
f 4155/4155/4147 4167/4167/4159 4151/4151/4143
f 4145/4145/4137 4167/4167/4159 4155/4155/4147
f 4168/4168/4160 4167/4167/4159 4145/4145/4137
f 4144/4144/4136 4168/4168/4160 4145/4145/4137
f 4166/4166/4158 4168/4168/4160 4144/4144/4136
f 4169/4169/4161 4166/4166/4158 4144/4144/4136
f 4165/4165/4157 4166/4166/4158 4169/4169/4161
f 4160/4160/4152 4164/4164/4156 4165/4165/4157
f 4162/4162/4154 4164/4164/4156 4160/4160/4152
f 4168/4168/4160 4166/4166/4158 4167/4167/4159
f 4146/4146/4138 4148/4148/4140 4163/4163/4155
f 4150/4150/4142 4146/4146/4138 4163/4163/4155
f 4152/4152/4144 4150/4150/4142 4163/4163/4155
f 4161/4161/4153 4152/4152/4144 4163/4163/4155
f 4154/4154/4146 4152/4152/4144 4161/4161/4153
f 4151/4151/4143 4153/4153/4145 4155/4155/4147
f 4170/4170/4162 4171/4171/4163 4172/4172/4164
f 4170/4170/4162 4173/4173/4165 4171/4171/4163
f 4174/4174/4166 4173/4173/4165 4170/4170/4162
f 4175/4175/4167 4173/4173/4165 4174/4174/4166
f 4176/4176/4168 4173/4173/4165 4175/4175/4167
f 4177/4177/4169 4176/4176/4168 4175/4175/4167
f 4178/4178/4170 4176/4176/4168 4177/4177/4169
f 4179/4179/4171 4178/4178/4170 4177/4177/4169
f 4180/4180/4172 4179/4179/4171 4177/4177/4169
f 4181/4181/4173 4180/4180/4172 4177/4177/4169
f 4172/4172/4164 4180/4180/4172 4181/4181/4173
f 4182/4182/4174 4180/4180/4172 4172/4172/4164
f 4183/4183/4175 4182/4182/4174 4172/4172/4164
f 4171/4171/4163 4183/4183/4175 4172/4172/4164
f 4184/4184/4176 4183/4183/4175 4171/4171/4163
f 4185/4185/4177 4186/4186/4178 4187/4187/4179
f 4188/4188/4180 4186/4186/4178 4185/4185/4177
f 4189/4189/4181 4188/4188/4180 4185/4185/4177
f 4190/4190/4182 4188/4188/4180 4189/4189/4181
f 4191/4191/4183 4190/4190/4182 4189/4189/4181
f 4184/4184/4176 4190/4190/4182 4191/4191/4183
f 4192/4192/4184 4184/4184/4176 4191/4191/4183
f 4183/4183/4175 4184/4184/4176 4192/4192/4184
f 4193/4193/4185 4183/4183/4175 4192/4192/4184
f 4182/4182/4174 4183/4183/4175 4193/4193/4185
f 4194/4194/4186 4182/4182/4174 4193/4193/4185
f 4180/4180/4172 4182/4182/4174 4194/4194/4186
f 4195/4195/4187 4180/4180/4172 4194/4194/4186
f 4179/4179/4171 4180/4180/4172 4195/4195/4187
f 4196/4196/4188 4179/4179/4171 4195/4195/4187
f 4178/4178/4170 4179/4179/4171 4196/4196/4188
f 4197/4197/4189 4178/4178/4170 4196/4196/4188
f 4176/4176/4168 4178/4178/4170 4197/4197/4189
f 4198/4198/4190 4176/4176/4168 4197/4197/4189
f 4173/4173/4165 4176/4176/4168 4198/4198/4190
f 4199/4199/4191 4173/4173/4165 4198/4198/4190
f 4171/4171/4163 4173/4173/4165 4199/4199/4191
f 4200/4200/4192 4171/4171/4163 4199/4199/4191
f 4184/4184/4176 4171/4171/4163 4200/4200/4192
f 4190/4190/4182 4184/4184/4176 4200/4200/4192
f 4188/4188/4180 4190/4190/4182 4200/4200/4192
f 4186/4186/4178 4188/4188/4180 4200/4200/4192
f 4199/4199/4191 4186/4186/4178 4200/4200/4192
f 4198/4198/4190 4186/4186/4178 4199/4199/4191
f 4201/4201/4193 4186/4186/4178 4198/4198/4190
f 4202/4202/4194 4201/4201/4193 4198/4198/4190
f 4203/4203/4195 4201/4201/4193 4202/4202/4194
f 4204/4204/4196 4203/4203/4195 4202/4202/4194
f 4205/4205/4197 4203/4203/4195 4204/4204/4196
f 4206/4206/4198 4205/4205/4197 4204/4204/4196
f 4207/4207/4199 4205/4205/4197 4206/4206/4198
f 4194/4194/4186 4207/4207/4199 4206/4206/4198
f 4193/4193/4185 4207/4207/4199 4194/4194/4186
f 4208/4208/4200 4207/4207/4199 4193/4193/4185
f 4192/4192/4184 4208/4208/4200 4193/4193/4185
f 4191/4191/4183 4208/4208/4200 4192/4192/4184
f 4209/4209/4201 4208/4208/4200 4191/4191/4183
f 4189/4189/4181 4209/4209/4201 4191/4191/4183
f 4210/4210/4202 4209/4209/4201 4189/4189/4181
f 4185/4185/4177 4210/4210/4202 4189/4189/4181
f 4211/4211/4203 4210/4210/4202 4185/4185/4177
f 4187/4187/4179 4211/4211/4203 4185/4185/4177
f 4212/4212/4204 4211/4211/4203 4187/4187/4179
f 4186/4186/4178 4212/4212/4204 4187/4187/4179
f 4201/4201/4193 4212/4212/4204 4186/4186/4178
f 4203/4203/4195 4212/4212/4204 4201/4201/4193
f 4213/4213/4205 4212/4212/4204 4203/4203/4195
f 4205/4205/4197 4213/4213/4205 4203/4203/4195
f 4214/4214/4206 4213/4213/4205 4205/4205/4197
f 4207/4207/4199 4214/4214/4206 4205/4205/4197
f 4209/4209/4201 4214/4214/4206 4207/4207/4199
f 4208/4208/4200 4209/4209/4201 4207/4207/4199
f 4211/4211/4203 4212/4212/4204 4213/4213/4205
f 4214/4214/4206 4211/4211/4203 4213/4213/4205
f 4210/4210/4202 4211/4211/4203 4214/4214/4206
f 4209/4209/4201 4210/4210/4202 4214/4214/4206
f 4197/4197/4189 4202/4202/4194 4198/4198/4190
f 4204/4204/4196 4202/4202/4194 4197/4197/4189
f 4196/4196/4188 4204/4204/4196 4197/4197/4189
f 4195/4195/4187 4204/4204/4196 4196/4196/4188
f 4206/4206/4198 4204/4204/4196 4195/4195/4187
f 4194/4194/4186 4206/4206/4198 4195/4195/4187
f 4215/4215/4207 4216/4216/4208 4217/4217/4209
f 4218/4218/4210 4216/4216/4208 4215/4215/4207
f 4219/4219/4211 4218/4218/4210 4215/4215/4207
f 4220/4220/4212 4218/4218/4210 4219/4219/4211
f 4221/4221/4213 4222/4222/4214 4223/4223/4215
f 4224/4224/4216 4222/4222/4214 4221/4221/4213
f 4225/4225/4217 4224/4224/4216 4221/4221/4213
f 4226/4226/4218 4224/4224/4216 4225/4225/4217
f 4227/4227/4219 4226/4226/4218 4225/4225/4217
f 4228/4228/4220 4226/4226/4218 4227/4227/4219
f 4229/4229/4221 4228/4228/4220 4227/4227/4219
f 4230/4230/4222 4228/4228/4220 4229/4229/4221
f 4231/4231/4223 4230/4230/4222 4229/4229/4221
f 4232/4232/4224 4230/4230/4222 4231/4231/4223
f 4233/4233/4225 4232/4232/4224 4231/4231/4223
f 4234/4234/4226 4232/4232/4224 4233/4233/4225
f 4235/4235/4227 4234/4234/4226 4233/4233/4225
f 4236/4236/4228 4234/4234/4226 4235/4235/4227
f 4237/4237/4229 4236/4236/4228 4235/4235/4227
f 4228/4228/4220 4236/4236/4228 4237/4237/4229
f 4226/4226/4218 4228/4228/4220 4237/4237/4229
f 4224/4224/4216 4226/4226/4218 4237/4237/4229
f 4235/4235/4227 4224/4224/4216 4237/4237/4229
f 4233/4233/4225 4224/4224/4216 4235/4235/4227
f 4222/4222/4214 4224/4224/4216 4233/4233/4225
f 4238/4238/4230 4222/4222/4214 4233/4233/4225
f 4220/4220/4212 4222/4222/4214 4238/4238/4230
f 4223/4223/4215 4222/4222/4214 4220/4220/4212
f 4219/4219/4211 4223/4223/4215 4220/4220/4212
f 4239/4239/4231 4223/4223/4215 4219/4219/4211
f 4215/4215/4207 4239/4239/4231 4219/4219/4211
f 4240/4240/4232 4239/4239/4231 4215/4215/4207
f 4217/4217/4209 4240/4240/4232 4215/4215/4207
f 4241/4241/4233 4240/4240/4232 4217/4217/4209
f 4231/4231/4223 4241/4241/4233 4217/4217/4209
f 4229/4229/4221 4241/4241/4233 4231/4231/4223
f 4227/4227/4219 4241/4241/4233 4229/4229/4221
f 4240/4240/4232 4241/4241/4233 4227/4227/4219
f 4239/4239/4231 4240/4240/4232 4227/4227/4219
f 4221/4221/4213 4239/4239/4231 4227/4227/4219
f 4223/4223/4215 4239/4239/4231 4221/4221/4213
f 4221/4221/4213 4227/4227/4219 4225/4225/4217
f 4234/4234/4226 4230/4230/4222 4232/4232/4224
f 4236/4236/4228 4230/4230/4222 4234/4234/4226
f 4228/4228/4220 4230/4230/4222 4236/4236/4228
o Mesh-011_MeshData-011.001
v -0.722021 16.169733 0.393266
v -0.809595 16.202255 0.126954
v -0.766601 16.011721 0.233948
v -1.083449 15.975863 -0.352963
v -1.078760 16.063084 -0.363215
v -1.034394 16.079880 -0.487146
v -1.083073 16.035286 -0.227332
v -1.079394 15.910058 -0.296393
v -1.071584 15.890785 -0.215113
v -1.025815 15.797124 -0.363675
v -1.015197 15.761519 -0.213489
v -0.934786 15.713678 -0.419086
v -0.929199 15.667156 -0.222709
v -0.980418 15.572391 -0.467688
v -0.934413 15.581176 -0.154641
v -0.911965 15.750767 -0.041779
v -0.795191 15.626060 -0.026548
v -0.796335 15.702461 0.057359
v -0.811567 15.839686 0.116950
v -0.879786 15.932693 0.060148
v -0.860316 16.143532 0.048004
v -0.863133 16.302046 -0.105034
v -0.962566 16.247408 -0.124605
v -0.980963 16.283014 -0.274791
v -1.049752 16.173018 -0.248289
v -1.064693 16.138388 -0.323233
v -1.008569 16.219021 -0.413270
v -0.932848 16.258528 -0.491845
v -0.957061 16.083122 -0.580259
v -0.890683 15.966598 -1.079974
v -0.959279 15.872567 -0.555509
v -0.940035 15.797295 -1.140856
v -1.028681 15.622552 -0.917877
v -0.978977 15.632859 -1.214666
v -1.049921 15.458534 -1.309561
v -0.815987 15.584350 -1.641767
v -1.048689 15.320031 -1.448470
v -0.834559 15.426726 -1.710731
v -0.441271 15.517737 -1.922181
v -0.422174 15.672043 -1.861048
v 0.000000 15.551764 -2.009712
v 0.000000 15.694000 -1.964622
v 0.441271 15.517737 -1.922181
v 0.422174 15.672043 -1.861048
v 0.834559 15.426726 -1.710731
v 0.815987 15.584350 -1.641767
v 1.049921 15.458534 -1.309561
v 0.788065 15.770682 -1.558584
v 0.978977 15.632859 -1.214666
v 0.746663 15.913702 -1.491749
v 0.940035 15.797295 -1.140856
v 0.890683 15.966598 -1.079974
v 0.959279 15.872567 -0.555509
v 0.957061 16.083122 -0.580259
v 1.034394 16.079880 -0.487146
v 1.008569 16.219021 -0.413270
v 1.064693 16.138388 -0.323233
v 1.049752 16.173018 -0.248289
v 1.083073 16.035286 -0.227332
v 1.039796 16.153751 -0.167009
v 1.038627 16.087936 -0.110440
v 0.962566 16.247408 -0.124605
v 0.960406 16.125881 -0.016724
v 0.863139 16.302046 -0.105034
v 0.860316 16.143532 0.048004
v 0.809601 16.202255 0.126954
v 0.722027 16.169733 0.393266
v 0.766601 16.011721 0.233948
v 0.879786 15.932693 0.060148
v 0.811567 15.839686 0.116950
v 0.911965 15.750767 -0.041779
v 0.934413 15.581176 -0.154641
v 0.929199 15.667156 -0.222709
v 0.980418 15.572391 -0.467688
v 0.934786 15.713678 -0.419086
v 0.990268 15.604146 -0.666361
v 1.028681 15.622552 -0.917877
v 1.072188 15.424116 -1.028895
v 1.048689 15.320031 -1.448470
v 1.038737 15.388336 -0.808228
v 1.093094 15.290490 -1.049685
v 1.026111 15.259579 -0.710899
v 1.037684 15.303076 -0.622374
v 0.795191 15.626060 -0.026548
v 0.796335 15.702461 0.057359
v 1.071584 15.890785 -0.215113
v 1.079394 15.910058 -0.296393
v 1.060393 15.925423 -0.140169
v 1.046692 16.000717 -0.100187
v 0.975307 15.964659 -0.000899
v 0.999997 15.825503 -0.075011
v 1.015197 15.761519 -0.213489
v 1.025815 15.797124 -0.363675
v 1.037950 15.918728 -0.468203
v 1.078760 16.063084 -0.363215
v 1.083449 15.975863 -0.352963
v 0.311267 16.172068 -1.649771
v 0.000000 16.196581 -1.723245
v 0.000000 16.400463 -1.691841
v 0.355015 16.388779 -1.616436
v 0.742069 16.088541 -1.445713
v 0.000000 16.654291 -1.640517
v -0.367532 16.633209 -1.578646
v -0.355015 16.388779 -1.616436
v -0.311267 16.172068 -1.649771
v 0.383056 15.863499 -1.770675
v 0.000000 15.872729 -1.860838
v -0.383056 15.863499 -1.770675
v -0.331997 15.997951 -1.698046
v -0.746663 15.913702 -1.491749
v -0.742069 16.088541 -1.445713
v -0.737469 16.309795 -1.410546
v -0.912054 16.229557 -1.026110
v -0.739512 16.607376 -1.361335
v -0.931795 16.488331 -0.989517
v -0.781847 16.920156 -1.324734
v -1.007727 16.812304 -0.937016
v -0.719225 17.270096 -1.161357
v -0.952848 17.173992 -0.817134
v -0.679185 17.368273 -1.018842
v -0.252043 17.484879 -0.990769
v -0.309013 17.349035 -1.229857
v -0.105979 17.513338 -1.022815
v -0.134349 17.350964 -1.246326
v -0.314283 17.154045 -1.387838
v 0.000125 17.158779 -1.435796
v 0.000000 16.923246 -1.563565
v 0.334053 16.928734 -1.494397
v 0.367532 16.633209 -1.578646
v 0.781847 16.920156 -1.324734
v 0.739512 16.607376 -1.361335
v 1.007727 16.812304 -0.937016
v 0.931795 16.488331 -0.989517
v 0.929780 16.424183 -0.563303
v 0.932848 16.258528 -0.491845
v 0.887176 16.348526 -0.302804
v 0.980963 16.283014 -0.274791
v 0.912054 16.229557 -1.026110
v 0.331997 15.997951 -1.698046
v 0.000000 16.009497 -1.777801
v -0.334053 16.928734 -1.494397
v 0.737469 16.309795 -1.410546
v 0.005250 17.360901 -1.259356
v 0.140480 17.350964 -1.246326
v 0.252049 17.484879 -0.990769
v 0.679192 17.368273 -1.018842
v 0.719224 17.270096 -1.161357
v 0.309027 17.349035 -1.229857
v 0.105985 17.513338 -1.022815
v 0.314283 17.154045 -1.387838
v 0.952855 17.173992 -0.817134
v 0.971484 16.723150 -0.529283
v -1.072188 15.424116 -1.028895
v -1.093094 15.290490 -1.049685
v -1.026111 15.259579 -0.710899
v -1.038737 15.388336 -0.808228
v -0.990268 15.604146 -0.666361
v -1.037684 15.303076 -0.622374
v -1.037950 15.918728 -0.468203
v -0.971478 16.723150 -0.529283
v -0.929780 16.424183 -0.563303
v -0.887169 16.348526 -0.302804
v -0.999997 15.825503 -0.075011
v -0.975307 15.964659 -0.000899
v -0.960406 16.125881 -0.016724
v -1.039796 16.153751 -0.167009
v -1.038627 16.087936 -0.110440
v -1.046692 16.000717 -0.100187
v -1.060393 15.925423 -0.140169
v -0.788065 15.770682 -1.558584
v 0.252049 17.484879 -0.990769
v 0.105985 17.513338 -1.022815
v 0.111899 17.607857 -0.760970
v 0.580670 17.456455 -0.872759
v 0.679192 17.368273 -1.018842
v 0.294756 17.567020 -0.592667
v 0.000000 17.608948 -0.758790
v 0.000824 17.595125 -0.565425
v -0.111886 17.607857 -0.760970
v -0.294756 17.567020 -0.592667
v -0.580671 17.456455 -0.872758
v -0.788284 17.351856 -0.329647
v -0.952848 17.173992 -0.817134
v -0.952630 17.092476 -0.487258
v -0.971478 16.723150 -0.529283
v -0.890360 16.725006 -0.172914
v -0.887169 16.348526 -0.302804
v -0.841866 16.430271 -0.099098
v -0.863133 16.302046 -0.105034
v -0.809595 16.202255 0.126954
v -0.741417 16.474594 0.273299
v -0.730953 16.297581 0.332142
v -0.539758 16.292887 0.621968
v -0.557243 16.161285 0.709888
v -0.304718 16.266048 0.779043
v -0.304637 16.157085 0.878500
v 0.000000 16.263300 0.833841
v 0.000000 16.154337 0.933298
v 0.304718 16.266048 0.779043
v 0.304637 16.157085 0.878500
v 0.539758 16.292887 0.621968
v 0.557243 16.161285 0.709888
v 0.722027 16.169733 0.393266
v 0.730953 16.297581 0.332142
v 0.809601 16.202255 0.126954
v 0.741417 16.474594 0.273299
v 0.841866 16.430271 -0.099098
v 0.781468 16.667912 0.198738
v 0.890360 16.725006 -0.172914
v 0.891875 17.083017 -0.203377
v 0.971484 16.723150 -0.529283
v 0.952630 17.092476 -0.487258
v 0.952855 17.173992 -0.817134
v 0.788284 17.351856 -0.329647
v 0.339539 17.496964 -0.290735
v 0.003239 17.539024 -0.292524
v -0.339539 17.496964 -0.290735
v -0.704136 17.307528 -0.008243
v -0.891875 17.083017 -0.203377
v -0.812297 17.044598 0.087051
v -0.781468 16.667912 0.198738
v -0.546807 16.572784 0.450549
v -0.528781 16.428869 0.560123
v -0.278946 16.606852 0.649515
v -0.289064 16.466263 0.688643
v 0.000000 16.644045 0.719907
v 0.000000 16.489187 0.742957
v 0.278946 16.606852 0.649515
v 0.289064 16.466263 0.688643
v 0.546807 16.572784 0.450549
v 0.528781 16.428869 0.560123
v 0.618651 16.833214 0.484246
v 0.001247 17.409239 0.361807
v 0.003933 17.424976 0.030978
v -0.332196 17.414965 0.024469
v -0.307331 17.357672 0.353734
v 0.000000 17.239368 0.694274
v -0.271525 17.217243 0.631661
v -0.270301 17.013218 0.716786
v -0.618651 16.833214 0.484246
v -0.656722 17.085936 0.421392
v 0.332196 17.414049 0.024253
v 0.704136 17.307528 -0.008243
v 0.812297 17.044598 0.087051
v 0.656722 17.085936 0.421392
v 0.270301 17.013218 0.716786
v 0.000000 17.012173 0.777822
v 0.271525 17.217243 0.631661
v 0.307331 17.357969 0.354080
v -0.722021 16.169733 0.393266
v -0.252043 17.484879 -0.990769
v -0.105979 17.513338 -1.022815
v -0.679185 17.368273 -1.018842
v 0.887176 16.348526 -0.302804
v 0.863139 16.302046 -0.105034
v 0.105985 17.513338 -1.022815
v 0.140480 17.350964 -1.246326
v 0.039749 17.549311 -1.335608
v 0.031865 17.616356 -1.121678
v 0.111899 17.607857 -0.760970
v 0.000068 17.624350 -1.123840
v 0.000000 17.608948 -0.758790
v -0.031717 17.616356 -1.121678
v -0.111886 17.607857 -0.760970
v -0.105979 17.513338 -1.022815
v -0.134349 17.350964 -1.246326
v -0.038375 17.549311 -1.335608
v 0.005250 17.360901 -1.259356
v 0.000518 17.557619 -1.352950
v -0.767467 16.011692 0.234448
v -0.810536 16.202374 0.127271
v -0.722928 16.169872 0.393665
v -1.084435 15.975789 -0.353113
v -1.035259 16.080048 -0.487620
v -1.079736 16.063219 -0.363380
v -1.084059 16.035378 -0.227195
v -1.080371 15.909847 -0.296434
v -1.072547 15.890548 -0.214983
v -1.026667 15.796650 -0.363891
v -1.016027 15.760971 -0.213361
v -0.935776 15.713547 -0.419128
v -0.930177 15.666988 -0.222592
v -0.981387 15.572612 -0.467588
v -0.935363 15.581113 -0.154334
v -0.912753 15.750448 -0.041254
v -0.795816 15.625626 -0.025898
v -0.796960 15.702026 0.058008
v -0.812298 15.839400 0.117572
v -0.880510 15.932589 0.060831
v -0.861100 16.143774 0.048578
v -0.863955 16.302483 -0.104672
v -0.963230 16.248028 -0.124187
v -0.981682 16.283705 -0.274740
v -1.050662 16.173418 -0.248183
v -1.065638 16.138708 -0.323301
v -1.009373 16.219543 -0.413561
v -0.933797 16.258804 -0.491997
v -0.957983 16.083212 -0.580634
v -0.891653 15.966722 -1.080182
v -0.960266 15.872593 -0.555666
v -0.940961 15.797620 -1.141055
v -1.029653 15.622792 -0.917877
v -0.979880 15.633214 -1.214903
v -1.050834 15.458849 -1.309816
v -0.816670 15.584766 -1.642370
v -1.049614 15.320284 -1.448753
v -0.835232 15.427112 -1.711362
v -0.441643 15.518108 -1.923033
v -0.422543 15.672454 -1.861881
v 0.000000 15.552112 -2.010649
v 0.000000 15.694421 -1.965531
v 0.441643 15.518108 -1.923033
v 0.422543 15.672454 -1.861881
v 0.835232 15.427112 -1.711362
v 0.816670 15.584766 -1.642370
v 1.050834 15.458849 -1.309816
v 0.788759 15.771129 -1.559146
v 0.979880 15.633214 -1.214903
v 0.747377 15.914070 -1.492343
v 0.940961 15.797620 -1.141055
v 0.891653 15.966722 -1.080182
v 0.960266 15.872593 -0.555666
v 0.957983 16.083212 -0.580634
v 1.035259 16.080048 -0.487620
v 1.009373 16.219543 -0.413561
v 1.065638 16.138708 -0.323301
v 1.050662 16.173418 -0.248183
v 1.084059 16.035378 -0.227195
v 1.040679 16.154110 -0.166714
v 1.039505 16.088165 -0.110017
v 0.963230 16.248028 -0.124187
v 0.961074 16.126205 -0.016055
v 0.863961 16.302483 -0.104672
v 0.861100 16.143774 0.048578
v 0.810542 16.202374 0.127271
v 0.722934 16.169872 0.393665
v 0.767467 16.011692 0.234448
v 0.880510 15.932589 0.060831
v 0.812298 15.839400 0.117572
v 0.912753 15.750448 -0.041254
v 0.935363 15.581113 -0.154334
v 0.930177 15.666988 -0.222592
v 0.981387 15.572612 -0.467588
v 0.935776 15.713547 -0.419128
v 0.991251 15.604280 -0.666231
v 1.029653 15.622792 -0.917877
v 1.073173 15.424287 -1.028852
v 1.049614 15.320284 -1.448753
v 1.039731 15.388389 -0.808136
v 1.038681 15.303146 -0.622342
v 1.027109 15.259550 -0.710836
v 1.094087 15.290591 -1.049634
v 0.795816 15.625626 -0.025898
v 0.796960 15.702026 0.058008
v 1.080371 15.909847 -0.296434
v 1.072547 15.890548 -0.214983
v 1.084435 15.975789 -0.353113
v 1.079736 16.063219 -0.363380
v 1.038823 15.918507 -0.468638
v 1.026667 15.796650 -0.363891
v 1.016027 15.760971 -0.213361
v 1.000769 15.825124 -0.074503
v 0.976009 15.964604 -0.000188
v 1.047588 16.000757 -0.099744
v 1.061327 15.925279 -0.139841
v 0.311618 16.172256 -1.650688
v 0.000000 16.400610 -1.692830
v 0.000000 16.196787 -1.724223
v -0.355363 16.388908 -1.617364
v -0.311618 16.172256 -1.650688
v -0.367861 16.633396 -1.579572
v 0.000000 16.654518 -1.641490
v 0.355363 16.388908 -1.617364
v 0.742803 16.088715 -1.446370
v 0.383414 15.863992 -1.771471
v 0.000000 15.873240 -1.861700
v -0.383414 15.863992 -1.771471
v -0.332351 15.998352 -1.698891
v -0.747377 15.914070 -1.492343
v -0.742803 16.088715 -1.446370
v -0.738204 16.309870 -1.411219
v -0.913026 16.229570 -1.026345
v -0.740219 16.607431 -1.362039
v -0.932762 16.488266 -0.989761
v -0.782508 16.920380 -1.325450
v -1.008703 16.812338 -0.937233
v -0.719679 17.270775 -1.161941
v -0.953712 17.174490 -0.817230
v -0.679630 17.369104 -1.019169
v -0.252280 17.485771 -0.991159
v -0.309194 17.349812 -1.230464
v -0.106501 17.514101 -1.023186
v -0.134630 17.351517 -1.247110
v -0.314472 17.154608 -1.388643
v 0.000126 17.159372 -1.436599
v 0.000000 16.923613 -1.564493
v 0.334332 16.929083 -1.495295
v 0.367861 16.633396 -1.579572
v 0.782508 16.920380 -1.325450
v 0.740219 16.607431 -1.362039
v 1.008703 16.812338 -0.937233
v 0.932762 16.488266 -0.989761
v 0.930775 16.424114 -0.563228
v 0.933797 16.258804 -0.491997
v 0.888119 16.348829 -0.302668
v 0.981682 16.283705 -0.274740
v 0.913026 16.229570 -1.026345
v 0.332351 15.998352 -1.698891
v 0.000000 16.009905 -1.778713
v -0.334332 16.929083 -1.495295
v 0.738204 16.309870 -1.411219
v 0.005252 17.361048 -1.260344
v 0.140761 17.351517 -1.247108
v 0.252286 17.485771 -0.991159
v 0.719679 17.270775 -1.161941
v 0.679637 17.369104 -1.019168
v 0.309209 17.349802 -1.230463
v 0.106505 17.514111 -1.023185
v 0.314473 17.154608 -1.388643
v 0.953718 17.174490 -0.817230
v 0.972476 16.723114 -0.529165
v -0.888113 16.348829 -0.302668
v -0.930775 16.424114 -0.563228
v -0.972470 16.723114 -0.529165
v -1.000769 15.825124 -0.074503
v -0.976009 15.964604 -0.000188
v -0.961074 16.126205 -0.016055
v -1.040679 16.154110 -0.166714
v -1.039505 16.088165 -0.110017
v -1.047588 16.000757 -0.099744
v -1.061327 15.925279 -0.139841
v -0.991251 15.604280 -0.666231
v -1.039731 15.388389 -0.808136
v -1.073173 15.424287 -1.028852
v -1.094087 15.290591 -1.049634
v -1.027109 15.259550 -0.710836
v -1.038681 15.303146 -0.622342
v -1.038823 15.918507 -0.468638
v -0.788759 15.771129 -1.559146
v 0.112230 17.608795 -0.761102
v 0.106505 17.514111 -1.023185
v 0.252286 17.485771 -0.991159
v 0.679637 17.369104 -1.019168
v 0.581097 17.457352 -0.872910
v 0.294990 17.567993 -0.592608
v 0.000000 17.609949 -0.758722
v 0.000825 17.596107 -0.565267
v -0.112216 17.608795 -0.761102
v -0.294990 17.567993 -0.592607
v -0.581098 17.457352 -0.872910
v -0.788926 17.352608 -0.329502
v -0.953712 17.174490 -0.817230
v -0.953587 17.092731 -0.487117
v -0.972470 16.723114 -0.529165
v -0.891328 16.724972 -0.172667
v -0.888113 16.348829 -0.302668
v -0.842835 16.430298 -0.098854
v -0.863955 16.302483 -0.104672
v -0.810536 16.202374 0.127271
v -0.742290 16.474733 0.273766
v -0.731838 16.297749 0.332576
v -0.540407 16.293270 0.622624
v -0.557889 16.161737 0.710501
v -0.305029 16.266567 0.779840
v -0.304918 16.157721 0.879223
v 0.000000 16.263849 0.834681
v 0.000000 16.155014 0.934037
v 0.305029 16.266567 0.779840
v 0.304918 16.157721 0.879223
v 0.540407 16.293270 0.622624
v 0.557889 16.161737 0.710501
v 0.722934 16.169872 0.393665
v 0.731838 16.297749 0.332576
v 0.810542 16.202374 0.127271
v 0.742290 16.474733 0.273766
v 0.842835 16.430298 -0.098854
v 0.782363 16.667873 0.199181
v 0.891328 16.724972 -0.172667
v 0.892798 17.083302 -0.203116
v 0.972476 16.723114 -0.529165
v 0.953587 17.092731 -0.487117
v 0.953718 17.174490 -0.817230
v 0.788926 17.352608 -0.329502
v 0.339745 17.497919 -0.290509
v 0.003240 17.539989 -0.292274
v -0.339744 17.497919 -0.290509
v -0.704773 17.308233 -0.007932
v -0.892798 17.083302 -0.203116
v -0.813205 17.044846 0.087387
v -0.782363 16.667873 0.199181
v -0.547486 16.572870 0.451278
v -0.529423 16.429214 0.560809
v -0.279342 16.606922 0.650431
v -0.289428 16.466612 0.689506
v 0.000000 16.644079 0.720907
v 0.000000 16.489500 0.743908
v 0.279342 16.606922 0.650431
v 0.289428 16.466612 0.689506
v 0.547486 16.572870 0.451278
v 0.529423 16.429214 0.560809
v 0.619355 16.833149 0.484953
v 0.001247 17.410194 0.362095
v -0.332389 17.415918 0.024676
v 0.003935 17.425949 0.031183
v -0.307624 17.358561 0.354093
v 0.000000 17.240133 0.694929
v -0.271920 17.217831 0.632366
v -0.270701 17.013279 0.717700
v -0.619355 16.833149 0.484953
v -0.657473 17.086329 0.421919
v 0.332390 17.415005 0.024458
v 0.704773 17.308233 -0.007932
v 0.813205 17.044846 0.087387
v 0.657473 17.086329 0.421919
v 0.270701 17.013279 0.717700
v 0.000000 17.012276 0.778817
v 0.271920 17.217831 0.632366
v 0.307624 17.358858 0.354438
v -0.679630 17.369104 -1.019169
v -0.252280 17.485771 -0.991159
v -0.106501 17.514101 -1.023186
v -0.722928 16.169872 0.393665
v 0.863961 16.302483 -0.104672
v 0.888119 16.348829 -0.302668
v 0.140761 17.351517 -1.247108
v 0.106505 17.514111 -1.023185
v 0.040370 17.549767 -1.336244
v 0.000519 17.558041 -1.353856
v 0.005252 17.361048 -1.260344
v -0.038998 17.549767 -1.336248
v -0.134630 17.351517 -1.247110
v -0.032315 17.617140 -1.121840
v -0.106501 17.514101 -1.023186
v -0.112216 17.608795 -0.761102
v 0.000000 17.609949 -0.758722
v 0.000067 17.625336 -1.123968
v 0.112230 17.608795 -0.761102
v 0.032460 17.617140 -1.121837
vt 0.651900 0.719000
vt 0.662600 0.719500
vt 0.657700 0.712400
vt 0.682600 0.710000
vt 0.683100 0.713100
vt 0.687500 0.714100
vt 0.678200 0.711900
vt 0.680200 0.707500
vt 0.677700 0.706800
vt 0.683100 0.703400
vt 0.677200 0.701900
vt 0.685100 0.699500
vt 0.677200 0.698000
vt 0.683600 0.693400
vt 0.672900 0.693800
vt 0.668900 0.700900
vt 0.665000 0.695600
vt 0.664100 0.699700
vt 0.662100 0.705600
vt 0.665500 0.708300
vt 0.666000 0.716300
vt 0.672400 0.722700
vt 0.673800 0.720000
vt 0.680200 0.721400
vt 0.679200 0.717000
vt 0.681600 0.715800
vt 0.685500 0.719000
vt 0.689500 0.720700
vt 0.691900 0.714100
vt 0.708500 0.705300
vt 0.691900 0.706800
vt 0.709000 0.698000
vt 0.700200 0.691900
vt 0.709000 0.690900
vt 0.709500 0.682900
vt 0.724100 0.685100
vt 0.712400 0.676000
vt 0.724600 0.678200
vt 0.739700 0.680400
vt 0.740200 0.687300
vt 0.754400 0.681200
vt 0.754400 0.687300
vt 0.739700 0.680400
vt 0.740200 0.687300
vt 0.724600 0.678200
vt 0.724100 0.685100
vt 0.709500 0.682900
vt 0.723600 0.693100
vt 0.709000 0.690900
vt 0.724100 0.699500
vt 0.708500 0.698000
vt 0.708500 0.705300
vt 0.691900 0.706800
vt 0.691900 0.714100
vt 0.687500 0.714100
vt 0.685500 0.719000
vt 0.681600 0.715800
vt 0.679200 0.717000
vt 0.678200 0.711900
vt 0.676300 0.716300
vt 0.673800 0.713600
vt 0.673800 0.720000
vt 0.669900 0.715300
vt 0.672400 0.722700
vt 0.666000 0.716100
vt 0.662600 0.719500
vt 0.651900 0.719000
vt 0.657700 0.712400
vt 0.665500 0.708300
vt 0.662100 0.705600
vt 0.668900 0.700900
vt 0.672900 0.693800
vt 0.676800 0.698000
vt 0.683600 0.693400
vt 0.685100 0.699500
vt 0.691400 0.693400
vt 0.700200 0.691900
vt 0.701200 0.683300
vt 0.712400 0.676000
vt 0.692900 0.683800
vt 0.703100 0.677000
vt 0.689000 0.679900
vt 0.685500 0.684600
vt 0.665000 0.695600
vt 0.664100 0.699700
vt 0.677700 0.706800
vt 0.680200 0.707500
vt 0.675300 0.708000
vt 0.673800 0.710400
vt 0.669400 0.709200
vt 0.671900 0.704300
vt 0.677200 0.701900
vt 0.683100 0.703400
vt 0.686500 0.708300
vt 0.683100 0.713100
vt 0.682600 0.710000
vt 0.742200 0.707800
vt 0.754400 0.708300
vt 0.754400 0.715600
vt 0.741200 0.715600
vt 0.724100 0.706300
vt 0.754400 0.725100
vt 0.740700 0.724600
vt 0.741200 0.715600
vt 0.742200 0.707800
vt 0.740700 0.695600
vt 0.754400 0.695300
vt 0.740700 0.695600
vt 0.741700 0.701200
vt 0.724100 0.699500
vt 0.724100 0.706300
vt 0.724600 0.714600
vt 0.708500 0.715100
vt 0.725100 0.725600
vt 0.709500 0.724600
vt 0.727100 0.737800
vt 0.710900 0.737800
vt 0.729500 0.751600
vt 0.716800 0.753200
vt 0.728000 0.758900
vt 0.738300 0.763900
vt 0.743700 0.754400
vt 0.744600 0.765500
vt 0.750000 0.754600
vt 0.742700 0.745400
vt 0.754400 0.745100
vt 0.754400 0.735400
vt 0.742200 0.736100
vt 0.740700 0.724600
vt 0.727100 0.737800
vt 0.725100 0.725600
vt 0.710900 0.737800
vt 0.709500 0.724600
vt 0.693800 0.726100
vt 0.689500 0.720700
vt 0.682100 0.725100
vt 0.680200 0.721400
vt 0.708500 0.715100
vt 0.741700 0.701200
vt 0.754400 0.701200
vt 0.742200 0.736100
vt 0.724600 0.714600
vt 0.754400 0.754900
vt 0.750000 0.754800
vt 0.738300 0.763900
vt 0.728000 0.758900
vt 0.729500 0.751600
vt 0.743700 0.754400
vt 0.744600 0.765500
vt 0.742700 0.745400
vt 0.716800 0.753200
vt 0.696300 0.739300
vt 0.701200 0.683300
vt 0.703100 0.677000
vt 0.689000 0.679900
vt 0.692900 0.683800
vt 0.691400 0.693400
vt 0.685500 0.684600
vt 0.686500 0.708300
vt 0.696300 0.739300
vt 0.693800 0.726100
vt 0.682100 0.725100
vt 0.671900 0.704300
vt 0.669400 0.709200
vt 0.669900 0.715300
vt 0.676300 0.716300
vt 0.673800 0.713600
vt 0.673800 0.710400
vt 0.675300 0.708000
vt 0.723600 0.693100
vt 0.643600 0.841800
vt 0.636700 0.844800
vt 0.627900 0.834400
vt 0.651400 0.832600
vt 0.659200 0.834500
vt 0.632800 0.825400
vt 0.619100 0.833900
vt 0.619100 0.825400
vt 0.609900 0.834400
vt 0.605000 0.825400
vt 0.586400 0.832600
vt 0.588900 0.808600
vt 0.565400 0.822900
vt 0.567400 0.802900
vt 0.552200 0.788900
vt 0.563500 0.775300
vt 0.547900 0.762900
vt 0.558100 0.759000
vt 0.554200 0.753800
vt 0.562000 0.742700
vt 0.574200 0.747800
vt 0.575200 0.738800
vt 0.589800 0.730700
vt 0.588400 0.723400
vt 0.602500 0.725100
vt 0.602100 0.718800
vt 0.619100 0.723900
vt 0.619100 0.716800
vt 0.635700 0.725100
vt 0.636200 0.718800
vt 0.647900 0.730700
vt 0.649400 0.723400
vt 0.662600 0.731700
vt 0.662600 0.738800
vt 0.676300 0.742700
vt 0.663600 0.747800
vt 0.679700 0.759000
vt 0.662600 0.760100
vt 0.674300 0.775300
vt 0.661600 0.791400
vt 0.685500 0.788900
vt 0.670400 0.802900
vt 0.672400 0.822900
vt 0.648900 0.808600
vt 0.632800 0.811400
vt 0.619100 0.812500
vt 0.605000 0.811400
vt 0.592800 0.793500
vt 0.576200 0.791400
vt 0.583500 0.781000
vt 0.575200 0.760100
vt 0.588400 0.746800
vt 0.589800 0.737500
vt 0.603500 0.745600
vt 0.602500 0.735600
vt 0.619100 0.745400
vt 0.619100 0.735600
vt 0.634300 0.745600
vt 0.635300 0.735600
vt 0.649400 0.746800
vt 0.647900 0.737500
vt 0.649400 0.759400
vt 0.619100 0.783000
vt 0.619100 0.796900
vt 0.607400 0.796300
vt 0.607900 0.782600
vt 0.619100 0.768700
vt 0.607900 0.770300
vt 0.604500 0.759200
vt 0.588900 0.759400
vt 0.586900 0.773100
vt 0.630900 0.796300
vt 0.645000 0.793500
vt 0.654300 0.781000
vt 0.650900 0.773100
vt 0.633300 0.759200
vt 0.619100 0.757400
vt 0.629900 0.770300
vt 0.629900 0.782600
vt 0.575200 0.731700
vt 0.594200 0.841800
vt 0.601100 0.844800
vt 0.579100 0.834500
vt 0.690400 0.762900
vt 0.683600 0.753800
vt 0.570800 0.855600
vt 0.585000 0.852500
vt 0.586400 0.867300
vt 0.575700 0.865500
vt 0.560500 0.854400
vt 0.575700 0.866700
vt 0.559100 0.861200
vt 0.575200 0.866000
vt 0.561000 0.854400
vt 0.570800 0.855600
vt 0.583000 0.852300
vt 0.585000 0.865700
vt 0.587900 0.853600
vt 0.586400 0.867300
vt 0.657700 0.712400
vt 0.662600 0.719500
vt 0.651900 0.719000
vt 0.682600 0.710000
vt 0.687500 0.714100
vt 0.683100 0.713100
vt 0.678200 0.711900
vt 0.680200 0.707500
vt 0.677700 0.706800
vt 0.683100 0.703400
vt 0.677200 0.701900
vt 0.685100 0.699500
vt 0.677200 0.698000
vt 0.683600 0.693400
vt 0.672900 0.693800
vt 0.668900 0.700900
vt 0.665000 0.695600
vt 0.664100 0.699700
vt 0.662100 0.705600
vt 0.665500 0.708300
vt 0.666000 0.716300
vt 0.672400 0.722700
vt 0.673800 0.720000
vt 0.680200 0.721400
vt 0.679200 0.717000
vt 0.681600 0.715800
vt 0.685500 0.719000
vt 0.689500 0.720700
vt 0.691900 0.714100
vt 0.708500 0.705300
vt 0.691900 0.706800
vt 0.709000 0.698000
vt 0.700200 0.691900
vt 0.709000 0.690900
vt 0.709500 0.682900
vt 0.724100 0.685100
vt 0.712400 0.676000
vt 0.724600 0.678200
vt 0.739700 0.680400
vt 0.740200 0.687300
vt 0.754400 0.681200
vt 0.754400 0.687300
vt 0.739700 0.680400
vt 0.740200 0.687300
vt 0.724600 0.678200
vt 0.724100 0.685100
vt 0.709500 0.682900
vt 0.723600 0.693100
vt 0.709000 0.690900
vt 0.724100 0.699500
vt 0.708500 0.698000
vt 0.708500 0.705300
vt 0.691900 0.706800
vt 0.691900 0.714100
vt 0.687500 0.714100
vt 0.685500 0.719000
vt 0.681600 0.715800
vt 0.679200 0.717000
vt 0.678200 0.711900
vt 0.676300 0.716300
vt 0.673800 0.713600
vt 0.673800 0.720000
vt 0.669900 0.715300
vt 0.672400 0.722700
vt 0.666000 0.716100
vt 0.662600 0.719500
vt 0.651900 0.719000
vt 0.657700 0.712400
vt 0.665500 0.708300
vt 0.662100 0.705600
vt 0.668900 0.700900
vt 0.672900 0.693800
vt 0.676800 0.698000
vt 0.683600 0.693400
vt 0.685100 0.699500
vt 0.691400 0.693400
vt 0.700200 0.691900
vt 0.701200 0.683300
vt 0.712400 0.676000
vt 0.692900 0.683800
vt 0.685500 0.684600
vt 0.689000 0.679900
vt 0.703100 0.677000
vt 0.665000 0.695600
vt 0.664100 0.699700
vt 0.680200 0.707500
vt 0.677700 0.706800
vt 0.682600 0.710000
vt 0.683100 0.713100
vt 0.686500 0.708300
vt 0.683100 0.703400
vt 0.677200 0.701900
vt 0.671900 0.704300
vt 0.669400 0.709200
vt 0.673800 0.710400
vt 0.675300 0.708000
vt 0.742200 0.707800
vt 0.754400 0.715600
vt 0.754400 0.708300
vt 0.741200 0.715600
vt 0.742200 0.707800
vt 0.740700 0.724600
vt 0.754400 0.725100
vt 0.741200 0.715600
vt 0.724100 0.706300
vt 0.740700 0.695600
vt 0.754400 0.695300
vt 0.740700 0.695600
vt 0.741700 0.701200
vt 0.724100 0.699500
vt 0.724100 0.706300
vt 0.724600 0.714600
vt 0.708500 0.715100
vt 0.725100 0.725600
vt 0.709500 0.724600
vt 0.727100 0.737800
vt 0.710900 0.737800
vt 0.729500 0.751600
vt 0.716800 0.753200
vt 0.728000 0.758900
vt 0.738300 0.763900
vt 0.743700 0.754400
vt 0.744600 0.765500
vt 0.750000 0.754600
vt 0.742700 0.745400
vt 0.754400 0.745100
vt 0.754400 0.735400
vt 0.742200 0.736100
vt 0.740700 0.724600
vt 0.727100 0.737800
vt 0.725100 0.725600
vt 0.710900 0.737800
vt 0.709500 0.724600
vt 0.693800 0.726100
vt 0.689500 0.720700
vt 0.682100 0.725100
vt 0.680200 0.721400
vt 0.708500 0.715100
vt 0.741700 0.701200
vt 0.754400 0.701200
vt 0.742200 0.736100
vt 0.724600 0.714600
vt 0.754400 0.754900
vt 0.750000 0.754800
vt 0.738300 0.763900
vt 0.729500 0.751600
vt 0.728000 0.758900
vt 0.743700 0.754400
vt 0.744600 0.765500
vt 0.742700 0.745400
vt 0.716800 0.753200
vt 0.696300 0.739300
vt 0.682100 0.725100
vt 0.693800 0.726100
vt 0.696300 0.739300
vt 0.671900 0.704300
vt 0.669400 0.709200
vt 0.669900 0.715300
vt 0.676300 0.716300
vt 0.673800 0.713600
vt 0.673800 0.710400
vt 0.675300 0.708000
vt 0.691400 0.693400
vt 0.692900 0.683800
vt 0.701200 0.683300
vt 0.703100 0.677000
vt 0.689000 0.679900
vt 0.685500 0.684600
vt 0.686500 0.708300
vt 0.723600 0.693100
vt 0.627900 0.834400
vt 0.636700 0.844800
vt 0.643600 0.841800
vt 0.659200 0.834500
vt 0.651400 0.832600
vt 0.632800 0.825400
vt 0.619100 0.833900
vt 0.619100 0.825400
vt 0.609900 0.834400
vt 0.605000 0.825400
vt 0.586400 0.832600
vt 0.588900 0.808600
vt 0.565400 0.822900
vt 0.567400 0.802900
vt 0.552200 0.788900
vt 0.563500 0.775300
vt 0.547900 0.762900
vt 0.558100 0.759000
vt 0.554200 0.753800
vt 0.562000 0.742700
vt 0.574200 0.747800
vt 0.575200 0.738800
vt 0.589800 0.730700
vt 0.588400 0.723400
vt 0.602500 0.725100
vt 0.602100 0.718800
vt 0.619100 0.723900
vt 0.619100 0.716800
vt 0.635700 0.725100
vt 0.636200 0.718800
vt 0.647900 0.730700
vt 0.649400 0.723400
vt 0.662600 0.731700
vt 0.662600 0.738800
vt 0.676300 0.742700
vt 0.663600 0.747800
vt 0.679700 0.759000
vt 0.662600 0.760100
vt 0.674300 0.775300
vt 0.661600 0.791400
vt 0.685500 0.788900
vt 0.670400 0.802900
vt 0.672400 0.822900
vt 0.648900 0.808600
vt 0.632800 0.811400
vt 0.619100 0.812500
vt 0.605000 0.811400
vt 0.592800 0.793500
vt 0.576200 0.791400
vt 0.583500 0.781000
vt 0.575200 0.760100
vt 0.588400 0.746800
vt 0.589800 0.737500
vt 0.603500 0.745600
vt 0.602500 0.735600
vt 0.619100 0.745400
vt 0.619100 0.735600
vt 0.634300 0.745600
vt 0.635300 0.735600
vt 0.649400 0.746800
vt 0.647900 0.737500
vt 0.649400 0.759400
vt 0.619100 0.783000
vt 0.607400 0.796300
vt 0.619100 0.796900
vt 0.607900 0.782600
vt 0.619100 0.768700
vt 0.607900 0.770300
vt 0.604500 0.759200
vt 0.588900 0.759400
vt 0.586900 0.773100
vt 0.630900 0.796300
vt 0.645000 0.793500
vt 0.654300 0.781000
vt 0.650900 0.773100
vt 0.633300 0.759200
vt 0.619100 0.757400
vt 0.629900 0.770300
vt 0.629900 0.782600
vt 0.579100 0.834500
vt 0.594200 0.841800
vt 0.601100 0.844800
vt 0.575200 0.731700
vt 0.683600 0.753800
vt 0.690400 0.762900
vt 0.585000 0.852500
vt 0.570800 0.855600
vt 0.586400 0.867300
vt 0.586400 0.867300
vt 0.587900 0.853600
vt 0.585000 0.865700
vt 0.583000 0.852300
vt 0.575200 0.866000
vt 0.570800 0.855600
vt 0.561000 0.854400
vt 0.559100 0.861200
vt 0.575700 0.866700
vt 0.560500 0.854400
vt 0.575700 0.865500
vn -0.9506 -0.0418 0.3075
vn -0.9065 0.1180 0.4055
vn -0.8940 -0.0118 0.4479
vn -0.9811 -0.0780 -0.1768
vn -0.9708 0.1484 -0.1887
vn -0.8518 0.1725 -0.4947
vn -0.9858 0.0937 0.1397
vn -0.9699 -0.2369 -0.0565
vn -0.9527 -0.2695 0.1405
vn -0.8313 -0.5076 -0.2265
vn -0.8129 -0.5671 0.1327
vn -0.9877 -0.1494 -0.0464
vn -0.9741 -0.1973 0.1107
vn -0.9674 0.2363 0.0912
vn -0.9526 -0.0304 0.3027
vn -0.7064 -0.4130 0.5749
vn -0.6060 -0.4910 0.6258
vn -0.6817 -0.4531 0.5744
vn -0.7555 -0.2399 0.6096
vn -0.7175 -0.1056 0.6885
vn -0.7673 0.2620 0.5853
vn -0.5623 0.6940 0.4498
vn -0.6396 0.6393 0.4269
vn -0.6953 0.7173 0.0448
vn -0.8965 0.4308 0.1030
vn -0.9356 0.3418 -0.0883
vn -0.7884 0.5423 -0.2903
vn -0.9388 0.3044 -0.1613
vn -0.9162 0.1492 -0.3719
vn -0.9632 0.1803 -0.1996
vn -0.9689 -0.0761 -0.2353
vn -0.9212 0.3270 -0.2108
vn -0.9701 0.2420 0.0166
vn -0.8841 0.3967 -0.2469
vn -0.9183 0.3237 -0.2278
vn -0.6894 0.3892 -0.6110
vn -0.8881 0.3051 -0.3438
vn -0.6679 0.3630 -0.6497
vn -0.3757 0.3841 -0.8434
vn -0.3711 0.4129 -0.8317
vn -0.0137 0.3126 -0.9498
vn -0.0039 0.4037 -0.9149
vn 0.3826 0.3722 -0.8456
vn 0.3754 0.4238 -0.8243
vn 0.6867 0.3726 -0.6242
vn 0.6852 0.3715 -0.6265
vn 0.9327 0.2957 -0.2062
vn 0.6959 0.4353 -0.5712
vn 0.9011 0.3816 -0.2060
vn 0.7169 0.3509 -0.6024
vn 0.9112 0.3446 -0.2260
vn 0.9604 0.1548 -0.2317
vn 0.9703 -0.0765 -0.2295
vn 0.9386 0.1112 -0.3266
vn 0.8481 0.1794 -0.4985
vn 0.7894 0.5348 -0.3014
vn 0.9356 0.3418 -0.0886
vn 0.8965 0.4308 0.1029
vn 0.9858 0.0937 0.1397
vn 0.8668 0.3888 0.3123
vn 0.8637 0.2368 0.4450
vn 0.6346 0.6378 0.4366
vn 0.6545 0.3412 0.6746
vn 0.5697 0.6851 0.4541
vn 0.7823 0.2690 0.5618
vn 0.8875 0.3183 0.3333
vn 0.9274 -0.0245 0.3733
vn 0.8856 -0.0726 0.4587
vn 0.7132 -0.1087 0.6925
vn 0.7572 -0.2534 0.6020
vn 0.7360 -0.3681 0.5681
vn 0.9568 -0.0426 0.2876
vn 0.9728 -0.2020 0.1135
vn 0.9674 0.2363 0.0912
vn 0.9879 -0.1464 -0.0514
vn 0.9842 0.1173 0.1324
vn 0.9711 0.2385 0.0034
vn 0.9807 0.1942 0.0203
vn 0.8707 0.3492 -0.3463
vn 0.9862 0.0887 0.1399
vn 0.9897 0.1392 0.0343
vn 0.9965 -0.0797 0.0239
vn 0.9977 0.0594 0.0312
vn 0.5551 -0.4927 0.6702
vn 0.9754 -0.1695 0.1411
vn 0.9552 -0.2618 0.1377
vn 0.9704 -0.2324 -0.0661
vn 0.9232 -0.1544 0.3520
vn 0.8826 0.0325 0.4690
vn 0.6830 -0.0571 0.7282
vn 0.7532 -0.3966 0.5248
vn 0.8133 -0.5656 0.1365
vn 0.8324 -0.4991 -0.2408
vn 0.8614 -0.2250 -0.4553
vn 0.9705 0.1430 -0.1943
vn 0.9795 -0.0804 -0.1849
vn 0.3362 0.1850 -0.9235
vn 0.0037 0.2124 -0.9772
vn 0.0102 0.1659 -0.9861
vn 0.3434 0.1150 -0.9321
vn 0.7457 0.1396 -0.6516
vn 0.0033 0.2343 -0.9722
vn -0.3558 0.2129 -0.9100
vn -0.3641 0.1041 -0.9255
vn -0.3448 0.1863 -0.9200
vn 0.3633 0.4998 -0.7863
vn 0.0030 0.5083 -0.8612
vn -0.3566 0.5012 -0.7885
vn -0.3415 0.4132 -0.8442
vn -0.7080 0.3405 -0.6187
vn -0.7367 0.1775 -0.6525
vn -0.7359 0.0980 -0.6699
vn -0.9736 -0.0264 -0.2268
vn -0.7048 0.0650 -0.7065
vn -0.9634 -0.0931 -0.2514
vn -0.6552 0.2129 -0.7248
vn -0.9736 0.0210 -0.2271
vn -0.5440 0.6098 -0.5764
vn -0.9070 0.3078 -0.2874
vn -0.4247 0.7969 -0.4297
vn -0.2483 0.8626 -0.4407
vn -0.1788 0.7543 -0.6317
vn -0.1928 0.8519 -0.4870
vn -0.0937 0.7059 -0.7021
vn -0.2207 0.5272 -0.8206
vn 0.0050 0.5619 -0.8272
vn 0.0013 0.3708 -0.9287
vn 0.2540 0.3668 -0.8950
vn 0.3239 0.1856 -0.9277
vn 0.6620 0.2286 -0.7138
vn 0.7167 0.0366 -0.6965
vn 0.9750 0.0253 -0.2207
vn 0.9629 -0.0960 -0.2523
vn 0.9957 -0.0644 0.0672
vn 0.9426 0.3020 -0.1421
vn 0.8088 0.5838 0.0704
vn 0.6958 0.7166 0.0486
vn 0.9713 -0.0152 -0.2374
vn 0.3530 0.4135 -0.8393
vn -0.0032 0.4103 -0.9120
vn -0.2862 0.3411 -0.8954
vn 0.7351 0.1044 -0.6698
vn 0.0033 0.6576 -0.7534
vn 0.0957 0.7053 -0.7024
vn 0.2483 0.8626 -0.4407
vn 0.4247 0.7969 -0.4297
vn 0.5337 0.6192 -0.5759
vn 0.1799 0.7544 -0.6313
vn 0.1953 0.8525 -0.4849
vn 0.2117 0.5255 -0.8240
vn 0.9105 0.3208 -0.2610
vn 0.9932 -0.0807 0.0837
vn -0.9851 0.1640 0.0525
vn -0.9893 0.1332 0.0594
vn -0.9970 -0.0757 0.0167
vn -0.9897 0.0715 0.1240
vn -0.9844 0.1169 0.1317
vn -0.9977 0.0594 0.0312
vn -0.8620 -0.2207 -0.4563
vn -0.9935 -0.0988 0.0564
vn -0.9967 -0.0675 0.0455
vn -0.8107 0.5815 0.0683
vn -0.7521 -0.3966 0.5263
vn -0.6772 -0.0541 0.7338
vn -0.6565 0.3241 0.6812
vn -0.8678 0.3888 0.3094
vn -0.8638 0.2323 0.4472
vn -0.8812 0.0337 0.4715
vn -0.9223 -0.1614 0.3511
vn -0.7155 0.4124 -0.5639
vn 0.2477 0.9265 -0.2833
vn 0.2503 0.9088 -0.3337
vn 0.1943 0.9809 -0.0076
vn 0.3809 0.9072 -0.1787
vn 0.4953 0.8501 -0.1791
vn 0.2396 0.9700 0.0417
vn 0.0303 0.9948 0.0970
vn 0.0082 0.9888 0.1492
vn -0.1597 0.9852 -0.0629
vn -0.2442 0.9664 0.0801
vn -0.3959 0.9002 -0.1817
vn -0.6477 0.7454 0.1578
vn -0.8159 0.5780 -0.0141
vn -0.9620 0.2381 0.1333
vn -0.9842 -0.0052 0.1772
vn -0.9683 -0.0346 0.2474
vn -0.9757 -0.0273 0.2172
vn -0.9696 0.0125 0.2443
vn -0.9623 0.1491 0.2275
vn -0.9535 0.0980 0.2849
vn -0.8717 0.1028 0.4791
vn -0.8974 0.1218 0.4242
vn -0.6241 0.4205 0.6586
vn -0.5791 0.4987 0.6450
vn -0.3174 0.5300 0.7864
vn -0.2551 0.6517 0.7142
vn 0.0051 0.5465 0.8374
vn -0.0000 0.6742 0.7386
vn 0.2955 0.5459 0.7840
vn 0.2464 0.6441 0.7242
vn 0.6576 0.4100 0.6321
vn 0.6100 0.4946 0.6191
vn 0.8677 0.1957 0.4569
vn 0.8830 0.1324 0.4502
vn 0.9535 0.0980 0.2849
vn 0.8680 0.0967 0.4871
vn 0.9708 0.0152 0.2393
vn 0.9056 -0.0411 0.4221
vn 0.9679 -0.0379 0.2483
vn 0.9358 0.2430 0.2553
vn 0.9840 -0.0092 0.1779
vn 0.9618 0.2399 0.1316
vn 0.8159 0.5780 -0.0141
vn 0.6449 0.7471 0.1612
vn 0.2134 0.9494 0.2305
vn 0.0118 0.9662 0.2574
vn -0.2192 0.9515 0.2159
vn -0.6062 0.7351 0.3037
vn -0.9368 0.2430 0.2518
vn -0.9151 0.2292 0.3317
vn -0.9050 -0.0422 0.4232
vn -0.6831 0.1008 0.7234
vn -0.6207 0.3767 0.6876
vn -0.4239 0.0920 0.9010
vn -0.3597 0.3337 0.8714
vn 0.0097 -0.0076 0.9999
vn 0.0186 0.2756 0.9611
vn 0.4130 0.0438 0.9097
vn 0.3644 0.3565 0.8603
vn 0.6851 0.0751 0.7246
vn 0.6221 0.3862 0.6811
vn 0.7036 -0.0888 0.7050
vn 0.0173 0.9623 0.2713
vn 0.0283 0.9799 0.1975
vn -0.1905 0.9585 0.2122
vn -0.3097 0.8836 0.3513
vn 0.0050 0.6493 0.7605
vn -0.3846 0.6088 0.6939
vn -0.4133 0.1168 0.9031
vn -0.6792 -0.0863 0.7289
vn -0.7136 0.3694 0.5952
vn 0.1702 0.9624 0.2118
vn 0.6015 0.7413 0.2976
vn 0.9171 0.2254 0.3288
vn 0.7269 0.3764 0.5744
vn 0.3769 0.1175 0.9188
vn 0.0039 0.0978 0.9952
vn 0.3616 0.6207 0.6957
vn 0.2942 0.8954 0.3342
vn -0.9001 0.1352 0.4142
vn -0.2241 0.9076 -0.3551
vn -0.2503 0.9088 -0.3337
vn -0.4953 0.8501 -0.1791
vn 0.9750 -0.0127 0.2220
vn 0.9623 0.1491 0.2275
vn 0.8788 0.4486 -0.1628
vn 0.7528 0.0607 -0.6554
vn 0.6310 0.4166 -0.6544
vn 0.5662 0.8096 -0.1545
vn 0.2470 0.9689 -0.0152
vn -0.0125 0.9900 -0.1407
vn -0.0065 0.9995 0.0323
vn -0.5765 0.8033 -0.1497
vn -0.2350 0.9716 -0.0293
vn -0.8744 0.4454 -0.1927
vn -0.7359 0.0863 -0.6716
vn -0.6338 0.3462 -0.6917
vn -0.0148 -0.4108 -0.9116
vn -0.0303 0.4299 -0.9024
vn 0.8940 0.0119 -0.4479
vn 0.9065 -0.1181 -0.4054
vn 0.9506 0.0419 -0.3075
vn 0.9811 0.0780 0.1768
vn 0.8517 -0.1726 0.4948
vn 0.9708 -0.1483 0.1887
vn 0.9858 -0.0937 -0.1397
vn 0.9699 0.2369 0.0565
vn 0.9527 0.2695 -0.1405
vn 0.8309 0.5080 0.2268
vn 0.8125 0.5677 -0.1328
vn 0.9877 0.1495 0.0466
vn 0.9740 0.1977 -0.1110
vn 0.9673 -0.2367 -0.0912
vn 0.9526 0.0303 -0.3028
vn 0.7064 0.4130 -0.5748
vn 0.6065 0.4913 -0.6252
vn 0.6818 0.4532 -0.5743
vn 0.7555 0.2400 -0.6096
vn 0.7176 0.1056 -0.6884
vn 0.7673 -0.2619 -0.5854
vn 0.5615 -0.6945 -0.4499
vn 0.6393 -0.6395 -0.4270
vn 0.6947 -0.7179 -0.0445
vn 0.8965 -0.4309 -0.1030
vn 0.9356 -0.3418 0.0884
vn 0.7881 -0.5427 0.2906
vn 0.9387 -0.3044 0.1616
vn 0.9162 -0.1491 0.3719
vn 0.9631 -0.1804 0.1996
vn 0.9688 0.0762 0.2358
vn 0.9212 -0.3271 0.2108
vn 0.9701 -0.2420 -0.0166
vn 0.8841 -0.3967 0.2469
vn 0.9183 -0.3238 0.2278
vn 0.6894 -0.3892 0.6110
vn 0.8881 -0.3051 0.3438
vn 0.6679 -0.3630 0.6497
vn 0.3757 -0.3841 0.8434
vn 0.3712 -0.4129 0.8317
vn 0.0137 -0.3126 0.9498
vn 0.0039 -0.4037 0.9149
vn -0.3826 -0.3722 0.8456
vn -0.3754 -0.4238 0.8243
vn -0.6867 -0.3725 0.6243
vn -0.6852 -0.3715 0.6265
vn -0.9327 -0.2958 0.2063
vn -0.6959 -0.4353 0.5712
vn -0.9011 -0.3816 0.2060
vn -0.7169 -0.3508 0.6024
vn -0.9111 -0.3446 0.2260
vn -0.9604 -0.1549 0.2317
vn -0.9702 0.0765 0.2300
vn -0.9386 -0.1111 0.3266
vn -0.8480 -0.1794 0.4987
vn -0.7891 -0.5351 0.3015
vn -0.9356 -0.3417 0.0886
vn -0.8965 -0.4309 -0.1030
vn -0.9858 -0.0937 -0.1397
vn -0.8668 -0.3889 -0.3122
vn -0.8637 -0.2368 -0.4450
vn -0.6342 -0.6381 -0.4366
vn -0.6544 -0.3414 -0.6747
vn -0.5690 -0.6855 -0.4541
vn -0.7823 -0.2690 -0.5619
vn -0.8875 -0.3182 -0.3333
vn -0.9274 0.0245 -0.3732
vn -0.8856 0.0723 -0.4587
vn -0.7132 0.1087 -0.6925
vn -0.7572 0.2535 -0.6020
vn -0.7358 0.3684 -0.5683
vn -0.9568 0.0424 -0.2878
vn -0.9727 0.2025 -0.1138
vn -0.9673 -0.2367 -0.0912
vn -0.9879 0.1465 0.0517
vn -0.9842 -0.1174 -0.1324
vn -0.9711 -0.2386 -0.0034
vn -0.9808 -0.1942 -0.0203
vn -0.8707 -0.3492 0.3463
vn -0.9862 -0.0887 -0.1399
vn -0.9977 -0.0594 -0.0312
vn -0.9965 0.0795 -0.0240
vn -0.9897 -0.1391 -0.0343
vn -0.5565 0.4921 -0.6694
vn -0.9751 0.1704 -0.1418
vn -0.9704 0.2324 0.0661
vn -0.9552 0.2618 -0.1377
vn -0.9795 0.0804 0.1849
vn -0.9705 -0.1430 0.1943
vn -0.8611 0.2252 0.4558
vn -0.8320 0.4996 0.2411
vn -0.8130 0.5661 -0.1364
vn -0.7531 0.3967 -0.5248
vn -0.6830 0.0571 -0.7282
vn -0.8826 -0.0324 -0.4690
vn -0.9232 0.1544 -0.3520
vn -0.3362 -0.1849 0.9235
vn -0.0102 -0.1659 0.9861
vn -0.0037 -0.2124 0.9772
vn 0.3641 -0.1041 0.9255
vn 0.3448 -0.1863 0.9200
vn 0.3558 -0.2129 0.9100
vn -0.0033 -0.2343 0.9722
vn -0.3434 -0.1150 0.9321
vn -0.7456 -0.1395 0.6516
vn -0.3633 -0.4998 0.7862
vn -0.0030 -0.5083 0.8611
vn 0.3566 -0.5012 0.7884
vn 0.3415 -0.4132 0.8442
vn 0.7080 -0.3405 0.6187
vn 0.7367 -0.1775 0.6526
vn 0.7359 -0.0980 0.6699
vn 0.9736 0.0265 0.2268
vn 0.7048 -0.0650 0.7064
vn 0.9634 0.0931 0.2514
vn 0.6553 -0.2129 0.7247
vn 0.9736 -0.0211 0.2272
vn 0.5439 -0.6098 0.5764
vn 0.9069 -0.3079 0.2876
vn 0.4248 -0.7969 0.4296
vn 0.2481 -0.8626 0.4408
vn 0.1787 -0.7544 0.6316
vn 0.1925 -0.8519 0.4870
vn 0.0933 -0.7060 0.7020
vn 0.2207 -0.5272 0.8206
vn -0.0050 -0.5620 0.8271
vn -0.0013 -0.3708 0.9287
vn -0.2540 -0.3668 0.8949
vn -0.3239 -0.1856 0.9277
vn -0.6620 -0.2286 0.7138
vn -0.7167 -0.0366 0.6965
vn -0.9750 -0.0254 0.2208
vn -0.9629 0.0960 0.2524
vn -0.9957 0.0645 -0.0673
vn -0.9426 -0.3020 0.1425
vn -0.8082 -0.5848 -0.0702
vn -0.6951 -0.7172 -0.0485
vn -0.9713 0.0153 0.2374
vn -0.3530 -0.4136 0.8392
vn 0.0032 -0.4103 0.9119
vn 0.2862 -0.3412 0.8954
vn -0.7351 -0.1044 0.6698
vn -0.0033 -0.6580 0.7530
vn -0.0954 -0.7054 0.7024
vn -0.2482 -0.8626 0.4408
vn -0.5337 -0.6192 0.5760
vn -0.4248 -0.7968 0.4297
vn -0.1798 -0.7545 0.6312
vn -0.1951 -0.8525 0.4849
vn -0.2118 -0.5256 0.8240
vn -0.9104 -0.3209 0.2611
vn -0.9932 0.0807 -0.0837
vn 0.8100 -0.5825 -0.0679
vn 0.9967 0.0675 -0.0456
vn 0.9935 0.0988 -0.0564
vn 0.7521 0.3968 -0.5262
vn 0.6772 0.0541 -0.7338
vn 0.6564 -0.3242 -0.6812
vn 0.8678 -0.3888 -0.3094
vn 0.8637 -0.2324 -0.4472
vn 0.8812 -0.0337 -0.4715
vn 0.9223 0.1615 -0.3510
vn 0.9844 -0.1171 -0.1317
vn 0.9897 -0.0714 -0.1240
vn 0.9851 -0.1640 -0.0524
vn 0.9893 -0.1333 -0.0594
vn 0.9970 0.0755 -0.0168
vn 0.9977 -0.0594 -0.0312
vn 0.8618 0.2210 0.4566
vn 0.7155 -0.4124 0.5639
vn -0.1950 -0.9808 0.0084
vn -0.2500 -0.9089 0.3338
vn -0.2477 -0.9265 0.2833
vn -0.4953 -0.8500 0.1792
vn -0.3810 -0.9071 0.1787
vn -0.2396 -0.9700 -0.0417
vn -0.0301 -0.9948 -0.0968
vn -0.0081 -0.9888 -0.1492
vn 0.1598 -0.9851 0.0630
vn 0.2442 -0.9664 -0.0801
vn 0.3960 -0.9001 0.1816
vn 0.6476 -0.7454 -0.1578
vn 0.8159 -0.5780 0.0141
vn 0.9620 -0.2382 -0.1332
vn 0.9842 0.0052 -0.1772
vn 0.9683 0.0346 -0.2474
vn 0.9757 0.0277 -0.2172
vn 0.9696 -0.0124 -0.2442
vn 0.9624 -0.1487 -0.2274
vn 0.9535 -0.0980 -0.2849
vn 0.8717 -0.1028 -0.4791
vn 0.8973 -0.1219 -0.4242
vn 0.6241 -0.4205 -0.6585
vn 0.5792 -0.4986 -0.6449
vn 0.3174 -0.5300 -0.7864
vn 0.2552 -0.6518 -0.7142
vn -0.0051 -0.5465 -0.8374
vn 0.0000 -0.6742 -0.7385
vn -0.2956 -0.5459 -0.7840
vn -0.2465 -0.6442 -0.7241
vn -0.6576 -0.4100 -0.6321
vn -0.6101 -0.4946 -0.6190
vn -0.8677 -0.1957 -0.4569
vn -0.8830 -0.1324 -0.4503
vn -0.9535 -0.0980 -0.2849
vn -0.8680 -0.0967 -0.4871
vn -0.9708 -0.0151 -0.2393
vn -0.9056 0.0411 -0.4221
vn -0.9679 0.0379 -0.2483
vn -0.9358 -0.2431 -0.2553
vn -0.9840 0.0092 -0.1778
vn -0.9618 -0.2399 -0.1316
vn -0.8159 -0.5780 0.0141
vn -0.6449 -0.7471 -0.1612
vn -0.2135 -0.9494 -0.2305
vn -0.0118 -0.9662 -0.2574
vn 0.2192 -0.9515 -0.2159
vn 0.6062 -0.7351 -0.3037
vn 0.9367 -0.2432 -0.2518
vn 0.9151 -0.2293 -0.3317
vn 0.9050 0.0422 -0.4232
vn 0.6831 -0.1009 -0.7233
vn 0.6207 -0.3769 -0.6875
vn 0.4238 -0.0920 -0.9011
vn 0.3597 -0.3338 -0.8713
vn -0.0097 0.0076 -0.9999
vn -0.0186 -0.2756 -0.9611
vn -0.4130 -0.0438 -0.9097
vn -0.3644 -0.3565 -0.8603
vn -0.6851 -0.0752 -0.7245
vn -0.6221 -0.3863 -0.6810
vn -0.7036 0.0887 -0.7050
vn -0.0173 -0.9623 -0.2713
vn 0.1906 -0.9584 -0.2123
vn -0.0283 -0.9799 -0.1975
vn 0.3097 -0.8835 -0.3514
vn -0.0050 -0.6495 -0.7603
vn 0.3847 -0.6086 -0.6940
vn 0.4132 -0.1169 -0.9031
vn 0.6792 0.0862 -0.7289
vn 0.7137 -0.3694 -0.5952
vn -0.1703 -0.9624 -0.2118
vn -0.6016 -0.7413 -0.2977
vn -0.9171 -0.2255 -0.3288
vn -0.7269 -0.3764 -0.5744
vn -0.3769 -0.1174 -0.9188
vn -0.0039 -0.0980 -0.9952
vn -0.3617 -0.6206 -0.6957
vn -0.2942 -0.8954 -0.3343
vn 0.4953 -0.8500 0.1792
vn 0.2240 -0.9076 0.3551
vn 0.2500 -0.9089 0.3338
vn 0.9000 -0.1352 -0.4143
vn -0.9624 -0.1487 -0.2274
vn -0.9750 0.0133 -0.2219
vn -0.7529 -0.0596 0.6555
vn -0.8789 -0.4484 0.1626
vn -0.6305 -0.4177 0.6543
vn 0.0302 -0.4287 0.9029
vn 0.0149 0.4098 0.9121
vn 0.6334 -0.3476 0.6914
vn 0.7358 -0.0855 0.6718
vn 0.5772 -0.8027 0.1502
vn 0.8745 -0.4452 0.1926
vn 0.2351 -0.9715 0.0296
vn 0.0066 -0.9995 -0.0320
vn 0.0125 -0.9899 0.1411
vn -0.2474 -0.9688 0.0151
vn -0.5669 -0.8091 0.1551
usemtl Material-38f0.000
s 1
f 4242/4242/4234 4243/4243/4235 4244/4244/4236
f 4245/4245/4237 4246/4246/4238 4247/4247/4239
f 4248/4248/4240 4246/4246/4238 4245/4245/4237
f 4249/4249/4241 4248/4248/4240 4245/4245/4237
f 4250/4250/4242 4248/4248/4240 4249/4249/4241
f 4251/4251/4243 4250/4250/4242 4249/4249/4241
f 4252/4252/4244 4250/4250/4242 4251/4251/4243
f 4253/4253/4245 4252/4252/4244 4251/4251/4243
f 4254/4254/4246 4252/4252/4244 4253/4253/4245
f 4255/4255/4247 4254/4254/4246 4253/4253/4245
f 4256/4256/4248 4254/4254/4246 4255/4255/4247
f 4257/4257/4249 4254/4254/4246 4256/4256/4248
f 4258/4258/4250 4257/4257/4249 4256/4256/4248
f 4259/4259/4251 4257/4257/4249 4258/4258/4250
f 4260/4260/4252 4257/4257/4249 4259/4259/4251
f 4261/4261/4253 4257/4257/4249 4260/4260/4252
f 4244/4244/4236 4261/4261/4253 4260/4260/4252
f 4262/4262/4254 4261/4261/4253 4244/4244/4236
f 4243/4243/4235 4262/4262/4254 4244/4244/4236
f 4263/4263/4255 4262/4262/4254 4243/4243/4235
f 4264/4264/4256 4262/4262/4254 4263/4263/4255
f 4265/4265/4257 4264/4264/4256 4263/4263/4255
f 4266/4266/4258 4264/4264/4256 4265/4265/4257
f 4267/4267/4259 4266/4266/4258 4265/4265/4257
f 4248/4248/4240 4266/4266/4258 4267/4267/4259
f 4246/4246/4238 4248/4248/4240 4267/4267/4259
f 4268/4268/4260 4246/4246/4238 4267/4267/4259
f 4247/4247/4239 4246/4246/4238 4268/4268/4260
f 4269/4269/4261 4247/4247/4239 4268/4268/4260
f 4270/4270/4262 4247/4247/4239 4269/4269/4261
f 4271/4271/4263 4270/4270/4262 4269/4269/4261
f 4272/4272/4264 4270/4270/4262 4271/4271/4263
f 4273/4273/4265 4272/4272/4264 4271/4271/4263
f 4274/4274/4266 4272/4272/4264 4273/4273/4265
f 4275/4275/4267 4274/4274/4266 4273/4273/4265
f 4276/4276/4268 4274/4274/4266 4275/4275/4267
f 4277/4277/4269 4276/4276/4268 4275/4275/4267
f 4278/4278/4270 4276/4276/4268 4277/4277/4269
f 4279/4279/4271 4278/4278/4270 4277/4277/4269
f 4280/4280/4272 4279/4279/4271 4277/4277/4269
f 4281/4281/4273 4280/4280/4272 4277/4277/4269
f 4282/4282/4274 4280/4280/4272 4281/4281/4273
f 4283/4283/4275 4282/4282/4274 4281/4281/4273
f 4284/4284/4276 4282/4282/4274 4283/4283/4275
f 4285/4285/4277 4284/4284/4276 4283/4283/4275
f 4286/4286/4278 4284/4284/4276 4285/4285/4277
f 4287/4287/4279 4286/4286/4278 4285/4285/4277
f 4288/4288/4280 4286/4286/4278 4287/4287/4279
f 4289/4289/4281 4288/4288/4280 4287/4287/4279
f 4290/4290/4282 4288/4288/4280 4289/4289/4281
f 4291/4291/4283 4290/4290/4282 4289/4289/4281
f 4292/4292/4284 4290/4290/4282 4291/4291/4283
f 4293/4293/4285 4292/4292/4284 4291/4291/4283
f 4294/4294/4286 4292/4292/4284 4293/4293/4285
f 4295/4295/4287 4294/4294/4286 4293/4293/4285
f 4296/4296/4288 4294/4294/4286 4295/4295/4287
f 4297/4297/4289 4296/4296/4288 4295/4295/4287
f 4298/4298/4290 4296/4296/4288 4297/4297/4289
f 4299/4299/4291 4298/4298/4290 4297/4297/4289
f 4300/4300/4292 4298/4298/4290 4299/4299/4291
f 4301/4301/4293 4300/4300/4292 4299/4299/4291
f 4302/4302/4294 4300/4300/4292 4301/4301/4293
f 4303/4303/4295 4302/4302/4294 4301/4301/4293
f 4304/4304/4296 4302/4302/4294 4303/4303/4295
f 4305/4305/4297 4304/4304/4296 4303/4303/4295
f 4306/4306/4298 4304/4304/4296 4305/4305/4297
f 4307/4307/4299 4306/4306/4298 4305/4305/4297
f 4308/4308/4300 4306/4306/4298 4307/4307/4299
f 4309/4309/4301 4306/4306/4298 4308/4308/4300
f 4310/4310/4302 4306/4306/4298 4309/4309/4301
f 4311/4311/4303 4310/4310/4302 4309/4309/4301
f 4312/4312/4304 4310/4310/4302 4311/4311/4303
f 4313/4313/4305 4312/4312/4304 4311/4311/4303
f 4314/4314/4306 4312/4312/4304 4313/4313/4305
f 4315/4315/4307 4314/4314/4306 4313/4313/4305
f 4316/4316/4308 4314/4314/4306 4315/4315/4307
f 4317/4317/4309 4316/4316/4308 4315/4315/4307
f 4294/4294/4286 4316/4316/4308 4317/4317/4309
f 4318/4318/4310 4294/4294/4286 4317/4317/4309
f 4292/4292/4284 4294/4294/4286 4318/4318/4310
f 4290/4290/4282 4292/4292/4284 4318/4318/4310
f 4319/4319/4311 4290/4290/4282 4318/4318/4310
f 4288/4288/4280 4290/4290/4282 4319/4319/4311
f 4320/4320/4312 4288/4288/4280 4319/4319/4311
f 4286/4286/4278 4288/4288/4280 4320/4320/4312
f 4319/4319/4311 4317/4317/4309 4321/4321/4313
f 4318/4318/4310 4317/4317/4309 4319/4319/4311
f 4322/4322/4314 4320/4320/4312 4319/4319/4311
f 4321/4321/4313 4322/4322/4314 4319/4319/4311
f 4323/4323/4315 4322/4322/4314 4321/4321/4313
f 4324/4324/4316 4323/4323/4315 4321/4321/4313
f 4317/4317/4309 4324/4324/4316 4321/4321/4313
f 4315/4315/4307 4324/4324/4316 4317/4317/4309
f 4325/4325/4317 4311/4311/4303 4326/4326/4318
f 4313/4313/4305 4311/4311/4303 4325/4325/4317
f 4300/4300/4292 4327/4327/4319 4328/4328/4320
f 4329/4329/4321 4327/4327/4319 4300/4300/4292
f 4330/4330/4322 4329/4329/4321 4300/4300/4292
f 4331/4331/4323 4329/4329/4321 4330/4330/4322
f 4304/4304/4296 4331/4331/4323 4330/4330/4322
f 4306/4306/4298 4331/4331/4323 4304/4304/4296
f 4310/4310/4302 4331/4331/4323 4306/4306/4298
f 4332/4332/4324 4331/4331/4323 4310/4310/4302
f 4312/4312/4304 4332/4332/4324 4310/4310/4302
f 4333/4333/4325 4332/4332/4324 4312/4312/4304
f 4314/4314/4306 4333/4333/4325 4312/4312/4304
f 4334/4334/4326 4333/4333/4325 4314/4314/4306
f 4316/4316/4308 4334/4334/4326 4314/4314/4306
f 4335/4335/4327 4334/4334/4326 4316/4316/4308
f 4294/4294/4286 4335/4335/4327 4316/4316/4308
f 4296/4296/4288 4335/4335/4327 4294/4294/4286
f 4336/4336/4328 4335/4335/4327 4296/4296/4288
f 4298/4298/4290 4336/4336/4328 4296/4296/4288
f 4300/4300/4292 4336/4336/4328 4298/4298/4290
f 4337/4337/4329 4336/4336/4328 4300/4300/4292
f 4328/4328/4320 4337/4337/4329 4300/4300/4292
f 4334/4334/4326 4337/4337/4329 4328/4328/4320
f 4333/4333/4325 4334/4334/4326 4328/4328/4320
f 4327/4327/4319 4333/4333/4325 4328/4328/4320
f 4332/4332/4324 4333/4333/4325 4327/4327/4319
f 4329/4329/4321 4332/4332/4324 4327/4327/4319
f 4331/4331/4323 4332/4332/4324 4329/4329/4321
f 4335/4335/4327 4337/4337/4329 4334/4334/4326
f 4336/4336/4328 4337/4337/4329 4335/4335/4327
f 4330/4330/4322 4302/4302/4294 4304/4304/4296
f 4300/4300/4292 4302/4302/4294 4330/4330/4322
f 4338/4338/4330 4339/4339/4331 4340/4340/4332
f 4341/4341/4333 4342/4342/4334 4338/4338/4330
f 4340/4340/4332 4341/4341/4333 4338/4338/4330
f 4343/4343/4335 4341/4341/4333 4340/4340/4332
f 4344/4344/4336 4343/4343/4335 4340/4340/4332
f 4345/4345/4337 4344/4344/4336 4340/4340/4332
f 4339/4339/4331 4345/4345/4337 4340/4340/4332
f 4346/4346/4338 4345/4345/4337 4339/4339/4331
f 4287/4287/4279 4347/4347/4339 4289/4289/4281
f 4285/4285/4277 4347/4347/4339 4287/4287/4279
f 4348/4348/4340 4347/4347/4339 4285/4285/4277
f 4283/4283/4275 4348/4348/4340 4285/4285/4277
f 4349/4349/4341 4348/4348/4340 4283/4283/4275
f 4350/4350/4342 4348/4348/4340 4349/4349/4341
f 4351/4351/4343 4350/4350/4342 4349/4349/4341
f 4352/4352/4344 4350/4350/4342 4351/4351/4343
f 4273/4273/4265 4352/4352/4344 4351/4351/4343
f 4271/4271/4263 4352/4352/4344 4273/4273/4265
f 4353/4353/4345 4352/4352/4344 4271/4271/4263
f 4354/4354/4346 4353/4353/4345 4271/4271/4263
f 4355/4355/4347 4353/4353/4345 4354/4354/4346
f 4356/4356/4348 4355/4355/4347 4354/4354/4346
f 4357/4357/4349 4355/4355/4347 4356/4356/4348
f 4358/4358/4350 4357/4357/4349 4356/4356/4348
f 4359/4359/4351 4357/4357/4349 4358/4358/4350
f 4360/4360/4352 4359/4359/4351 4358/4358/4350
f 4361/4361/4353 4359/4359/4351 4360/4360/4352
f 4362/4362/4354 4359/4359/4351 4361/4361/4353
f 4363/4363/4355 4359/4359/4351 4362/4362/4354
f 4364/4364/4356 4363/4363/4355 4362/4362/4354
f 4365/4365/4357 4363/4363/4355 4364/4364/4356
f 4366/4366/4358 4363/4363/4355 4365/4365/4357
f 4367/4367/4359 4366/4366/4358 4365/4365/4357
f 4368/4368/4360 4366/4366/4358 4367/4367/4359
f 4369/4369/4361 4368/4368/4360 4367/4367/4359
f 4370/4370/4362 4368/4368/4360 4369/4369/4361
f 4371/4371/4363 4370/4370/4362 4369/4369/4361
f 4372/4372/4364 4370/4370/4362 4371/4371/4363
f 4373/4373/4365 4372/4372/4364 4371/4371/4363
f 4374/4374/4366 4372/4372/4364 4373/4373/4365
f 4375/4375/4367 4374/4374/4366 4373/4373/4365
f 4376/4376/4368 4374/4374/4366 4375/4375/4367
f 4377/4377/4369 4376/4376/4368 4375/4375/4367
f 4378/4378/4370 4376/4376/4368 4377/4377/4369
f 4303/4303/4295 4378/4378/4370 4377/4377/4369
f 4301/4301/4293 4378/4378/4370 4303/4303/4295
f 4299/4299/4291 4378/4378/4370 4301/4301/4293
f 4297/4297/4289 4378/4378/4370 4299/4299/4291
f 4376/4376/4368 4378/4378/4370 4297/4297/4289
f 4295/4295/4287 4376/4376/4368 4297/4297/4289
f 4379/4379/4371 4376/4376/4368 4295/4295/4287
f 4293/4293/4285 4379/4379/4371 4295/4295/4287
f 4342/4342/4334 4379/4379/4371 4293/4293/4285
f 4291/4291/4283 4342/4342/4334 4293/4293/4285
f 4338/4338/4330 4342/4342/4334 4291/4291/4283
f 4380/4380/4372 4338/4338/4330 4291/4291/4283
f 4339/4339/4331 4338/4338/4330 4380/4380/4372
f 4381/4381/4373 4339/4339/4331 4380/4380/4372
f 4346/4346/4338 4339/4339/4331 4381/4381/4373
f 4350/4350/4342 4346/4346/4338 4381/4381/4373
f 4352/4352/4344 4346/4346/4338 4350/4350/4342
f 4353/4353/4345 4346/4346/4338 4352/4352/4344
f 4345/4345/4337 4346/4346/4338 4353/4353/4345
f 4355/4355/4347 4345/4345/4337 4353/4353/4345
f 4344/4344/4336 4345/4345/4337 4355/4355/4347
f 4382/4382/4374 4344/4344/4336 4355/4355/4347
f 4343/4343/4335 4344/4344/4336 4382/4382/4374
f 4368/4368/4360 4343/4343/4335 4382/4382/4374
f 4370/4370/4362 4343/4343/4335 4368/4368/4360
f 4341/4341/4333 4343/4343/4335 4370/4370/4362
f 4383/4383/4375 4341/4341/4333 4370/4370/4362
f 4342/4342/4334 4341/4341/4333 4383/4383/4375
f 4379/4379/4371 4342/4342/4334 4383/4383/4375
f 4374/4374/4366 4379/4379/4371 4383/4383/4375
f 4376/4376/4368 4379/4379/4371 4374/4374/4366
f 4372/4372/4364 4383/4383/4375 4370/4370/4362
f 4374/4374/4366 4383/4383/4375 4372/4372/4364
f 4382/4382/4374 4357/4357/4349 4359/4359/4351
f 4355/4355/4347 4357/4357/4349 4382/4382/4374
f 4366/4366/4358 4368/4368/4360 4382/4382/4374
f 4359/4359/4351 4366/4366/4358 4382/4382/4374
f 4363/4363/4355 4366/4366/4358 4359/4359/4351
f 4384/4384/4376 4367/4367/4359 4365/4365/4357
f 4385/4385/4377 4367/4367/4359 4384/4384/4376
f 4386/4386/4378 4387/4387/4379 4388/4388/4380
f 4389/4389/4381 4386/4386/4378 4388/4388/4380
f 4390/4390/4382 4386/4386/4378 4389/4389/4381
f 4385/4385/4377 4390/4390/4382 4389/4389/4381
f 4391/4391/4383 4385/4385/4377 4389/4389/4381
f 4367/4367/4359 4385/4385/4377 4391/4391/4383
f 4369/4369/4361 4367/4367/4359 4391/4391/4383
f 4371/4371/4363 4369/4369/4361 4391/4391/4383
f 4388/4388/4380 4371/4371/4363 4391/4391/4383
f 4392/4392/4384 4371/4371/4363 4388/4388/4380
f 4387/4387/4379 4392/4392/4384 4388/4388/4380
f 4391/4391/4383 4389/4389/4381 4388/4388/4380
f 4373/4373/4365 4371/4371/4363 4392/4392/4384
f 4393/4393/4385 4373/4373/4365 4392/4392/4384
f 4375/4375/4367 4373/4373/4365 4393/4393/4385
f 4377/4377/4369 4375/4375/4367 4393/4393/4385
f 4305/4305/4297 4303/4303/4295 4377/4377/4369
f 4394/4394/4386 4395/4395/4387 4396/4396/4388
f 4276/4276/4268 4395/4395/4387 4394/4394/4386
f 4274/4274/4266 4276/4276/4268 4394/4394/4386
f 4397/4397/4389 4274/4274/4266 4394/4394/4386
f 4398/4398/4390 4274/4274/4266 4397/4397/4389
f 4399/4399/4391 4398/4398/4390 4397/4397/4389
f 4396/4396/4388 4399/4399/4391 4397/4397/4389
f 4394/4394/4386 4396/4396/4388 4397/4397/4389
f 4278/4278/4270 4395/4395/4387 4276/4276/4268
f 4272/4272/4264 4274/4274/4266 4398/4398/4390
f 4398/4398/4390 4399/4399/4391 4255/4255/4247
f 4253/4253/4245 4398/4398/4390 4255/4255/4247
f 4272/4272/4264 4398/4398/4390 4253/4253/4245
f 4251/4251/4243 4272/4272/4264 4253/4253/4245
f 4400/4400/4392 4272/4272/4264 4251/4251/4243
f 4249/4249/4241 4400/4400/4392 4251/4251/4243
f 4245/4245/4237 4400/4400/4392 4249/4249/4241
f 4247/4247/4239 4400/4400/4392 4245/4245/4237
f 4270/4270/4262 4400/4400/4392 4247/4247/4239
f 4272/4272/4264 4400/4400/4392 4270/4270/4262
f 4381/4381/4373 4348/4348/4340 4350/4350/4342
f 4347/4347/4339 4348/4348/4340 4381/4381/4373
f 4380/4380/4372 4347/4347/4339 4381/4381/4373
f 4289/4289/4281 4347/4347/4339 4380/4380/4372
f 4291/4291/4283 4289/4289/4281 4380/4380/4372
f 4271/4271/4263 4269/4269/4261 4354/4354/4346
f 4401/4401/4393 4360/4360/4352 4358/4358/4350
f 4356/4356/4348 4401/4401/4393 4358/4358/4350
f 4402/4402/4394 4401/4401/4393 4356/4356/4348
f 4354/4354/4346 4402/4402/4394 4356/4356/4348
f 4269/4269/4261 4402/4402/4394 4354/4354/4346
f 4403/4403/4395 4402/4402/4394 4269/4269/4261
f 4268/4268/4260 4403/4403/4395 4269/4269/4261
f 4265/4265/4257 4403/4403/4395 4268/4268/4260
f 4263/4263/4255 4403/4403/4395 4265/4265/4257
f 4403/4403/4395 4401/4401/4393 4402/4402/4394
f 4267/4267/4259 4265/4265/4257 4268/4268/4260
f 4254/4254/4246 4404/4404/4396 4252/4252/4244
f 4257/4257/4249 4404/4404/4396 4254/4254/4246
f 4405/4405/4397 4404/4404/4396 4257/4257/4249
f 4261/4261/4253 4405/4405/4397 4257/4257/4249
f 4406/4406/4398 4405/4405/4397 4261/4261/4253
f 4262/4262/4254 4406/4406/4398 4261/4261/4253
f 4264/4264/4256 4406/4406/4398 4262/4262/4254
f 4407/4407/4399 4406/4406/4398 4264/4264/4256
f 4266/4266/4258 4407/4407/4399 4264/4264/4256
f 4248/4248/4240 4407/4407/4399 4266/4266/4258
f 4408/4408/4400 4407/4407/4399 4248/4248/4240
f 4409/4409/4401 4408/4408/4400 4248/4248/4240
f 4405/4405/4397 4408/4408/4400 4409/4409/4401
f 4404/4404/4396 4405/4405/4397 4409/4409/4401
f 4410/4410/4402 4404/4404/4396 4409/4409/4401
f 4252/4252/4244 4404/4404/4396 4410/4410/4402
f 4250/4250/4242 4252/4252/4244 4410/4410/4402
f 4248/4248/4240 4250/4250/4242 4410/4410/4402
f 4409/4409/4401 4248/4248/4240 4410/4410/4402
f 4408/4408/4400 4405/4405/4397 4406/4406/4398
f 4407/4407/4399 4408/4408/4400 4406/4406/4398
f 4411/4411/4403 4281/4281/4273 4277/4277/4269
f 4275/4275/4267 4411/4411/4403 4277/4277/4269
f 4273/4273/4265 4411/4411/4403 4275/4275/4267
f 4351/4351/4343 4411/4411/4403 4273/4273/4265
f 4349/4349/4341 4411/4411/4403 4351/4351/4343
f 4281/4281/4273 4411/4411/4403 4349/4349/4341
f 4283/4283/4275 4281/4281/4273 4349/4349/4341
f 4412/4412/4404 4413/4413/4405 4414/4414/4406
f 4412/4412/4404 4415/4415/4407 4416/4416/4408
f 4417/4417/4409 4415/4415/4407 4412/4412/4404
f 4414/4414/4406 4417/4417/4409 4412/4412/4404
f 4418/4418/4410 4417/4417/4409 4414/4414/4406
f 4419/4419/4411 4417/4417/4409 4418/4418/4410
f 4420/4420/4412 4419/4419/4411 4418/4418/4410
f 4421/4421/4413 4419/4419/4411 4420/4420/4412
f 4422/4422/4414 4421/4421/4413 4420/4420/4412
f 4423/4423/4415 4421/4421/4413 4422/4422/4414
f 4424/4424/4416 4423/4423/4415 4422/4422/4414
f 4425/4425/4417 4423/4423/4415 4424/4424/4416
f 4426/4426/4418 4425/4425/4417 4424/4424/4416
f 4427/4427/4419 4425/4425/4417 4426/4426/4418
f 4428/4428/4420 4427/4427/4419 4426/4426/4418
f 4429/4429/4421 4427/4427/4419 4428/4428/4420
f 4430/4430/4422 4429/4429/4421 4428/4428/4420
f 4431/4431/4423 4429/4429/4421 4430/4430/4422
f 4432/4432/4424 4429/4429/4421 4431/4431/4423
f 4433/4433/4425 4432/4432/4424 4431/4431/4423
f 4434/4434/4426 4432/4432/4424 4433/4433/4425
f 4435/4435/4427 4434/4434/4426 4433/4433/4425
f 4436/4436/4428 4434/4434/4426 4435/4435/4427
f 4437/4437/4429 4436/4436/4428 4435/4435/4427
f 4438/4438/4430 4436/4436/4428 4437/4437/4429
f 4439/4439/4431 4438/4438/4430 4437/4437/4429
f 4440/4440/4432 4438/4438/4430 4439/4439/4431
f 4441/4441/4433 4440/4440/4432 4439/4439/4431
f 4442/4442/4434 4440/4440/4432 4441/4441/4433
f 4443/4443/4435 4442/4442/4434 4441/4441/4433
f 4444/4444/4436 4442/4442/4434 4443/4443/4435
f 4445/4445/4437 4442/4442/4434 4444/4444/4436
f 4446/4446/4438 4445/4445/4437 4444/4444/4436
f 4447/4447/4439 4445/4445/4437 4446/4446/4438
f 4448/4448/4440 4447/4447/4439 4446/4446/4438
f 4449/4449/4441 4447/4447/4439 4448/4448/4440
f 4450/4450/4442 4449/4449/4441 4448/4448/4440
f 4451/4451/4443 4449/4449/4441 4450/4450/4442
f 4452/4452/4444 4451/4451/4443 4450/4450/4442
f 4453/4453/4445 4451/4451/4443 4452/4452/4444
f 4454/4454/4446 4453/4453/4445 4452/4452/4444
f 4455/4455/4447 4453/4453/4445 4454/4454/4446
f 4415/4415/4407 4455/4455/4447 4454/4454/4446
f 4417/4417/4409 4455/4455/4447 4415/4415/4407
f 4456/4456/4448 4455/4455/4447 4417/4417/4409
f 4419/4419/4411 4456/4456/4448 4417/4417/4409
f 4457/4457/4449 4456/4456/4448 4419/4419/4411
f 4421/4421/4413 4457/4457/4449 4419/4419/4411
f 4458/4458/4450 4457/4457/4449 4421/4421/4413
f 4423/4423/4415 4458/4458/4450 4421/4421/4413
f 4459/4459/4451 4458/4458/4450 4423/4423/4415
f 4460/4460/4452 4459/4459/4451 4423/4423/4415
f 4461/4461/4453 4459/4459/4451 4460/4460/4452
f 4427/4427/4419 4461/4461/4453 4460/4460/4452
f 4462/4462/4454 4461/4461/4453 4427/4427/4419
f 4429/4429/4421 4462/4462/4454 4427/4427/4419
f 4432/4432/4424 4462/4462/4454 4429/4429/4421
f 4463/4463/4455 4462/4462/4454 4432/4432/4424
f 4464/4464/4456 4463/4463/4455 4432/4432/4424
f 4465/4465/4457 4463/4463/4455 4464/4464/4456
f 4466/4466/4458 4465/4465/4457 4464/4464/4456
f 4467/4467/4459 4465/4465/4457 4466/4466/4458
f 4468/4468/4460 4467/4467/4459 4466/4466/4458
f 4469/4469/4461 4467/4467/4459 4468/4468/4460
f 4470/4470/4462 4469/4469/4461 4468/4468/4460
f 4471/4471/4463 4469/4469/4461 4470/4470/4462
f 4472/4472/4464 4471/4471/4463 4470/4470/4462
f 4447/4447/4439 4471/4471/4463 4472/4472/4464
f 4445/4445/4437 4447/4447/4439 4472/4472/4464
f 4442/4442/4434 4445/4445/4437 4472/4472/4464
f 4440/4440/4432 4442/4442/4434 4472/4472/4464
f 4470/4470/4462 4440/4440/4432 4472/4472/4464
f 4438/4438/4430 4440/4440/4432 4470/4470/4462
f 4468/4468/4460 4438/4438/4430 4470/4470/4462
f 4436/4436/4428 4438/4438/4430 4468/4468/4460
f 4466/4466/4458 4436/4436/4428 4468/4468/4460
f 4434/4434/4426 4436/4436/4428 4466/4466/4458
f 4464/4464/4456 4434/4434/4426 4466/4466/4458
f 4432/4432/4424 4434/4434/4426 4464/4464/4456
f 4471/4471/4463 4473/4473/4465 4469/4469/4461
f 4449/4449/4441 4473/4473/4465 4471/4471/4463
f 4447/4447/4439 4449/4449/4441 4471/4471/4463
f 4474/4474/4466 4475/4475/4467 4476/4476/4468
f 4477/4477/4469 4474/4474/4466 4476/4476/4468
f 4478/4478/4470 4474/4474/4466 4477/4477/4469
f 4479/4479/4471 4478/4478/4470 4477/4477/4469
f 4480/4480/4472 4478/4478/4470 4479/4479/4471
f 4481/4481/4473 4480/4480/4472 4479/4479/4471
f 4463/4463/4455 4480/4480/4472 4481/4481/4473
f 4462/4462/4454 4463/4463/4455 4481/4481/4473
f 4482/4482/4474 4462/4462/4454 4481/4481/4473
f 4461/4461/4453 4462/4462/4454 4482/4482/4474
f 4459/4459/4451 4461/4461/4453 4482/4482/4474
f 4477/4477/4469 4459/4459/4451 4482/4482/4474
f 4476/4476/4468 4459/4459/4451 4477/4477/4469
f 4458/4458/4450 4459/4459/4451 4476/4476/4468
f 4457/4457/4449 4458/4458/4450 4476/4476/4468
f 4475/4475/4467 4457/4457/4449 4476/4476/4468
f 4456/4456/4448 4457/4457/4449 4475/4475/4467
f 4483/4483/4475 4456/4456/4448 4475/4475/4467
f 4455/4455/4447 4456/4456/4448 4483/4483/4475
f 4484/4484/4476 4455/4455/4447 4483/4483/4475
f 4451/4451/4443 4455/4455/4447 4484/4484/4476
f 4485/4485/4477 4451/4451/4443 4484/4484/4476
f 4449/4449/4441 4451/4451/4443 4485/4485/4477
f 4486/4486/4478 4449/4449/4441 4485/4485/4477
f 4473/4473/4465 4449/4449/4441 4486/4486/4478
f 4487/4487/4479 4473/4473/4465 4486/4486/4478
f 4469/4469/4461 4473/4473/4465 4487/4487/4479
f 4467/4467/4459 4469/4469/4461 4487/4487/4479
f 4488/4488/4480 4467/4467/4459 4487/4487/4479
f 4465/4465/4457 4467/4467/4459 4488/4488/4480
f 4480/4480/4472 4465/4465/4457 4488/4488/4480
f 4463/4463/4455 4465/4465/4457 4480/4480/4472
f 4485/4485/4477 4484/4484/4476 4486/4486/4478
f 4451/4451/4443 4453/4453/4445 4455/4455/4447
f 4488/4488/4480 4478/4478/4470 4480/4480/4472
f 4489/4489/4481 4478/4478/4470 4488/4488/4480
f 4487/4487/4479 4489/4489/4481 4488/4488/4480
f 4486/4486/4478 4489/4489/4481 4487/4487/4479
f 4490/4490/4482 4489/4489/4481 4486/4486/4478
f 4484/4484/4476 4490/4490/4482 4486/4486/4478
f 4483/4483/4475 4490/4490/4482 4484/4484/4476
f 4475/4475/4467 4490/4490/4482 4483/4483/4475
f 4474/4474/4466 4490/4490/4482 4475/4475/4467
f 4478/4478/4470 4490/4490/4482 4474/4474/4466
f 4489/4489/4481 4490/4490/4482 4478/4478/4470
f 4491/4491/4483 4433/4433/4425 4431/4431/4423
f 4435/4435/4427 4433/4433/4425 4491/4491/4483
f 4492/4492/4484 4420/4420/4412 4493/4493/4485
f 4422/4422/4414 4420/4420/4412 4492/4492/4484
f 4494/4494/4486 4422/4422/4414 4492/4492/4484
f 4424/4424/4416 4422/4422/4414 4494/4494/4486
f 4448/4448/4440 4452/4452/4444 4450/4450/4442
f 4495/4495/4487 4452/4452/4444 4448/4448/4440
f 4496/4496/4488 4495/4495/4487 4448/4448/4440
f 4446/4446/4438 4496/4496/4488 4448/4448/4440
f 4415/4415/4407 4454/4454/4446 4416/4416/4408
f 4482/4482/4474 4479/4479/4471 4477/4477/4469
f 4481/4481/4473 4479/4479/4471 4482/4482/4474
f 4460/4460/4452 4425/4425/4417 4427/4427/4419
f 4423/4423/4415 4425/4425/4417 4460/4460/4452
f 4497/4497/4489 4498/4498/4490 4499/4499/4491
f 4500/4500/4492 4497/4497/4489 4499/4499/4491
f 4501/4501/4493 4497/4497/4489 4500/4500/4492
f 4502/4502/4494 4501/4501/4493 4500/4500/4492
f 4503/4503/4495 4501/4501/4493 4502/4502/4494
f 4504/4504/4496 4503/4503/4495 4502/4502/4494
f 4505/4505/4497 4503/4503/4495 4504/4504/4496
f 4506/4506/4498 4505/4505/4497 4504/4504/4496
f 4507/4507/4499 4506/4506/4498 4504/4504/4496
f 4508/4508/4500 4507/4507/4499 4504/4504/4496
f 4509/4509/4501 4507/4507/4499 4508/4508/4500
f 4510/4510/4502 4509/4509/4501 4508/4508/4500
f 4498/4498/4490 4509/4509/4501 4510/4510/4502
f 4499/4499/4491 4498/4498/4490 4510/4510/4502
f 4500/4500/4492 4499/4499/4491 4510/4510/4502
f 4502/4502/4494 4500/4500/4492 4510/4510/4502
f 4508/4508/4500 4502/4502/4494 4510/4510/4502
f 4504/4504/4496 4502/4502/4494 4508/4508/4500
f 4511/4511/4503 4512/4512/4504 4513/4513/4505
f 4514/4514/4506 4515/4515/4507 4516/4516/4508
f 4517/4517/4509 4514/4514/4506 4516/4516/4508
f 4518/4518/4510 4514/4514/4506 4517/4517/4509
f 4519/4519/4511 4518/4518/4510 4517/4517/4509
f 4520/4520/4512 4518/4518/4510 4519/4519/4511
f 4521/4521/4513 4520/4520/4512 4519/4519/4511
f 4522/4522/4514 4520/4520/4512 4521/4521/4513
f 4523/4523/4515 4522/4522/4514 4521/4521/4513
f 4524/4524/4516 4522/4522/4514 4523/4523/4515
f 4525/4525/4517 4524/4524/4516 4523/4523/4515
f 4526/4526/4518 4525/4525/4517 4523/4523/4515
f 4527/4527/4519 4525/4525/4517 4526/4526/4518
f 4528/4528/4520 4527/4527/4519 4526/4526/4518
f 4529/4529/4521 4528/4528/4520 4526/4526/4518
f 4530/4530/4522 4529/4529/4521 4526/4526/4518
f 4511/4511/4503 4529/4529/4521 4530/4530/4522
f 4531/4531/4523 4511/4511/4503 4530/4530/4522
f 4512/4512/4504 4511/4511/4503 4531/4531/4523
f 4532/4532/4524 4512/4512/4504 4531/4531/4523
f 4533/4533/4525 4532/4532/4524 4531/4531/4523
f 4534/4534/4526 4532/4532/4524 4533/4533/4525
f 4535/4535/4527 4534/4534/4526 4533/4533/4525
f 4536/4536/4528 4534/4534/4526 4535/4535/4527
f 4517/4517/4509 4536/4536/4528 4535/4535/4527
f 4516/4516/4508 4536/4536/4528 4517/4517/4509
f 4537/4537/4529 4536/4536/4528 4516/4516/4508
f 4515/4515/4507 4537/4537/4529 4516/4516/4508
f 4538/4538/4530 4537/4537/4529 4515/4515/4507
f 4539/4539/4531 4538/4538/4530 4515/4515/4507
f 4540/4540/4532 4538/4538/4530 4539/4539/4531
f 4541/4541/4533 4540/4540/4532 4539/4539/4531
f 4542/4542/4534 4540/4540/4532 4541/4541/4533
f 4543/4543/4535 4542/4542/4534 4541/4541/4533
f 4544/4544/4536 4542/4542/4534 4543/4543/4535
f 4545/4545/4537 4544/4544/4536 4543/4543/4535
f 4546/4546/4538 4544/4544/4536 4545/4545/4537
f 4547/4547/4539 4546/4546/4538 4545/4545/4537
f 4548/4548/4540 4546/4546/4538 4547/4547/4539
f 4549/4549/4541 4546/4546/4538 4548/4548/4540
f 4550/4550/4542 4546/4546/4538 4549/4549/4541
f 4551/4551/4543 4550/4550/4542 4549/4549/4541
f 4552/4552/4544 4550/4550/4542 4551/4551/4543
f 4553/4553/4545 4552/4552/4544 4551/4551/4543
f 4554/4554/4546 4552/4552/4544 4553/4553/4545
f 4555/4555/4547 4554/4554/4546 4553/4553/4545
f 4556/4556/4548 4554/4554/4546 4555/4555/4547
f 4557/4557/4549 4556/4556/4548 4555/4555/4547
f 4558/4558/4550 4556/4556/4548 4557/4557/4549
f 4559/4559/4551 4558/4558/4550 4557/4557/4549
f 4560/4560/4552 4558/4558/4550 4559/4559/4551
f 4561/4561/4553 4560/4560/4552 4559/4559/4551
f 4562/4562/4554 4560/4560/4552 4561/4561/4553
f 4563/4563/4555 4562/4562/4554 4561/4561/4553
f 4564/4564/4556 4562/4562/4554 4563/4563/4555
f 4565/4565/4557 4564/4564/4556 4563/4563/4555
f 4566/4566/4558 4564/4564/4556 4565/4565/4557
f 4567/4567/4559 4566/4566/4558 4565/4565/4557
f 4568/4568/4560 4566/4566/4558 4567/4567/4559
f 4569/4569/4561 4568/4568/4560 4567/4567/4559
f 4570/4570/4562 4568/4568/4560 4569/4569/4561
f 4571/4571/4563 4570/4570/4562 4569/4569/4561
f 4572/4572/4564 4570/4570/4562 4571/4571/4563
f 4573/4573/4565 4572/4572/4564 4571/4571/4563
f 4574/4574/4566 4572/4572/4564 4573/4573/4565
f 4575/4575/4567 4574/4574/4566 4573/4573/4565
f 4576/4576/4568 4574/4574/4566 4575/4575/4567
f 4577/4577/4569 4576/4576/4568 4575/4575/4567
f 4578/4578/4570 4577/4577/4569 4575/4575/4567
f 4579/4579/4571 4578/4578/4570 4575/4575/4567
f 4580/4580/4572 4578/4578/4570 4579/4579/4571
f 4581/4581/4573 4580/4580/4572 4579/4579/4571
f 4582/4582/4574 4580/4580/4572 4581/4581/4573
f 4583/4583/4575 4582/4582/4574 4581/4581/4573
f 4584/4584/4576 4582/4582/4574 4583/4583/4575
f 4585/4585/4577 4584/4584/4576 4583/4583/4575
f 4586/4586/4578 4584/4584/4576 4585/4585/4577
f 4563/4563/4555 4586/4586/4578 4585/4585/4577
f 4587/4587/4579 4586/4586/4578 4563/4563/4555
f 4561/4561/4553 4587/4587/4579 4563/4563/4555
f 4559/4559/4551 4587/4587/4579 4561/4561/4553
f 4588/4588/4580 4587/4587/4579 4559/4559/4551
f 4557/4557/4549 4588/4588/4580 4559/4559/4551
f 4589/4589/4581 4588/4588/4580 4557/4557/4549
f 4555/4555/4547 4589/4589/4581 4557/4557/4549
f 4586/4586/4578 4587/4587/4579 4588/4588/4580
f 4590/4590/4582 4586/4586/4578 4588/4588/4580
f 4591/4591/4583 4584/4584/4576 4586/4586/4578
f 4590/4590/4582 4591/4591/4583 4586/4586/4578
f 4592/4592/4584 4591/4591/4583 4590/4590/4582
f 4593/4593/4585 4592/4592/4584 4590/4590/4582
f 4588/4588/4580 4593/4593/4585 4590/4590/4582
f 4589/4589/4581 4593/4593/4585 4588/4588/4580
f 4594/4594/4586 4580/4580/4572 4582/4582/4574
f 4595/4595/4587 4580/4580/4572 4594/4594/4586
f 4569/4569/4561 4596/4596/4588 4597/4597/4589
f 4598/4598/4590 4596/4596/4588 4569/4569/4561
f 4599/4599/4591 4598/4598/4590 4569/4569/4561
f 4600/4600/4592 4598/4598/4590 4599/4599/4591
f 4565/4565/4557 4600/4600/4592 4599/4599/4591
f 4563/4563/4555 4600/4600/4592 4565/4565/4557
f 4585/4585/4577 4600/4600/4592 4563/4563/4555
f 4601/4601/4593 4600/4600/4592 4585/4585/4577
f 4583/4583/4575 4601/4601/4593 4585/4585/4577
f 4602/4602/4594 4601/4601/4593 4583/4583/4575
f 4581/4581/4573 4602/4602/4594 4583/4583/4575
f 4603/4603/4595 4602/4602/4594 4581/4581/4573
f 4579/4579/4571 4603/4603/4595 4581/4581/4573
f 4604/4604/4596 4603/4603/4595 4579/4579/4571
f 4575/4575/4567 4604/4604/4596 4579/4579/4571
f 4573/4573/4565 4604/4604/4596 4575/4575/4567
f 4605/4605/4597 4604/4604/4596 4573/4573/4565
f 4571/4571/4563 4605/4605/4597 4573/4573/4565
f 4569/4569/4561 4605/4605/4597 4571/4571/4563
f 4606/4606/4598 4605/4605/4597 4569/4569/4561
f 4597/4597/4589 4606/4606/4598 4569/4569/4561
f 4603/4603/4595 4606/4606/4598 4597/4597/4589
f 4602/4602/4594 4603/4603/4595 4597/4597/4589
f 4596/4596/4588 4602/4602/4594 4597/4597/4589
f 4601/4601/4593 4602/4602/4594 4596/4596/4588
f 4598/4598/4590 4601/4601/4593 4596/4596/4588
f 4600/4600/4592 4601/4601/4593 4598/4598/4590
f 4604/4604/4596 4606/4606/4598 4603/4603/4595
f 4605/4605/4597 4606/4606/4598 4604/4604/4596
f 4599/4599/4591 4567/4567/4559 4565/4565/4557
f 4569/4569/4561 4567/4567/4559 4599/4599/4591
f 4607/4607/4599 4608/4608/4600 4609/4609/4601
f 4610/4610/4602 4611/4611/4603 4609/4609/4601
f 4608/4608/4600 4610/4610/4602 4609/4609/4601
f 4612/4612/4604 4610/4610/4602 4608/4608/4600
f 4613/4613/4605 4612/4612/4604 4608/4608/4600
f 4614/4614/4606 4613/4613/4605 4608/4608/4600
f 4607/4607/4599 4614/4614/4606 4608/4608/4600
f 4615/4615/4607 4614/4614/4606 4607/4607/4599
f 4556/4556/4548 4558/4558/4550 4616/4616/4608
f 4554/4554/4546 4556/4556/4548 4616/4616/4608
f 4617/4617/4609 4554/4554/4546 4616/4616/4608
f 4552/4552/4544 4554/4554/4546 4617/4617/4609
f 4618/4618/4610 4552/4552/4544 4617/4617/4609
f 4619/4619/4611 4618/4618/4610 4617/4617/4609
f 4620/4620/4612 4618/4618/4610 4619/4619/4611
f 4621/4621/4613 4620/4620/4612 4619/4619/4611
f 4542/4542/4534 4620/4620/4612 4621/4621/4613
f 4540/4540/4532 4542/4542/4534 4621/4621/4613
f 4622/4622/4614 4540/4540/4532 4621/4621/4613
f 4623/4623/4615 4540/4540/4532 4622/4622/4614
f 4624/4624/4616 4623/4623/4615 4622/4622/4614
f 4625/4625/4617 4623/4623/4615 4624/4624/4616
f 4626/4626/4618 4625/4625/4617 4624/4624/4616
f 4627/4627/4619 4625/4625/4617 4626/4626/4618
f 4628/4628/4620 4627/4627/4619 4626/4626/4618
f 4629/4629/4621 4627/4627/4619 4628/4628/4620
f 4630/4630/4622 4629/4629/4621 4628/4628/4620
f 4631/4631/4623 4630/4630/4622 4628/4628/4620
f 4632/4632/4624 4631/4631/4623 4628/4628/4620
f 4633/4633/4625 4631/4631/4623 4632/4632/4624
f 4634/4634/4626 4633/4633/4625 4632/4632/4624
f 4635/4635/4627 4634/4634/4626 4632/4632/4624
f 4636/4636/4628 4634/4634/4626 4635/4635/4627
f 4637/4637/4629 4636/4636/4628 4635/4635/4627
f 4638/4638/4630 4636/4636/4628 4637/4637/4629
f 4639/4639/4631 4638/4638/4630 4637/4637/4629
f 4640/4640/4632 4638/4638/4630 4639/4639/4631
f 4641/4641/4633 4640/4640/4632 4639/4639/4631
f 4642/4642/4634 4640/4640/4632 4641/4641/4633
f 4643/4643/4635 4642/4642/4634 4641/4641/4633
f 4644/4644/4636 4642/4642/4634 4643/4643/4635
f 4645/4645/4637 4644/4644/4636 4643/4643/4635
f 4646/4646/4638 4644/4644/4636 4645/4645/4637
f 4647/4647/4639 4646/4646/4638 4645/4645/4637
f 4572/4572/4564 4646/4646/4638 4647/4647/4639
f 4570/4570/4562 4572/4572/4564 4647/4647/4639
f 4568/4568/4560 4570/4570/4562 4647/4647/4639
f 4566/4566/4558 4568/4568/4560 4647/4647/4639
f 4645/4645/4637 4566/4566/4558 4647/4647/4639
f 4564/4564/4556 4566/4566/4558 4645/4645/4637
f 4648/4648/4640 4564/4564/4556 4645/4645/4637
f 4562/4562/4554 4564/4564/4556 4648/4648/4640
f 4615/4615/4607 4562/4562/4554 4648/4648/4640
f 4560/4560/4552 4562/4562/4554 4615/4615/4607
f 4607/4607/4599 4560/4560/4552 4615/4615/4607
f 4649/4649/4641 4560/4560/4552 4607/4607/4599
f 4609/4609/4601 4649/4649/4641 4607/4607/4599
f 4650/4650/4642 4649/4649/4641 4609/4609/4601
f 4611/4611/4603 4650/4650/4642 4609/4609/4601
f 4619/4619/4611 4650/4650/4642 4611/4611/4603
f 4621/4621/4613 4619/4619/4611 4611/4611/4603
f 4622/4622/4614 4621/4621/4613 4611/4611/4603
f 4610/4610/4602 4622/4622/4614 4611/4611/4603
f 4624/4624/4616 4622/4622/4614 4610/4610/4602
f 4612/4612/4604 4624/4624/4616 4610/4610/4602
f 4651/4651/4643 4624/4624/4616 4612/4612/4604
f 4613/4613/4605 4651/4651/4643 4612/4612/4604
f 4637/4637/4629 4651/4651/4643 4613/4613/4605
f 4639/4639/4631 4637/4637/4629 4613/4613/4605
f 4614/4614/4606 4639/4639/4631 4613/4613/4605
f 4652/4652/4644 4639/4639/4631 4614/4614/4606
f 4615/4615/4607 4652/4652/4644 4614/4614/4606
f 4648/4648/4640 4652/4652/4644 4615/4615/4607
f 4643/4643/4635 4652/4652/4644 4648/4648/4640
f 4645/4645/4637 4643/4643/4635 4648/4648/4640
f 4637/4637/4629 4635/4635/4627 4651/4651/4643
f 4641/4641/4633 4652/4652/4644 4643/4643/4635
f 4639/4639/4631 4652/4652/4644 4641/4641/4633
f 4628/4628/4620 4635/4635/4627 4632/4632/4624
f 4651/4651/4643 4635/4635/4627 4628/4628/4620
f 4626/4626/4618 4651/4651/4643 4628/4628/4620
f 4624/4624/4616 4651/4651/4643 4626/4626/4618
f 4653/4653/4645 4636/4636/4628 4654/4654/4646
f 4634/4634/4626 4636/4636/4628 4653/4653/4645
f 4655/4655/4647 4656/4656/4648 4657/4657/4649
f 4658/4658/4650 4656/4656/4648 4655/4655/4647
f 4659/4659/4651 4658/4658/4650 4655/4655/4647
f 4654/4654/4646 4658/4658/4650 4659/4659/4651
f 4660/4660/4652 4658/4658/4650 4654/4654/4646
f 4636/4636/4628 4660/4660/4652 4654/4654/4646
f 4638/4638/4630 4660/4660/4652 4636/4636/4628
f 4640/4640/4632 4660/4660/4652 4638/4638/4630
f 4656/4656/4648 4660/4660/4652 4640/4640/4632
f 4661/4661/4653 4656/4656/4648 4640/4640/4632
f 4657/4657/4649 4656/4656/4648 4661/4661/4653
f 4658/4658/4650 4660/4660/4652 4656/4656/4648
f 4662/4662/4654 4644/4644/4636 4646/4646/4638
f 4642/4642/4634 4644/4644/4636 4662/4662/4654
f 4661/4661/4653 4642/4642/4634 4662/4662/4654
f 4640/4640/4632 4642/4642/4634 4661/4661/4653
f 4572/4572/4564 4574/4574/4566 4646/4646/4638
f 4649/4649/4641 4558/4558/4550 4560/4560/4552
f 4616/4616/4608 4558/4558/4550 4649/4649/4641
f 4650/4650/4642 4616/4616/4608 4649/4649/4641
f 4617/4617/4609 4616/4616/4608 4650/4650/4642
f 4619/4619/4611 4617/4617/4609 4650/4650/4642
f 4623/4623/4615 4538/4538/4530 4540/4540/4532
f 4663/4663/4655 4532/4532/4524 4534/4534/4526
f 4537/4537/4529 4663/4663/4655 4534/4534/4526
f 4538/4538/4530 4663/4663/4655 4537/4537/4529
f 4664/4664/4656 4663/4663/4655 4538/4538/4530
f 4623/4623/4615 4664/4664/4656 4538/4538/4530
f 4625/4625/4617 4664/4664/4656 4623/4623/4615
f 4665/4665/4657 4664/4664/4656 4625/4625/4617
f 4627/4627/4619 4665/4665/4657 4625/4625/4617
f 4629/4629/4621 4665/4665/4657 4627/4627/4619
f 4663/4663/4655 4664/4664/4656 4665/4665/4657
f 4537/4537/4529 4534/4534/4526 4536/4536/4528
f 4523/4523/4515 4521/4521/4513 4666/4666/4658
f 4526/4526/4518 4523/4523/4515 4666/4666/4658
f 4667/4667/4659 4526/4526/4518 4666/4666/4658
f 4530/4530/4522 4526/4526/4518 4667/4667/4659
f 4668/4668/4660 4530/4530/4522 4667/4667/4659
f 4531/4531/4523 4530/4530/4522 4668/4668/4660
f 4533/4533/4525 4531/4531/4523 4668/4668/4660
f 4669/4669/4661 4533/4533/4525 4668/4668/4660
f 4535/4535/4527 4533/4533/4525 4669/4669/4661
f 4517/4517/4509 4535/4535/4527 4669/4669/4661
f 4670/4670/4662 4517/4517/4509 4669/4669/4661
f 4671/4671/4663 4517/4517/4509 4670/4670/4662
f 4667/4667/4659 4671/4671/4663 4670/4670/4662
f 4666/4666/4658 4671/4671/4663 4667/4667/4659
f 4672/4672/4664 4671/4671/4663 4666/4666/4658
f 4521/4521/4513 4672/4672/4664 4666/4666/4658
f 4519/4519/4511 4672/4672/4664 4521/4521/4513
f 4517/4517/4509 4672/4672/4664 4519/4519/4511
f 4671/4671/4663 4672/4672/4664 4517/4517/4509
f 4670/4670/4662 4668/4668/4660 4667/4667/4659
f 4669/4669/4661 4668/4668/4660 4670/4670/4662
f 4543/4543/4535 4541/4541/4533 4673/4673/4665
f 4674/4674/4666 4543/4543/4535 4673/4673/4665
f 4675/4675/4667 4543/4543/4535 4674/4674/4666
f 4545/4545/4537 4543/4543/4535 4675/4675/4667
f 4676/4676/4668 4547/4547/4539 4545/4545/4537
f 4675/4675/4667 4676/4676/4668 4545/4545/4537
f 4677/4677/4669 4676/4676/4668 4675/4675/4667
f 4674/4674/4666 4677/4677/4669 4675/4675/4667
f 4678/4678/4670 4677/4677/4669 4674/4674/4666
f 4673/4673/4665 4678/4678/4670 4674/4674/4666
f 4524/4524/4516 4678/4678/4670 4673/4673/4665
f 4522/4522/4514 4524/4524/4516 4673/4673/4665
f 4541/4541/4533 4522/4522/4514 4673/4673/4665
f 4520/4520/4512 4522/4522/4514 4541/4541/4533
f 4679/4679/4671 4520/4520/4512 4541/4541/4533
f 4518/4518/4510 4520/4520/4512 4679/4679/4671
f 4514/4514/4506 4518/4518/4510 4679/4679/4671
f 4515/4515/4507 4514/4514/4506 4679/4679/4671
f 4539/4539/4531 4515/4515/4507 4679/4679/4671
f 4541/4541/4533 4539/4539/4531 4679/4679/4671
f 4546/4546/4538 4550/4550/4542 4680/4680/4672
f 4544/4544/4536 4546/4546/4538 4680/4680/4672
f 4542/4542/4534 4544/4544/4536 4680/4680/4672
f 4620/4620/4612 4542/4542/4534 4680/4680/4672
f 4618/4618/4610 4620/4620/4612 4680/4680/4672
f 4550/4550/4542 4618/4618/4610 4680/4680/4672
f 4552/4552/4544 4618/4618/4610 4550/4550/4542
f 4681/4681/4673 4682/4682/4674 4683/4683/4675
f 4683/4683/4675 4684/4684/4676 4685/4685/4677
f 4686/4686/4678 4683/4683/4675 4685/4685/4677
f 4681/4681/4673 4683/4683/4675 4686/4686/4678
f 4687/4687/4679 4681/4681/4673 4686/4686/4678
f 4688/4688/4680 4687/4687/4679 4686/4686/4678
f 4689/4689/4681 4687/4687/4679 4688/4688/4680
f 4690/4690/4682 4689/4689/4681 4688/4688/4680
f 4691/4691/4683 4689/4689/4681 4690/4690/4682
f 4692/4692/4684 4691/4691/4683 4690/4690/4682
f 4693/4693/4685 4691/4691/4683 4692/4692/4684
f 4694/4694/4686 4693/4693/4685 4692/4692/4684
f 4695/4695/4687 4693/4693/4685 4694/4694/4686
f 4696/4696/4688 4695/4695/4687 4694/4694/4686
f 4697/4697/4689 4695/4695/4687 4696/4696/4688
f 4698/4698/4690 4697/4697/4689 4696/4696/4688
f 4699/4699/4691 4697/4697/4689 4698/4698/4690
f 4700/4700/4692 4699/4699/4691 4698/4698/4690
f 4701/4701/4693 4700/4700/4692 4698/4698/4690
f 4702/4702/4694 4700/4700/4692 4701/4701/4693
f 4703/4703/4695 4702/4702/4694 4701/4701/4693
f 4704/4704/4696 4702/4702/4694 4703/4703/4695
f 4705/4705/4697 4704/4704/4696 4703/4703/4695
f 4706/4706/4698 4704/4704/4696 4705/4705/4697
f 4707/4707/4699 4706/4706/4698 4705/4705/4697
f 4708/4708/4700 4706/4706/4698 4707/4707/4699
f 4709/4709/4701 4708/4708/4700 4707/4707/4699
f 4710/4710/4702 4708/4708/4700 4709/4709/4701
f 4711/4711/4703 4710/4710/4702 4709/4709/4701
f 4712/4712/4704 4710/4710/4702 4711/4711/4703
f 4713/4713/4705 4712/4712/4704 4711/4711/4703
f 4714/4714/4706 4713/4713/4705 4711/4711/4703
f 4715/4715/4707 4713/4713/4705 4714/4714/4706
f 4716/4716/4708 4715/4715/4707 4714/4714/4706
f 4717/4717/4709 4715/4715/4707 4716/4716/4708
f 4718/4718/4710 4717/4717/4709 4716/4716/4708
f 4719/4719/4711 4717/4717/4709 4718/4718/4710
f 4720/4720/4712 4719/4719/4711 4718/4718/4710
f 4721/4721/4713 4719/4719/4711 4720/4720/4712
f 4722/4722/4714 4721/4721/4713 4720/4720/4712
f 4723/4723/4715 4721/4721/4713 4722/4722/4714
f 4724/4724/4716 4723/4723/4715 4722/4722/4714
f 4685/4685/4677 4723/4723/4715 4724/4724/4716
f 4686/4686/4678 4685/4685/4677 4724/4724/4716
f 4725/4725/4717 4686/4686/4678 4724/4724/4716
f 4688/4688/4680 4686/4686/4678 4725/4725/4717
f 4726/4726/4718 4688/4688/4680 4725/4725/4717
f 4690/4690/4682 4688/4688/4680 4726/4726/4718
f 4727/4727/4719 4690/4690/4682 4726/4726/4718
f 4692/4692/4684 4690/4690/4682 4727/4727/4719
f 4728/4728/4720 4692/4692/4684 4727/4727/4719
f 4729/4729/4721 4692/4692/4684 4728/4728/4720
f 4730/4730/4722 4729/4729/4721 4728/4728/4720
f 4696/4696/4688 4729/4729/4721 4730/4730/4722
f 4731/4731/4723 4696/4696/4688 4730/4730/4722
f 4698/4698/4690 4696/4696/4688 4731/4731/4723
f 4701/4701/4693 4698/4698/4690 4731/4731/4723
f 4732/4732/4724 4701/4701/4693 4731/4731/4723
f 4733/4733/4725 4701/4701/4693 4732/4732/4724
f 4734/4734/4726 4733/4733/4725 4732/4732/4724
f 4735/4735/4727 4733/4733/4725 4734/4734/4726
f 4736/4736/4728 4735/4735/4727 4734/4734/4726
f 4737/4737/4729 4735/4735/4727 4736/4736/4728
f 4738/4738/4730 4737/4737/4729 4736/4736/4728
f 4739/4739/4731 4737/4737/4729 4738/4738/4730
f 4740/4740/4732 4739/4739/4731 4738/4738/4730
f 4741/4741/4733 4739/4739/4731 4740/4740/4732
f 4716/4716/4708 4741/4741/4733 4740/4740/4732
f 4714/4714/4706 4741/4741/4733 4716/4716/4708
f 4711/4711/4703 4741/4741/4733 4714/4714/4706
f 4709/4709/4701 4741/4741/4733 4711/4711/4703
f 4739/4739/4731 4741/4741/4733 4709/4709/4701
f 4707/4707/4699 4739/4739/4731 4709/4709/4701
f 4737/4737/4729 4739/4739/4731 4707/4707/4699
f 4705/4705/4697 4737/4737/4729 4707/4707/4699
f 4735/4735/4727 4737/4737/4729 4705/4705/4697
f 4703/4703/4695 4735/4735/4727 4705/4705/4697
f 4733/4733/4725 4735/4735/4727 4703/4703/4695
f 4701/4701/4693 4733/4733/4725 4703/4703/4695
f 4740/4740/4732 4718/4718/4710 4716/4716/4708
f 4742/4742/4734 4718/4718/4710 4740/4740/4732
f 4738/4738/4730 4742/4742/4734 4740/4740/4732
f 4743/4743/4735 4744/4744/4736 4745/4745/4737
f 4746/4746/4738 4744/4744/4736 4743/4743/4735
f 4747/4747/4739 4746/4746/4738 4743/4743/4735
f 4748/4748/4740 4746/4746/4738 4747/4747/4739
f 4749/4749/4741 4748/4748/4740 4747/4747/4739
f 4750/4750/4742 4748/4748/4740 4749/4749/4741
f 4732/4732/4724 4750/4750/4742 4749/4749/4741
f 4731/4731/4723 4750/4750/4742 4732/4732/4724
f 4751/4751/4743 4750/4750/4742 4731/4731/4723
f 4730/4730/4722 4751/4751/4743 4731/4731/4723
f 4728/4728/4720 4751/4751/4743 4730/4730/4722
f 4746/4746/4738 4751/4751/4743 4728/4728/4720
f 4744/4744/4736 4746/4746/4738 4728/4728/4720
f 4727/4727/4719 4744/4744/4736 4728/4728/4720
f 4726/4726/4718 4744/4744/4736 4727/4727/4719
f 4745/4745/4737 4744/4744/4736 4726/4726/4718
f 4725/4725/4717 4745/4745/4737 4726/4726/4718
f 4752/4752/4744 4745/4745/4737 4725/4725/4717
f 4724/4724/4716 4752/4752/4744 4725/4725/4717
f 4753/4753/4745 4752/4752/4744 4724/4724/4716
f 4720/4720/4712 4753/4753/4745 4724/4724/4716
f 4754/4754/4746 4753/4753/4745 4720/4720/4712
f 4718/4718/4710 4754/4754/4746 4720/4720/4712
f 4755/4755/4747 4754/4754/4746 4718/4718/4710
f 4742/4742/4734 4755/4755/4747 4718/4718/4710
f 4756/4756/4748 4755/4755/4747 4742/4742/4734
f 4738/4738/4730 4756/4756/4748 4742/4742/4734
f 4736/4736/4728 4756/4756/4748 4738/4738/4730
f 4757/4757/4749 4756/4756/4748 4736/4736/4728
f 4734/4734/4726 4757/4757/4749 4736/4736/4728
f 4749/4749/4741 4757/4757/4749 4734/4734/4726
f 4732/4732/4724 4749/4749/4741 4734/4734/4726
f 4753/4753/4745 4754/4754/4746 4755/4755/4747
f 4722/4722/4714 4720/4720/4712 4724/4724/4716
f 4757/4757/4749 4749/4749/4741 4747/4747/4739
f 4758/4758/4750 4757/4757/4749 4747/4747/4739
f 4756/4756/4748 4757/4757/4749 4758/4758/4750
f 4755/4755/4747 4756/4756/4748 4758/4758/4750
f 4759/4759/4751 4755/4755/4747 4758/4758/4750
f 4753/4753/4745 4755/4755/4747 4759/4759/4751
f 4752/4752/4744 4753/4753/4745 4759/4759/4751
f 4745/4745/4737 4752/4752/4744 4759/4759/4751
f 4743/4743/4735 4745/4745/4737 4759/4759/4751
f 4747/4747/4739 4743/4743/4735 4759/4759/4751
f 4758/4758/4750 4747/4747/4739 4759/4759/4751
f 4684/4684/4676 4723/4723/4715 4685/4685/4677
f 4751/4751/4743 4748/4748/4740 4750/4750/4742
f 4746/4746/4738 4748/4748/4740 4751/4751/4743
f 4760/4760/4752 4691/4691/4683 4693/4693/4685
f 4761/4761/4753 4691/4691/4683 4760/4760/4752
f 4689/4689/4681 4691/4691/4683 4761/4761/4753
f 4762/4762/4754 4689/4689/4681 4761/4761/4753
f 4729/4729/4721 4696/4696/4688 4694/4694/4686
f 4692/4692/4684 4729/4729/4721 4694/4694/4686
f 4702/4702/4694 4704/4704/4696 4763/4763/4755
f 4700/4700/4692 4702/4702/4694 4763/4763/4755
f 4717/4717/4709 4764/4764/4756 4715/4715/4707
f 4765/4765/4757 4764/4764/4756 4717/4717/4709
f 4721/4721/4713 4765/4765/4757 4717/4717/4709
f 4719/4719/4711 4721/4721/4713 4717/4717/4709
f 4766/4766/4758 4767/4767/4759 4768/4768/4760
f 4769/4769/4761 4766/4766/4758 4768/4768/4760
f 4770/4770/4762 4766/4766/4758 4769/4769/4761
f 4771/4771/4763 4770/4770/4762 4769/4769/4761
f 4772/4772/4764 4770/4770/4762 4771/4771/4763
f 4773/4773/4765 4772/4772/4764 4771/4771/4763
f 4774/4774/4766 4772/4772/4764 4773/4773/4765
f 4775/4775/4767 4774/4774/4766 4773/4773/4765
f 4776/4776/4768 4775/4775/4767 4773/4773/4765
f 4777/4777/4769 4776/4776/4768 4773/4773/4765
f 4778/4778/4770 4776/4776/4768 4777/4777/4769
f 4779/4779/4771 4778/4778/4770 4777/4777/4769
f 4767/4767/4759 4778/4778/4770 4779/4779/4771
f 4768/4768/4760 4767/4767/4759 4779/4779/4771
f 4769/4769/4761 4768/4768/4760 4779/4779/4771
f 4777/4777/4769 4769/4769/4761 4779/4779/4771
f 4771/4771/4763 4769/4769/4761 4777/4777/4769
f 4773/4773/4765 4771/4771/4763 4777/4777/4769
o Mesh-010_MeshData-010.001
v 0.393777 11.054470 0.708412
v 0.506992 11.174407 0.876001
v 0.429115 11.130714 0.677735
v 0.471654 11.098164 0.906679
v 0.482804 9.996546 0.906918
v 0.535085 11.110765 0.945439
v 0.942389 11.178933 0.704093
v 0.429115 11.130714 0.677735
v 0.864512 11.135241 0.505826
v 0.849212 11.047257 0.464788
v 0.912642 11.059869 0.503548
v 0.938244 9.988762 0.663703
v 0.864512 11.135241 0.505826
v 0.429115 11.130714 0.677735
v 0.413814 11.042731 0.636697
v 0.393777 11.054470 0.708412
v 0.482804 9.996546 0.906918
v 0.502842 9.984959 0.835180
v 0.530930 9.920717 0.904592
v 0.966330 9.923919 0.733227
v 1.001675 10.000665 0.702722
v 0.990519 11.103552 0.701815
v 0.864512 11.135241 0.505826
v 0.970482 11.115291 0.773531
v 0.624111 10.052325 1.144063
v 0.560680 10.039852 1.105261
v 0.530930 9.920717 0.904592
v 0.608806 9.963915 1.102964
v 1.059512 10.055414 0.972788
v 1.079550 10.043617 0.901142
v 1.044205 9.966810 0.931663
v 0.966330 9.923919 0.733227
v 0.530930 9.920717 0.904592
v 0.966330 9.923919 0.733227
v -1.042822 10.030607 0.756058
v -1.222174 10.008312 0.906909
v -1.091660 9.956621 0.740847
v -1.173336 10.082622 0.922016
v -0.849907 11.079569 0.574413
v -1.244684 10.098598 0.940306
v -1.587180 10.025229 0.615010
v -1.456666 9.973576 0.448949
v -1.091660 9.956621 0.740847
v -1.091660 9.956621 0.740847
v -1.456666 9.973576 0.448949
v -1.406452 10.034950 0.389860
v -1.041446 10.017891 0.681769
v -1.042822 10.030607 0.756058
v -0.849907 11.079569 0.574413
v -0.848530 11.066534 0.500181
v -0.871033 11.156231 0.533439
v -1.236022 11.173234 0.240801
v -1.213520 11.083537 0.207542
v -1.284866 11.099833 0.225676
v -1.477800 10.051117 0.408091
v -1.608314 10.102844 0.574136
v -1.456666 9.973576 0.448949
v -1.609689 10.115520 0.648416
v -1.051767 11.148494 0.758314
v -0.980421 11.132199 0.740180
v -0.871033 11.156231 0.533439
v -1.001546 11.208870 0.699206
v -1.416757 11.165497 0.465675
v -1.415380 11.152462 0.391442
v -1.366536 11.225873 0.406568
v -1.236022 11.173234 0.240801
v -1.236022 11.173234 0.240801
v -0.871033 11.156231 0.533439
v -0.482804 9.996624 0.906894
v -0.608805 9.963420 1.103088
v -0.530930 9.920487 0.904651
v -0.560680 10.039624 1.105330
v -0.393777 11.054470 0.708412
v -0.624111 10.051709 1.144247
v -1.044205 9.965959 0.931906
v -0.966330 9.923214 0.733439
v -0.530930 9.920487 0.904651
v -0.530930 9.920487 0.904651
v -0.966330 9.923214 0.733439
v -0.938244 9.988765 0.663701
v -0.502842 9.984772 0.835240
v -0.482804 9.996624 0.906894
v -0.393777 11.054470 0.708412
v -0.413814 11.042731 0.636697
v -0.429115 11.130714 0.677735
v -0.864512 11.135241 0.505826
v -0.849212 11.047257 0.464788
v -0.912642 11.059869 0.503548
v -1.001676 10.000243 0.702882
v -1.079551 10.043073 0.901335
v -0.966330 9.923214 0.733439
v -1.059513 10.054521 0.973094
v -0.535085 11.110765 0.945439
v -0.471654 11.098164 0.906679
v -0.429115 11.130714 0.677735
v -0.506992 11.174407 0.876001
v -0.970482 11.115291 0.773531
v -0.990519 11.103552 0.701815
v -0.942389 11.178933 0.704093
v -0.864512 11.135241 0.505826
v -0.864512 11.135241 0.505826
v -0.429115 11.130714 0.677735
v -0.936928 9.943838 -1.645302
v -0.950852 9.933227 -1.879791
v -0.904027 9.867532 -1.677893
v -0.983751 10.009481 -1.847232
v -0.761759 11.169318 -1.289028
v -0.953402 10.024600 -1.914588
v -0.498128 9.900168 -1.995384
v -0.451306 9.834621 -1.793422
v -0.904027 9.867532 -1.677893
v -0.904027 9.867532 -1.677893
v -0.451306 9.834621 -1.793422
v -0.427764 9.889496 -1.715757
v -0.880488 9.922365 -1.600146
v -0.936928 9.943838 -1.645302
v -0.761759 11.169318 -1.289028
v -0.705323 11.148118 -1.243772
v -0.707874 11.239971 -1.278655
v -0.255175 11.208895 -1.393728
v -0.252624 11.117052 -1.358844
v -0.222276 11.132280 -1.426160
v -0.397415 9.904578 -1.783106
v -0.444236 9.970057 -1.985096
v -0.451306 9.834621 -1.793422
v -0.500675 9.991488 -2.030288
v -0.778231 11.249935 -1.558376
v -0.808579 11.234696 -1.491059
v -0.707874 11.239971 -1.278655
v -0.754694 11.305349 -1.480685
v -0.325532 11.218860 -1.673448
v -0.269095 11.197659 -1.628191
v -0.301994 11.274274 -1.595758
v -0.255175 11.208895 -1.393728
v -0.255175 11.208895 -1.393728
v -0.707874 11.239971 -1.278655
v -0.252692 9.913711 -1.730569
v -0.234041 9.901594 -1.964626
v -0.211121 9.839453 -1.757525
v -0.275611 9.975814 -1.937685
v -0.202397 11.151072 -1.364545
v -0.237409 9.992595 -2.000478
v 0.231122 9.898331 -2.017204
v 0.254046 9.836425 -1.810066
v -0.211121 9.839453 -1.757525
v -0.211121 9.839453 -1.757525
v 0.254046 9.836425 -1.810066
v 0.263442 9.892910 -1.730461
v -0.201717 9.895864 -1.677957
v -0.252692 9.913711 -1.730569
v -0.202397 11.151072 -1.364545
v -0.151426 11.133430 -1.311887
v -0.154798 11.224903 -1.347649
v 0.310354 11.221551 -1.400239
v 0.313727 11.130078 -1.364476
v 0.351927 11.147071 -1.427216
v 0.301643 9.910073 -1.793165
v 0.278719 9.971963 -2.000328
v 0.254046 9.836425 -1.810066
v 0.227744 9.989263 -2.053065
v -0.187118 11.230247 -1.634390
v -0.225318 11.213244 -1.571649
v -0.154798 11.224903 -1.347649
v -0.177719 11.287076 -1.554753
v 0.278034 11.226896 -1.686980
v 0.329006 11.209244 -1.634320
v 0.287433 11.283724 -1.607343
v 0.310354 11.221551 -1.400239
v 0.310354 11.221551 -1.400239
v -0.154798 11.224903 -1.347649
v 0.414706 9.908568 -1.797082
v 0.490895 9.898060 -2.019162
v 0.463306 9.835792 -1.812684
v 0.442294 9.970789 -2.003590
v 0.345441 11.144819 -1.433846
v 0.494428 9.989031 -2.054937
v 0.954601 9.907473 -1.954699
v 0.927008 9.844958 -1.748299
v 0.463306 9.835792 -1.812684
v 0.463306 9.835792 -1.812684
v 0.927008 9.844958 -1.748299
v 0.915170 9.901207 -1.668900
v 0.451466 9.892125 -1.733369
v 0.414706 9.908568 -1.797082
v 0.345441 11.144819 -1.433846
v 0.382199 11.128179 -1.370174
v 0.385736 11.219651 -1.405931
v 0.849415 11.226794 -1.341946
v 0.845879 11.135321 -1.306188
v 0.898009 11.153329 -1.357594
v 0.967302 9.919337 -1.720261
v 0.994896 9.981935 -1.926656
v 0.927008 9.844958 -1.748299
v 0.958136 9.998476 -1.990351
v 0.425160 11.225025 -1.691782
v 0.373029 11.207016 -1.640375
v 0.385736 11.219651 -1.405931
v 0.413324 11.281847 -1.612461
v 0.888839 11.232167 -1.627796
v 0.925597 11.215526 -1.564123
v 0.877003 11.288989 -1.548474
v 0.849415 11.226794 -1.341946
v 0.849415 11.226794 -1.341946
v 0.385736 11.219651 -1.405931
v 1.283378 11.050670 0.260540
v 1.465804 11.193422 0.300915
v 1.277798 11.126979 0.214184
v 1.471384 11.117113 0.347271
v 1.611026 10.022956 0.337265
v 1.541720 11.138395 0.330408
v 1.653147 11.222360 -0.127112
v 1.277798 11.126979 0.214184
v 1.465141 11.155918 -0.213844
v 1.436300 11.063877 -0.232679
v 1.506636 11.085161 -0.249543
v 1.763972 10.039000 -0.155695
v 1.465141 11.155918 -0.213844
v 1.277798 11.126979 0.214184
v 1.248956 11.034929 0.195349
v 1.283378 11.050670 0.260540
v 1.611026 10.022956 0.337265
v 1.576605 10.007556 0.272019
v 1.652516 9.951774 0.301490
v 1.839887 9.983537 -0.126154
v 1.834311 10.060395 -0.172457
v 1.694642 11.151603 -0.162812
v 1.465141 11.155918 -0.213844
v 1.729064 11.167334 -0.097621
v 1.869377 10.110194 0.407686
v 1.799037 10.088837 0.424406
v 1.652516 9.951774 0.301490
v 1.840528 10.017658 0.388644
v 2.056745 10.141562 -0.019969
v 2.022323 10.126257 -0.085286
v 2.027898 10.049356 -0.038991
v 1.839887 9.983537 -0.126154
v 1.652516 9.951774 0.301490
v 1.839887 9.983537 -0.126154
v 0.849907 11.079569 0.574413
v 1.001546 11.208870 0.699206
v 0.871033 11.156231 0.533439
v 0.980421 11.132199 0.740180
v 1.042821 10.030953 0.755925
v 1.051767 11.148494 0.758314
v 1.366536 11.225873 0.406568
v 0.871033 11.156231 0.533439
v 1.236022 11.173234 0.240801
v 1.213520 11.083537 0.207542
v 1.284866 11.099833 0.225676
v 1.406449 10.035522 0.389524
v 1.236022 11.173234 0.240801
v 0.871033 11.156231 0.533439
v 0.848530 11.066534 0.500181
v 0.849907 11.079569 0.574413
v 1.042821 10.030953 0.755925
v 1.041446 10.018039 0.681709
v 1.091660 9.956651 0.740837
v 1.456664 9.974185 0.448664
v 1.477797 10.051572 0.407821
v 1.415380 11.152462 0.391442
v 1.236022 11.173234 0.240801
v 1.416757 11.165497 0.465675
v 1.244683 10.098837 0.940215
v 1.173336 10.082671 0.921998
v 1.091660 9.956651 0.740837
v 1.222174 10.008522 0.906841
v 1.609686 10.116222 0.648054
v 1.608311 10.103397 0.573840
v 1.587178 10.025913 0.614705
v 1.456664 9.974185 0.448664
v 1.091660 9.956651 0.740837
v 1.456664 9.974185 0.448664
vt 0.739300 0.167500
vt 0.724600 0.171400
vt 0.739300 0.171400
vt 0.728500 0.167500
vt 0.739300 0.126500
vt 0.724600 0.167500
vt 0.694300 0.171400
vt 0.724600 0.181200
vt 0.694300 0.181200
vt 0.676800 0.167500
vt 0.681200 0.167500
vt 0.676800 0.126500
vt 0.676800 0.171400
vt 0.646000 0.171400
vt 0.646000 0.167500
vt 0.642100 0.167500
vt 0.642100 0.126500
vt 0.646000 0.126500
vt 0.646000 0.122100
vt 0.676800 0.122100
vt 0.681200 0.126500
vt 0.689500 0.167500
vt 0.680700 0.171400
vt 0.694300 0.167500
vt 0.724600 0.126500
vt 0.728500 0.126500
vt 0.739300 0.122100
vt 0.724600 0.122100
vt 0.694300 0.126500
vt 0.689900 0.126500
vt 0.694300 0.122100
vt 0.680700 0.122100
vt 0.724600 0.112800
vt 0.694300 0.112800
vt 0.739300 0.126500
vt 0.724600 0.122100
vt 0.739300 0.122100
vt 0.728500 0.126500
vt 0.739300 0.167500
vt 0.724600 0.126500
vt 0.694300 0.122100
vt 0.694300 0.112800
vt 0.724600 0.112800
vt 0.646000 0.122100
vt 0.676800 0.122100
vt 0.676800 0.126500
vt 0.646000 0.126500
vt 0.642100 0.126500
vt 0.642100 0.167500
vt 0.646000 0.167500
vt 0.646000 0.171400
vt 0.676800 0.171400
vt 0.676800 0.167500
vt 0.681200 0.167500
vt 0.681200 0.126500
vt 0.689900 0.126500
vt 0.680700 0.122100
vt 0.694300 0.126500
vt 0.724600 0.167500
vt 0.728500 0.167500
vt 0.739300 0.171400
vt 0.724600 0.171400
vt 0.694300 0.167500
vt 0.689500 0.167500
vt 0.694300 0.171400
vt 0.680700 0.171400
vt 0.694300 0.181200
vt 0.724600 0.181200
vt 0.739300 0.126500
vt 0.724600 0.122100
vt 0.739300 0.122100
vt 0.728500 0.126500
vt 0.739300 0.167500
vt 0.724600 0.126500
vt 0.694300 0.122100
vt 0.694300 0.112800
vt 0.724600 0.112800
vt 0.646000 0.122100
vt 0.676800 0.122100
vt 0.676800 0.126500
vt 0.646000 0.126500
vt 0.642100 0.126500
vt 0.642100 0.167500
vt 0.646000 0.167500
vt 0.646000 0.171400
vt 0.676800 0.171400
vt 0.676800 0.167500
vt 0.681200 0.167500
vt 0.681200 0.126500
vt 0.689900 0.126500
vt 0.680700 0.122100
vt 0.694300 0.126500
vt 0.724600 0.167500
vt 0.728500 0.167500
vt 0.739300 0.171400
vt 0.724600 0.171400
vt 0.694300 0.167500
vt 0.689500 0.167500
vt 0.694300 0.171400
vt 0.680700 0.171400
vt 0.694300 0.181200
vt 0.724600 0.181200
vt 0.739300 0.126500
vt 0.724600 0.122100
vt 0.739300 0.122100
vt 0.728500 0.126500
vt 0.739300 0.167500
vt 0.724600 0.126500
vt 0.694300 0.122100
vt 0.694300 0.112800
vt 0.724600 0.112800
vt 0.646000 0.122100
vt 0.676800 0.122100
vt 0.676800 0.126500
vt 0.646000 0.126500
vt 0.642100 0.126500
vt 0.642100 0.167500
vt 0.646000 0.167500
vt 0.646000 0.171400
vt 0.676800 0.171400
vt 0.676800 0.167500
vt 0.681200 0.167500
vt 0.681200 0.126500
vt 0.689900 0.126500
vt 0.680700 0.122100
vt 0.694300 0.126500
vt 0.724600 0.167500
vt 0.728500 0.167500
vt 0.739300 0.171400
vt 0.724600 0.171400
vt 0.694300 0.167500
vt 0.689500 0.167500
vt 0.694300 0.171400
vt 0.680700 0.171400
vt 0.694300 0.181200
vt 0.724600 0.181200
vt 0.739300 0.126500
vt 0.724600 0.122100
vt 0.739300 0.122100
vt 0.728500 0.126500
vt 0.739300 0.167500
vt 0.724600 0.126500
vt 0.694300 0.122100
vt 0.694300 0.112800
vt 0.724600 0.112800
vt 0.646000 0.122100
vt 0.676800 0.122100
vt 0.676800 0.126500
vt 0.646000 0.126500
vt 0.642100 0.126500
vt 0.642100 0.167500
vt 0.646000 0.167500
vt 0.646000 0.171400
vt 0.676800 0.171400
vt 0.676800 0.167500
vt 0.681200 0.167500
vt 0.681200 0.126500
vt 0.689900 0.126500
vt 0.680700 0.122100
vt 0.694300 0.126500
vt 0.724600 0.167500
vt 0.728500 0.167500
vt 0.739300 0.171400
vt 0.724600 0.171400
vt 0.694300 0.167500
vt 0.689500 0.167500
vt 0.694300 0.171400
vt 0.680700 0.171400
vt 0.694300 0.181200
vt 0.724600 0.181200
vt 0.739300 0.126500
vt 0.724600 0.122100
vt 0.739300 0.122100
vt 0.728500 0.126500
vt 0.739300 0.167500
vt 0.724600 0.126500
vt 0.694300 0.122100
vt 0.694300 0.112800
vt 0.724600 0.112800
vt 0.646000 0.122100
vt 0.676800 0.122100
vt 0.676800 0.126500
vt 0.646000 0.126500
vt 0.642100 0.126500
vt 0.642100 0.167500
vt 0.646000 0.167500
vt 0.646000 0.171400
vt 0.676800 0.171400
vt 0.676800 0.167500
vt 0.681200 0.167500
vt 0.681200 0.126500
vt 0.689900 0.126500
vt 0.680700 0.122100
vt 0.694300 0.126500
vt 0.724600 0.167500
vt 0.728500 0.167500
vt 0.739300 0.171400
vt 0.724600 0.171400
vt 0.694300 0.167500
vt 0.689500 0.167500
vt 0.694300 0.171400
vt 0.680700 0.171400
vt 0.694300 0.181200
vt 0.724600 0.181200
vt 0.739300 0.167500
vt 0.724600 0.171400
vt 0.739300 0.171400
vt 0.728500 0.167500
vt 0.739300 0.126500
vt 0.724600 0.167500
vt 0.694300 0.171400
vt 0.724600 0.181200
vt 0.694300 0.181200
vt 0.676800 0.167500
vt 0.681200 0.167500
vt 0.676800 0.126500
vt 0.676800 0.171400
vt 0.646000 0.171400
vt 0.646000 0.167500
vt 0.642100 0.167500
vt 0.642100 0.126500
vt 0.646000 0.126500
vt 0.646000 0.122100
vt 0.676800 0.122100
vt 0.681200 0.126500
vt 0.689500 0.167500
vt 0.680700 0.171400
vt 0.694300 0.167500
vt 0.724600 0.126500
vt 0.728500 0.126500
vt 0.739300 0.122100
vt 0.724600 0.122100
vt 0.694300 0.126500
vt 0.689900 0.126500
vt 0.694300 0.122100
vt 0.680700 0.122100
vt 0.724600 0.112800
vt 0.694300 0.112800
vt 0.739300 0.167500
vt 0.724600 0.171400
vt 0.739300 0.171400
vt 0.728500 0.167500
vt 0.739300 0.126500
vt 0.724600 0.167500
vt 0.694300 0.171400
vt 0.724600 0.181200
vt 0.694300 0.181200
vt 0.676800 0.167500
vt 0.681200 0.167500
vt 0.676800 0.126500
vt 0.676800 0.171400
vt 0.646000 0.171400
vt 0.646000 0.167500
vt 0.642100 0.167500
vt 0.642100 0.126500
vt 0.646000 0.126500
vt 0.646000 0.122100
vt 0.676800 0.122100
vt 0.681200 0.126500
vt 0.689500 0.167500
vt 0.680700 0.171400
vt 0.694300 0.167500
vt 0.724600 0.126500
vt 0.728500 0.126500
vt 0.739300 0.122100
vt 0.724600 0.122100
vt 0.694300 0.126500
vt 0.689900 0.126500
vt 0.694300 0.122100
vt 0.680700 0.122100
vt 0.724600 0.112800
vt 0.694300 0.112800
vn -0.9195 0.2452 0.3071
vn -0.3391 0.8727 0.3513
vn -0.8460 0.4830 0.2259
vn -0.7757 0.2847 0.5632
vn -0.8773 -0.2624 0.4018
vn -0.0927 0.4490 0.8887
vn 0.4719 0.8811 0.0310
vn -0.0826 0.9796 -0.1834
vn 0.0458 0.1078 -0.9931
vn 0.7363 0.1843 -0.6511
vn 0.0927 -0.4456 -0.8904
vn -0.0693 0.4316 -0.8994
vn -0.5715 0.4264 -0.7011
vn -0.7138 0.1002 -0.6932
vn -0.9584 0.0642 -0.2783
vn -0.9266 -0.3132 -0.2082
vn -0.6676 -0.4546 -0.5897
vn -0.4748 -0.7333 -0.4866
vn 0.0251 -0.7263 -0.6870
vn 0.7758 -0.2835 -0.5637
vn 0.9461 0.3022 -0.1169
vn 0.7631 0.4997 -0.4098
vn 0.6669 0.4568 0.5888
vn -0.0468 -0.1070 0.9932
vn -0.7368 -0.1835 0.6507
vn -0.7649 -0.4978 0.4089
vn -0.2066 -0.7299 0.6516
vn 0.7132 -0.0996 0.6939
vn 0.9857 -0.1661 -0.0290
vn 0.6064 -0.7230 0.3309
vn 0.8466 -0.4807 -0.2284
vn 0.0784 -0.9801 0.1822
vn 0.0785 -0.9803 0.1811
vn 0.7084 -0.2849 0.6458
vn -0.0284 -0.7191 0.6944
vn 0.5880 -0.5162 0.6228
vn 0.5050 -0.1926 0.8414
vn 0.7993 0.2174 0.5602
vn -0.2512 -0.0798 0.9646
vn -0.7111 -0.6874 0.1478
vn -0.1759 -0.9707 0.1637
vn -0.1761 -0.9707 0.1638
vn 0.5617 -0.7647 -0.3158
vn 0.1419 -0.7444 -0.6525
vn 0.1513 -0.4682 -0.8706
vn 0.7890 -0.4976 -0.3604
vn 0.9313 -0.3559 0.0782
vn 0.9997 0.0176 0.0154
vn 0.8897 0.0508 -0.4538
vn 0.7717 0.3821 -0.5084
vn 0.3507 0.4017 -0.8460
vn 0.2529 0.0798 -0.9642
vn -0.5032 0.1940 -0.8421
vn -0.5890 -0.2675 -0.7626
vn -0.9405 -0.1264 -0.3154
vn -0.7646 -0.4510 -0.4605
vn -0.8894 -0.0506 0.4544
vn -0.1513 0.4713 0.8689
vn 0.5887 0.2701 0.7619
vn 0.7642 0.4549 0.4572
vn 0.2618 0.8683 0.4213
vn -0.7881 0.5004 0.3583
vn -0.8548 0.3360 -0.3955
vn -0.4180 0.9000 -0.1239
vn -0.5846 0.5177 -0.6247
vn 0.1790 0.9696 -0.1669
vn 0.8780 -0.2613 0.4011
vn 0.2079 -0.7301 0.6509
vn 0.7662 -0.4964 0.4081
vn 0.7377 -0.1827 0.6500
vn 0.9195 0.2453 0.3071
vn 0.0477 -0.1076 0.9930
vn -0.6063 -0.7234 0.3302
vn -0.0771 -0.9804 0.1812
vn -0.0776 -0.9803 0.1817
vn 0.4748 -0.7327 -0.4875
vn -0.0220 -0.7240 -0.6894
vn -0.0925 -0.4441 -0.8912
vn 0.6676 -0.4548 -0.5895
vn 0.9271 -0.3121 -0.2076
vn 0.9583 0.0642 -0.2783
vn 0.7137 0.1001 -0.6932
vn 0.5715 0.4264 -0.7011
vn 0.0693 0.4316 -0.8994
vn -0.0458 0.1077 -0.9931
vn -0.7363 0.1842 -0.6511
vn -0.7758 -0.2832 -0.5638
vn -0.9858 -0.1654 -0.0295
vn -0.8472 -0.4795 -0.2290
vn -0.7132 -0.1002 0.6938
vn 0.0927 0.4491 0.8887
vn 0.7757 0.2847 0.5632
vn 0.8460 0.4830 0.2259
vn 0.3391 0.8727 0.3513
vn -0.6669 0.4568 0.5887
vn -0.9461 0.3021 -0.1169
vn -0.4719 0.8811 0.0310
vn -0.7631 0.4997 -0.4099
vn 0.0826 0.9796 -0.1834
vn -0.9691 -0.1834 0.1650
vn -0.6144 -0.6361 -0.4667
vn -0.9042 -0.4209 0.0727
vn -0.9907 -0.0784 -0.1108
vn -0.8986 0.3114 0.3090
vn -0.6208 0.0177 -0.7838
vn 0.2265 -0.6966 -0.6807
vn -0.1399 -0.9508 -0.2764
vn -0.1398 -0.9507 -0.2769
vn -0.1811 -0.7770 0.6029
vn 0.3414 -0.8133 0.4711
vn 0.5417 -0.5606 0.6264
vn -0.2473 -0.5057 0.8265
vn -0.6630 -0.3078 0.6824
vn -0.6105 0.0606 0.7897
vn -0.1694 0.0367 0.9849
vn -0.0172 0.3546 0.9349
vn 0.5050 0.3187 0.8021
vn 0.6203 -0.0176 0.7842
vn 0.9907 0.0781 0.1110
vn 0.9249 -0.3796 -0.0218
vn 0.7987 -0.2031 -0.5664
vn 0.7658 -0.5382 -0.3520
vn 0.1682 -0.0379 -0.9850
vn -0.5431 0.5586 -0.6269
vn -0.9257 0.3776 0.0215
vn -0.7686 0.5347 0.3512
vn -0.3913 0.9201 -0.0143
vn 0.2466 0.5043 -0.8276
vn 0.8646 0.2544 -0.4334
vn 0.4520 0.8622 -0.2286
vn 0.9046 0.4197 -0.0738
vn 0.1356 0.9514 0.2765
vn -0.9696 -0.2424 0.0346
vn -0.5041 -0.6750 -0.5387
vn -0.8786 -0.4754 -0.0454
vn -0.9600 -0.1395 -0.2429
vn -0.9495 0.2558 0.1819
vn -0.5083 -0.0227 -0.8609
vn 0.3618 -0.6815 -0.6361
vn -0.0385 -0.9585 -0.2825
vn -0.0382 -0.9583 -0.2833
vn -0.2119 -0.7852 0.5818
vn 0.3257 -0.7888 0.5213
vn 0.4863 -0.5244 0.6990
vn -0.3251 -0.5189 0.7906
vn -0.7297 -0.3466 0.5894
vn -0.7143 0.0237 0.6994
vn -0.3031 0.0273 0.9526
vn -0.1651 0.3538 0.9206
vn 0.3715 0.3499 0.8600
vn 0.5083 0.0214 0.8609
vn 0.9600 0.1390 0.2430
vn 0.9413 -0.3201 0.1072
vn 0.8797 -0.1528 -0.4503
vn 0.8396 -0.4879 -0.2387
vn 0.3032 -0.0288 -0.9525
vn -0.4862 0.5234 -0.6997
vn -0.9414 0.3199 -0.1073
vn -0.8401 0.4869 0.2391
vn -0.4409 0.8944 -0.0756
vn 0.3252 0.5176 -0.7914
vn 0.8982 0.3066 -0.3150
vn 0.4256 0.8881 -0.1734
vn 0.8792 0.4744 0.0451
vn 0.0389 0.9582 0.2834
vn -0.9420 -0.2652 -0.2058
vn -0.3373 -0.6855 -0.6452
vn -0.8278 -0.4969 -0.2605
vn -0.8663 -0.1615 -0.4728
vn -0.9704 0.2341 -0.0591
vn -0.2782 -0.0317 -0.9600
vn 0.5246 -0.6693 -0.5261
vn 0.0585 -0.9577 -0.2819
vn 0.0580 -0.9579 -0.2811
vn -0.3295 -0.7923 0.5134
vn 0.2056 -0.7838 0.5860
vn 0.3104 -0.5156 0.7986
vn -0.4978 -0.5288 0.6875
vn -0.8438 -0.3663 0.3923
vn -0.8654 0.0059 0.5011
vn -0.5296 0.0179 0.8481
vn -0.3953 0.3476 0.8502
vn 0.1396 0.3558 0.9241
vn 0.2792 0.0304 0.9597
vn 0.8668 0.1597 0.4723
vn 0.8923 -0.3004 0.3369
vn 0.9668 -0.1318 -0.2189
vn 0.8828 -0.4690 -0.0242
vn 0.5302 -0.0177 -0.8477
vn -0.3097 0.5143 -0.7997
vn -0.8925 0.2991 -0.3375
vn -0.8838 0.4674 0.0227
vn -0.4283 0.8845 -0.1848
vn 0.4991 0.5269 -0.6880
vn 0.9411 0.3274 -0.0841
vn 0.4354 0.8978 -0.0655
vn 0.8300 0.4937 0.2595
vn -0.0536 0.9581 0.2814
vn -0.4655 0.1882 0.8648
vn -0.0997 0.8651 0.4917
vn -0.4986 0.4231 0.7566
vn -0.1901 0.2610 0.9464
vn -0.3103 -0.3049 0.9004
vn 0.5001 0.5105 0.6994
vn 0.2492 0.9190 -0.3057
vn -0.3040 0.9502 -0.0688
vn -0.6726 0.0297 -0.7394
vn 0.0447 0.1940 -0.9800
vn -0.4991 -0.5085 -0.7017
vn -0.7279 0.3489 -0.5903
vn -0.9440 0.3155 -0.0965
vn -0.9998 -0.0196 0.0073
vn -0.8792 -0.0427 0.4745
vn -0.7635 -0.4094 0.4995
vn -0.8282 -0.5586 0.0445
vn -0.5868 -0.8095 -0.0209
vn -0.3680 -0.7761 -0.5121
vn 0.1911 -0.2590 -0.9468
vn 0.5512 0.3732 -0.7463
vn 0.1935 0.5300 -0.8256
vn 0.8271 0.5600 -0.0471
vn 0.6719 -0.0301 0.7400
vn -0.0467 -0.1944 0.9798
vn -0.1969 -0.5295 0.8252
vn 0.3972 -0.6920 0.6029
vn 0.9998 0.0204 -0.0063
vn 0.6974 -0.0803 -0.7121
vn 0.7471 -0.6352 -0.1957
vn 0.4986 -0.4205 -0.7580
vn 0.3040 -0.9506 0.0627
vn 0.3038 -0.9507 0.0625
vn -0.7993 0.2173 0.5603
vn -0.2618 0.8683 0.4213
vn -0.7642 0.4550 0.4572
vn -0.5887 0.2700 0.7619
vn -0.7090 -0.2838 0.6456
vn 0.1514 0.4712 0.8689
vn 0.4180 0.9000 -0.1239
vn -0.1790 0.9696 -0.1669
vn -0.2529 0.0800 -0.9642
vn 0.5032 0.1941 -0.8421
vn -0.1509 -0.4682 -0.8706
vn -0.3507 0.4017 -0.8460
vn -0.7717 0.3821 -0.5084
vn -0.8897 0.0509 -0.4537
vn -0.9997 0.0176 0.0155
vn -0.9316 -0.3548 0.0790
vn -0.7892 -0.4976 -0.3600
vn -0.5621 -0.7643 -0.3162
vn -0.1415 -0.7447 -0.6523
vn 0.5891 -0.2679 -0.7624
vn 0.8548 0.3361 -0.3955
vn 0.5846 0.5177 -0.6246
vn 0.7881 0.5004 0.3585
vn 0.2520 -0.0796 0.9645
vn -0.5046 -0.1933 0.8415
vn -0.5891 -0.5142 0.6233
vn 0.0293 -0.7191 0.6943
vn 0.8895 -0.0501 0.4541
vn 0.9405 -0.1267 -0.3154
vn 0.7115 -0.6870 0.1478
vn 0.7644 -0.4516 -0.4601
vn 0.1773 -0.9705 0.1636
vn 0.1772 -0.9706 0.1631
usemtl Material-3850.000
s 1
f 4780/4780/4772 4781/4781/4773 4782/4782/4774
f 4783/4783/4775 4780/4780/4772 4784/4784/4776
f 4781/4781/4773 4780/4780/4772 4783/4783/4775
f 4785/4785/4777 4781/4781/4773 4783/4783/4775
f 4786/4786/4778 4781/4781/4773 4785/4785/4777
f 4787/4787/4779 4781/4781/4773 4786/4786/4778
f 4788/4788/4779 4787/4787/4779 4786/4786/4778
f 4789/4789/4780 4790/4790/4781 4791/4791/4782
f 4792/4792/4783 4790/4790/4781 4789/4789/4780
f 4793/4793/4784 4792/4792/4783 4789/4789/4780
f 4794/4794/4785 4793/4793/4784 4789/4789/4780
f 4795/4795/4786 4793/4793/4784 4794/4794/4785
f 4796/4796/4787 4795/4795/4786 4794/4794/4785
f 4797/4797/4788 4796/4796/4787 4794/4794/4785
f 4798/4798/4789 4796/4796/4787 4797/4797/4788
f 4799/4799/4790 4798/4798/4789 4797/4797/4788
f 4791/4791/4782 4799/4799/4790 4797/4797/4788
f 4800/4800/4791 4799/4799/4790 4791/4791/4782
f 4790/4790/4781 4800/4800/4791 4791/4791/4782
f 4801/4801/4792 4800/4800/4791 4790/4790/4781
f 4802/4802/4793 4801/4801/4792 4790/4790/4781
f 4786/4786/4778 4801/4801/4792 4802/4802/4793
f 4803/4803/4794 4801/4801/4792 4786/4786/4778
f 4785/4785/4777 4803/4803/4794 4786/4786/4778
f 4804/4804/4795 4803/4803/4794 4785/4785/4777
f 4783/4783/4775 4804/4804/4795 4785/4785/4777
f 4805/4805/4796 4804/4804/4795 4783/4783/4775
f 4784/4784/4776 4805/4805/4796 4783/4783/4775
f 4806/4806/4797 4805/4805/4796 4784/4784/4776
f 4807/4807/4798 4805/4805/4796 4806/4806/4797
f 4804/4804/4795 4805/4805/4796 4807/4807/4798
f 4808/4808/4799 4804/4804/4795 4807/4807/4798
f 4803/4803/4794 4804/4804/4795 4808/4808/4799
f 4809/4809/4800 4803/4803/4794 4808/4808/4799
f 4801/4801/4792 4803/4803/4794 4809/4809/4800
f 4800/4800/4791 4801/4801/4792 4809/4809/4800
f 4810/4810/4801 4800/4800/4791 4809/4809/4800
f 4811/4811/4802 4800/4800/4791 4810/4810/4801
f 4810/4810/4801 4812/4812/4803 4813/4813/4804
f 4807/4807/4798 4812/4812/4803 4810/4810/4801
f 4808/4808/4799 4807/4807/4798 4810/4810/4801
f 4809/4809/4800 4808/4808/4799 4810/4810/4801
f 4797/4797/4788 4794/4794/4785 4789/4789/4780
f 4791/4791/4782 4797/4797/4788 4789/4789/4780
f 4814/4814/4805 4815/4815/4806 4816/4816/4807
f 4817/4817/4808 4814/4814/4805 4818/4818/4809
f 4815/4815/4806 4814/4814/4805 4817/4817/4808
f 4819/4819/4810 4815/4815/4806 4817/4817/4808
f 4820/4820/4811 4815/4815/4806 4819/4819/4810
f 4821/4821/4812 4815/4815/4806 4820/4820/4811
f 4822/4822/4813 4815/4815/4806 4821/4821/4812
f 4823/4823/4814 4824/4824/4815 4825/4825/4816
f 4826/4826/4817 4823/4823/4814 4825/4825/4816
f 4827/4827/4818 4823/4823/4814 4826/4826/4817
f 4828/4828/4819 4827/4827/4818 4826/4826/4817
f 4829/4829/4820 4828/4828/4819 4826/4826/4817
f 4830/4830/4821 4828/4828/4819 4829/4829/4820
f 4831/4831/4822 4830/4830/4821 4829/4829/4820
f 4832/4832/4823 4831/4831/4822 4829/4829/4820
f 4833/4833/4824 4831/4831/4822 4832/4832/4823
f 4834/4834/4825 4833/4833/4824 4832/4832/4823
f 4835/4835/4826 4833/4833/4824 4834/4834/4825
f 4836/4836/4827 4835/4835/4826 4834/4834/4825
f 4820/4820/4811 4835/4835/4826 4836/4836/4827
f 4837/4837/4828 4835/4835/4826 4820/4820/4811
f 4819/4819/4810 4837/4837/4828 4820/4820/4811
f 4838/4838/4829 4837/4837/4828 4819/4819/4810
f 4817/4817/4808 4838/4838/4829 4819/4819/4810
f 4839/4839/4830 4838/4838/4829 4817/4817/4808
f 4818/4818/4809 4839/4839/4830 4817/4817/4808
f 4840/4840/4831 4839/4839/4830 4818/4818/4809
f 4841/4841/4832 4839/4839/4830 4840/4840/4831
f 4838/4838/4829 4839/4839/4830 4841/4841/4832
f 4842/4842/4833 4838/4838/4829 4841/4841/4832
f 4837/4837/4828 4838/4838/4829 4842/4842/4833
f 4843/4843/4834 4837/4837/4828 4842/4842/4833
f 4835/4835/4826 4837/4837/4828 4843/4843/4834
f 4833/4833/4824 4835/4835/4826 4843/4843/4834
f 4844/4844/4835 4833/4833/4824 4843/4843/4834
f 4845/4845/4836 4833/4833/4824 4844/4844/4835
f 4844/4844/4835 4843/4843/4834 4842/4842/4833
f 4841/4841/4832 4844/4844/4835 4842/4842/4833
f 4846/4846/4837 4844/4844/4835 4841/4841/4832
f 4847/4847/4837 4846/4846/4837 4841/4841/4832
f 4825/4825/4816 4824/4824/4815 4834/4834/4825
f 4832/4832/4823 4825/4825/4816 4834/4834/4825
f 4829/4829/4820 4825/4825/4816 4832/4832/4823
f 4826/4826/4817 4825/4825/4816 4829/4829/4820
f 4848/4848/4838 4849/4849/4839 4850/4850/4840
f 4851/4851/4841 4848/4848/4838 4852/4852/4842
f 4849/4849/4839 4848/4848/4838 4851/4851/4841
f 4853/4853/4843 4849/4849/4839 4851/4851/4841
f 4854/4854/4844 4849/4849/4839 4853/4853/4843
f 4855/4855/4845 4849/4849/4839 4854/4854/4844
f 4856/4856/4846 4849/4849/4839 4855/4855/4845
f 4857/4857/4847 4858/4858/4848 4859/4859/4849
f 4860/4860/4850 4857/4857/4847 4859/4859/4849
f 4861/4861/4851 4857/4857/4847 4860/4860/4850
f 4862/4862/4852 4861/4861/4851 4860/4860/4850
f 4863/4863/4853 4862/4862/4852 4860/4860/4850
f 4864/4864/4854 4862/4862/4852 4863/4863/4853
f 4865/4865/4855 4864/4864/4854 4863/4863/4853
f 4866/4866/4856 4865/4865/4855 4863/4863/4853
f 4867/4867/4857 4865/4865/4855 4866/4866/4856
f 4868/4868/4858 4867/4867/4857 4866/4866/4856
f 4869/4869/4859 4867/4867/4857 4868/4868/4858
f 4870/4870/4860 4869/4869/4859 4868/4868/4858
f 4854/4854/4844 4869/4869/4859 4870/4870/4860
f 4871/4871/4861 4869/4869/4859 4854/4854/4844
f 4853/4853/4843 4871/4871/4861 4854/4854/4844
f 4872/4872/4862 4871/4871/4861 4853/4853/4843
f 4851/4851/4841 4872/4872/4862 4853/4853/4843
f 4873/4873/4863 4872/4872/4862 4851/4851/4841
f 4852/4852/4842 4873/4873/4863 4851/4851/4841
f 4874/4874/4864 4873/4873/4863 4852/4852/4842
f 4875/4875/4865 4873/4873/4863 4874/4874/4864
f 4872/4872/4862 4873/4873/4863 4875/4875/4865
f 4876/4876/4866 4872/4872/4862 4875/4875/4865
f 4871/4871/4861 4872/4872/4862 4876/4876/4866
f 4877/4877/4867 4871/4871/4861 4876/4876/4866
f 4869/4869/4859 4871/4871/4861 4877/4877/4867
f 4867/4867/4857 4869/4869/4859 4877/4877/4867
f 4878/4878/4868 4867/4867/4857 4877/4877/4867
f 4879/4879/4869 4867/4867/4857 4878/4878/4868
f 4878/4878/4868 4877/4877/4867 4876/4876/4866
f 4875/4875/4865 4878/4878/4868 4876/4876/4866
f 4880/4880/4870 4878/4878/4868 4875/4875/4865
f 4881/4881/4870 4880/4880/4870 4875/4875/4865
f 4859/4859/4849 4858/4858/4848 4868/4868/4858
f 4866/4866/4856 4859/4859/4849 4868/4868/4858
f 4863/4863/4853 4859/4859/4849 4866/4866/4856
f 4860/4860/4850 4859/4859/4849 4863/4863/4853
f 4882/4882/4871 4883/4883/4872 4884/4884/4873
f 4885/4885/4874 4882/4882/4871 4886/4886/4875
f 4883/4883/4872 4882/4882/4871 4885/4885/4874
f 4887/4887/4876 4883/4883/4872 4885/4885/4874
f 4888/4888/4877 4883/4883/4872 4887/4887/4876
f 4889/4889/4878 4883/4883/4872 4888/4888/4877
f 4890/4890/4879 4883/4883/4872 4889/4889/4878
f 4891/4891/4880 4892/4892/4881 4893/4893/4882
f 4894/4894/4883 4891/4891/4880 4893/4893/4882
f 4895/4895/4884 4891/4891/4880 4894/4894/4883
f 4896/4896/4885 4895/4895/4884 4894/4894/4883
f 4897/4897/4886 4896/4896/4885 4894/4894/4883
f 4898/4898/4887 4896/4896/4885 4897/4897/4886
f 4899/4899/4888 4898/4898/4887 4897/4897/4886
f 4900/4900/4889 4899/4899/4888 4897/4897/4886
f 4901/4901/4890 4899/4899/4888 4900/4900/4889
f 4902/4902/4891 4901/4901/4890 4900/4900/4889
f 4903/4903/4892 4901/4901/4890 4902/4902/4891
f 4904/4904/4893 4903/4903/4892 4902/4902/4891
f 4888/4888/4877 4903/4903/4892 4904/4904/4893
f 4905/4905/4894 4903/4903/4892 4888/4888/4877
f 4887/4887/4876 4905/4905/4894 4888/4888/4877
f 4906/4906/4895 4905/4905/4894 4887/4887/4876
f 4885/4885/4874 4906/4906/4895 4887/4887/4876
f 4907/4907/4896 4906/4906/4895 4885/4885/4874
f 4886/4886/4875 4907/4907/4896 4885/4885/4874
f 4908/4908/4897 4907/4907/4896 4886/4886/4875
f 4909/4909/4898 4907/4907/4896 4908/4908/4897
f 4906/4906/4895 4907/4907/4896 4909/4909/4898
f 4910/4910/4899 4906/4906/4895 4909/4909/4898
f 4905/4905/4894 4906/4906/4895 4910/4910/4899
f 4911/4911/4900 4905/4905/4894 4910/4910/4899
f 4903/4903/4892 4905/4905/4894 4911/4911/4900
f 4901/4901/4890 4903/4903/4892 4911/4911/4900
f 4912/4912/4901 4901/4901/4890 4911/4911/4900
f 4913/4913/4902 4901/4901/4890 4912/4912/4901
f 4912/4912/4901 4911/4911/4900 4910/4910/4899
f 4909/4909/4898 4912/4912/4901 4910/4910/4899
f 4914/4914/4903 4912/4912/4901 4909/4909/4898
f 4915/4915/4903 4914/4914/4903 4909/4909/4898
f 4893/4893/4882 4892/4892/4881 4902/4902/4891
f 4900/4900/4889 4893/4893/4882 4902/4902/4891
f 4897/4897/4886 4893/4893/4882 4900/4900/4889
f 4894/4894/4883 4893/4893/4882 4897/4897/4886
f 4916/4916/4904 4917/4917/4905 4918/4918/4906
f 4919/4919/4907 4916/4916/4904 4920/4920/4908
f 4917/4917/4905 4916/4916/4904 4919/4919/4907
f 4921/4921/4909 4917/4917/4905 4919/4919/4907
f 4922/4922/4910 4917/4917/4905 4921/4921/4909
f 4923/4923/4911 4917/4917/4905 4922/4922/4910
f 4924/4924/4912 4917/4917/4905 4923/4923/4911
f 4925/4925/4913 4926/4926/4914 4927/4927/4915
f 4928/4928/4916 4925/4925/4913 4927/4927/4915
f 4929/4929/4917 4925/4925/4913 4928/4928/4916
f 4930/4930/4918 4929/4929/4917 4928/4928/4916
f 4931/4931/4919 4930/4930/4918 4928/4928/4916
f 4932/4932/4920 4930/4930/4918 4931/4931/4919
f 4933/4933/4921 4932/4932/4920 4931/4931/4919
f 4934/4934/4922 4933/4933/4921 4931/4931/4919
f 4935/4935/4923 4933/4933/4921 4934/4934/4922
f 4936/4936/4924 4935/4935/4923 4934/4934/4922
f 4937/4937/4925 4935/4935/4923 4936/4936/4924
f 4938/4938/4926 4937/4937/4925 4936/4936/4924
f 4922/4922/4910 4937/4937/4925 4938/4938/4926
f 4939/4939/4927 4937/4937/4925 4922/4922/4910
f 4921/4921/4909 4939/4939/4927 4922/4922/4910
f 4940/4940/4928 4939/4939/4927 4921/4921/4909
f 4919/4919/4907 4940/4940/4928 4921/4921/4909
f 4941/4941/4929 4940/4940/4928 4919/4919/4907
f 4920/4920/4908 4941/4941/4929 4919/4919/4907
f 4942/4942/4930 4941/4941/4929 4920/4920/4908
f 4943/4943/4931 4941/4941/4929 4942/4942/4930
f 4940/4940/4928 4941/4941/4929 4943/4943/4931
f 4944/4944/4932 4940/4940/4928 4943/4943/4931
f 4939/4939/4927 4940/4940/4928 4944/4944/4932
f 4945/4945/4933 4939/4939/4927 4944/4944/4932
f 4937/4937/4925 4939/4939/4927 4945/4945/4933
f 4935/4935/4923 4937/4937/4925 4945/4945/4933
f 4946/4946/4934 4935/4935/4923 4945/4945/4933
f 4947/4947/4935 4935/4935/4923 4946/4946/4934
f 4946/4946/4934 4945/4945/4933 4944/4944/4932
f 4943/4943/4931 4946/4946/4934 4944/4944/4932
f 4948/4948/4936 4946/4946/4934 4943/4943/4931
f 4949/4949/4936 4948/4948/4936 4943/4943/4931
f 4927/4927/4915 4926/4926/4914 4936/4936/4924
f 4934/4934/4922 4927/4927/4915 4936/4936/4924
f 4931/4931/4919 4927/4927/4915 4934/4934/4922
f 4928/4928/4916 4927/4927/4915 4931/4931/4919
f 4950/4950/4937 4951/4951/4938 4952/4952/4939
f 4953/4953/4940 4950/4950/4937 4954/4954/4941
f 4951/4951/4938 4950/4950/4937 4953/4953/4940
f 4955/4955/4942 4951/4951/4938 4953/4953/4940
f 4956/4956/4943 4951/4951/4938 4955/4955/4942
f 4957/4957/4944 4951/4951/4938 4956/4956/4943
f 4958/4958/4945 4951/4951/4938 4957/4957/4944
f 4959/4959/4946 4960/4960/4947 4961/4961/4948
f 4962/4962/4949 4959/4959/4946 4961/4961/4948
f 4963/4963/4950 4959/4959/4946 4962/4962/4949
f 4964/4964/4951 4963/4963/4950 4962/4962/4949
f 4965/4965/4952 4964/4964/4951 4962/4962/4949
f 4966/4966/4953 4964/4964/4951 4965/4965/4952
f 4967/4967/4954 4966/4966/4953 4965/4965/4952
f 4968/4968/4955 4967/4967/4954 4965/4965/4952
f 4969/4969/4956 4967/4967/4954 4968/4968/4955
f 4970/4970/4957 4969/4969/4956 4968/4968/4955
f 4971/4971/4958 4969/4969/4956 4970/4970/4957
f 4972/4972/4959 4971/4971/4958 4970/4970/4957
f 4956/4956/4943 4971/4971/4958 4972/4972/4959
f 4973/4973/4960 4971/4971/4958 4956/4956/4943
f 4955/4955/4942 4973/4973/4960 4956/4956/4943
f 4974/4974/4961 4973/4973/4960 4955/4955/4942
f 4953/4953/4940 4974/4974/4961 4955/4955/4942
f 4975/4975/4962 4974/4974/4961 4953/4953/4940
f 4954/4954/4941 4975/4975/4962 4953/4953/4940
f 4976/4976/4963 4975/4975/4962 4954/4954/4941
f 4977/4977/4964 4975/4975/4962 4976/4976/4963
f 4974/4974/4961 4975/4975/4962 4977/4977/4964
f 4978/4978/4965 4974/4974/4961 4977/4977/4964
f 4973/4973/4960 4974/4974/4961 4978/4978/4965
f 4979/4979/4966 4973/4973/4960 4978/4978/4965
f 4971/4971/4958 4973/4973/4960 4979/4979/4966
f 4969/4969/4956 4971/4971/4958 4979/4979/4966
f 4980/4980/4967 4969/4969/4956 4979/4979/4966
f 4981/4981/4968 4969/4969/4956 4980/4980/4967
f 4980/4980/4967 4979/4979/4966 4978/4978/4965
f 4977/4977/4964 4980/4980/4967 4978/4978/4965
f 4982/4982/4969 4980/4980/4967 4977/4977/4964
f 4983/4983/4969 4982/4982/4969 4977/4977/4964
f 4961/4961/4948 4960/4960/4947 4970/4970/4957
f 4968/4968/4955 4961/4961/4948 4970/4970/4957
f 4965/4965/4952 4961/4961/4948 4968/4968/4955
f 4962/4962/4949 4961/4961/4948 4965/4965/4952
f 4984/4984/4970 4985/4985/4971 4986/4986/4972
f 4987/4987/4973 4984/4984/4970 4988/4988/4974
f 4985/4985/4971 4984/4984/4970 4987/4987/4973
f 4989/4989/4975 4985/4985/4971 4987/4987/4973
f 4990/4990/4976 4985/4985/4971 4989/4989/4975
f 4991/4991/4977 4985/4985/4971 4990/4990/4976
f 4992/4992/4977 4991/4991/4977 4990/4990/4976
f 4993/4993/4978 4994/4994/4979 4995/4995/4980
f 4996/4996/4981 4994/4994/4979 4993/4993/4978
f 4997/4997/4982 4996/4996/4981 4993/4993/4978
f 4998/4998/4983 4997/4997/4982 4993/4993/4978
f 4999/4999/4984 4997/4997/4982 4998/4998/4983
f 5000/5000/4985 4999/4999/4984 4998/4998/4983
f 5001/5001/4986 5000/5000/4985 4998/4998/4983
f 5002/5002/4987 5000/5000/4985 5001/5001/4986
f 5003/5003/4988 5002/5002/4987 5001/5001/4986
f 4995/4995/4980 5003/5003/4988 5001/5001/4986
f 5004/5004/4989 5003/5003/4988 4995/4995/4980
f 4994/4994/4979 5004/5004/4989 4995/4995/4980
f 5005/5005/4990 5004/5004/4989 4994/4994/4979
f 5006/5006/4991 5005/5005/4990 4994/4994/4979
f 4990/4990/4976 5005/5005/4990 5006/5006/4991
f 5007/5007/4992 5005/5005/4990 4990/4990/4976
f 4989/4989/4975 5007/5007/4992 4990/4990/4976
f 5008/5008/4993 5007/5007/4992 4989/4989/4975
f 4987/4987/4973 5008/5008/4993 4989/4989/4975
f 5009/5009/4994 5008/5008/4993 4987/4987/4973
f 4988/4988/4974 5009/5009/4994 4987/4987/4973
f 5010/5010/4995 5009/5009/4994 4988/4988/4974
f 5011/5011/4996 5009/5009/4994 5010/5010/4995
f 5008/5008/4993 5009/5009/4994 5011/5011/4996
f 5012/5012/4997 5008/5008/4993 5011/5011/4996
f 5007/5007/4992 5008/5008/4993 5012/5012/4997
f 5013/5013/4998 5007/5007/4992 5012/5012/4997
f 5005/5005/4990 5007/5007/4992 5013/5013/4998
f 5004/5004/4989 5005/5005/4990 5013/5013/4998
f 5014/5014/4999 5004/5004/4989 5013/5013/4998
f 5015/5015/5000 5004/5004/4989 5014/5014/4999
f 5014/5014/4999 5016/5016/5001 5017/5017/5002
f 5011/5011/4996 5016/5016/5001 5014/5014/4999
f 5012/5012/4997 5011/5011/4996 5014/5014/4999
f 5013/5013/4998 5012/5012/4997 5014/5014/4999
f 5001/5001/4986 4998/4998/4983 4993/4993/4978
f 4995/4995/4980 5001/5001/4986 4993/4993/4978
f 5018/5018/5003 5019/5019/5004 5020/5020/5005
f 5021/5021/5006 5018/5018/5003 5022/5022/5007
f 5019/5019/5004 5018/5018/5003 5021/5021/5006
f 5023/5023/5008 5019/5019/5004 5021/5021/5006
f 5024/5024/5009 5019/5019/5004 5023/5023/5008
f 5025/5025/5010 5019/5019/5004 5024/5024/5009
f 5026/5026/5010 5025/5025/5010 5024/5024/5009
f 5027/5027/5011 5028/5028/5012 5029/5029/5013
f 5030/5030/5014 5028/5028/5012 5027/5027/5011
f 5031/5031/5015 5030/5030/5014 5027/5027/5011
f 5032/5032/5016 5031/5031/5015 5027/5027/5011
f 5033/5033/5017 5031/5031/5015 5032/5032/5016
f 5034/5034/5018 5033/5033/5017 5032/5032/5016
f 5035/5035/5019 5034/5034/5018 5032/5032/5016
f 5036/5036/5020 5034/5034/5018 5035/5035/5019
f 5037/5037/5021 5036/5036/5020 5035/5035/5019
f 5029/5029/5013 5037/5037/5021 5035/5035/5019
f 5038/5038/5022 5037/5037/5021 5029/5029/5013
f 5028/5028/5012 5038/5038/5022 5029/5029/5013
f 5039/5039/5023 5038/5038/5022 5028/5028/5012
f 5040/5040/5024 5039/5039/5023 5028/5028/5012
f 5024/5024/5009 5039/5039/5023 5040/5040/5024
f 5041/5041/5025 5039/5039/5023 5024/5024/5009
f 5023/5023/5008 5041/5041/5025 5024/5024/5009
f 5042/5042/5026 5041/5041/5025 5023/5023/5008
f 5021/5021/5006 5042/5042/5026 5023/5023/5008
f 5043/5043/5027 5042/5042/5026 5021/5021/5006
f 5022/5022/5007 5043/5043/5027 5021/5021/5006
f 5044/5044/5028 5043/5043/5027 5022/5022/5007
f 5045/5045/5029 5043/5043/5027 5044/5044/5028
f 5042/5042/5026 5043/5043/5027 5045/5045/5029
f 5046/5046/5030 5042/5042/5026 5045/5045/5029
f 5041/5041/5025 5042/5042/5026 5046/5046/5030
f 5047/5047/5031 5041/5041/5025 5046/5046/5030
f 5039/5039/5023 5041/5041/5025 5047/5047/5031
f 5038/5038/5022 5039/5039/5023 5047/5047/5031
f 5048/5048/5032 5038/5038/5022 5047/5047/5031
f 5049/5049/5033 5038/5038/5022 5048/5048/5032
f 5048/5048/5032 5050/5050/5034 5051/5051/5035
f 5045/5045/5029 5050/5050/5034 5048/5048/5032
f 5046/5046/5030 5045/5045/5029 5048/5048/5032
f 5047/5047/5031 5046/5046/5030 5048/5048/5032
f 5035/5035/5019 5032/5032/5016 5027/5027/5011
f 5029/5029/5013 5035/5035/5019 5027/5027/5011
o Mesh-016_MeshData-016.001
v -0.812118 12.525835 -3.213050
v -0.594533 12.078628 -3.342426
v -0.817664 12.083561 -3.341028
v -0.589294 12.520421 -3.235198
v -0.584054 12.725610 -3.349220
v -0.806573 12.730563 -3.347424
v -0.589638 13.104364 -3.271735
v -0.812818 13.109539 -3.259617
v 0.607233 12.505701 -3.251851
v 0.787003 12.048250 -3.355212
v 0.566734 12.051785 -3.339209
v 0.785739 12.518979 -3.223351
v 0.815640 12.715286 -3.292351
v 0.597584 12.686311 -3.316580
v 0.798308 13.083782 -3.260062
v 0.587058 13.112542 -3.271885
v 1.285710 15.042943 -0.803995
v 1.778353 14.895294 -0.409049
v 1.757904 14.941516 -0.760317
v 1.212391 14.968063 -0.378154
v 1.167165 14.690714 0.041567
v 1.746922 14.662445 -0.110226
v 1.143726 14.232613 0.373778
v 1.730973 14.247509 0.087487
v 1.118555 13.538867 0.568061
v 1.611476 13.434183 0.277388
v 1.103791 13.192780 0.624135
v 1.507999 12.770129 0.341164
v 1.062884 12.760972 0.690952
v 1.375911 11.986929 0.398610
v 1.000900 12.181906 0.734779
v 1.292647 11.428997 0.311295
v 0.890838 11.404101 0.626427
v 1.289748 11.283026 0.258185
v 0.874889 11.260947 0.579339
v 0.901652 11.151061 0.482779
v 1.301623 11.162484 0.151337
v -1.757904 14.941517 -0.760317
v -1.212391 14.968064 -0.378154
v -1.285710 15.042944 -0.803995
v -1.778353 14.895295 -0.409049
v -1.167165 14.690715 0.041567
v -1.746922 14.662446 -0.110226
v -1.143726 14.232615 0.373778
v -1.730973 14.247510 0.087487
v -1.118555 13.538867 0.568061
v -1.611476 13.434183 0.277388
v -1.103791 13.192780 0.624135
v -1.062884 12.760972 0.690952
v -1.507999 12.770129 0.341164
v -1.000900 12.181906 0.734779
v -1.375911 11.986929 0.398610
v -0.890838 11.403425 0.596570
v -1.292647 11.428320 0.281437
v -0.874889 11.259927 0.534343
v -1.289748 11.282005 0.213188
v -1.301623 11.162484 0.151337
v -0.901652 11.151061 0.482779
v 1.027036 15.083944 -1.153007
v 1.071724 15.039408 -0.901679
v 1.408871 14.991827 -0.917944
v 1.366001 15.010414 -1.213115
v 1.239930 14.860836 -1.439040
v 0.828127 14.825327 -1.641214
v 1.134834 14.699720 -1.724437
v 0.586061 14.195621 -2.180804
v 0.892768 14.070012 -2.264027
v -1.026905 15.083945 -1.153007
v -1.408740 14.991828 -0.917944
v -1.071593 15.039409 -0.901679
v -1.365871 15.010415 -1.213115
v -1.239800 14.860837 -1.439040
v -0.842101 14.846012 -1.641683
v -1.134703 14.699721 -1.724437
v -0.892637 14.070012 -2.264027
v -0.585930 14.195621 -2.180804
v 1.291689 11.145749 0.151716
v 1.413952 11.167479 -0.338355
v 1.534153 11.280419 -0.236369
v 1.462477 11.447694 -0.143219
v 1.211046 11.976511 0.455735
v 1.329941 11.441349 0.186821
v 1.347802 11.236932 0.153941
v 0.907001 11.146242 0.484163
v 0.876308 11.241328 0.512515
v 0.831055 11.395832 0.632750
v 0.711809 11.663100 0.816771
v 0.823348 12.363925 0.979327
v 0.919089 12.487926 0.856148
v 0.816112 12.655863 0.976847
v 0.562652 12.925401 1.130798
v 0.221509 12.521674 1.255982
v 0.011673 12.800076 1.286911
v 0.007439 13.189333 1.229836
v -0.391999 13.181244 1.131535
v -0.298205 13.621033 1.051918
v -0.743404 13.565894 0.883190
v -0.687512 13.884726 0.829322
v -1.008423 14.070763 0.526121
v -0.928966 14.156239 0.611924
v -1.162683 14.697760 0.005989
v -1.376603 14.647793 -0.036089
v -1.208420 14.147410 0.309305
v -1.031172 13.865026 0.501657
v 0.502235 12.094767 1.075612
v 0.016726 13.414420 1.123025
v -0.806618 12.730401 -3.348410
v -0.589663 13.104571 -3.272711
v -0.812843 13.109748 -3.260595
v -0.584099 12.725449 -3.350205
v -0.812174 12.525692 -3.214039
v -0.589350 12.520290 -3.236187
v -0.594578 12.078886 -3.343391
v -0.817709 12.083819 -3.341993
v 0.597708 12.686188 -3.317564
v 0.798391 13.083880 -3.261053
v 0.587141 13.112639 -3.272876
v 0.815764 12.715164 -3.293336
v 0.607329 12.505648 -3.252844
v 0.785835 12.518916 -3.224345
v 0.787027 12.048478 -3.356185
v 0.566759 12.052011 -3.340182
v 1.290328 11.282632 0.258895
v 1.302178 11.161988 0.152004
v 0.902207 11.150565 0.483446
v 0.875469 11.260543 0.580050
v 0.891439 11.403849 0.627187
v 1.293248 11.428744 0.312055
v 1.001523 12.181794 0.735553
v 1.376533 11.986816 0.399383
v 1.063496 12.760969 0.691742
v 1.508611 12.770117 0.341954
v 1.104346 13.192848 0.624964
v 1.612021 13.434262 0.278223
v 1.119046 13.539017 0.568919
v 1.731423 14.247759 0.088345
v 1.144082 14.233012 0.374624
v 1.747204 14.663022 -0.109463
v 1.167357 14.691438 0.042230
v 1.778522 14.896165 -0.408593
v 1.212543 14.968971 -0.377786
v 1.285871 15.043917 -0.803832
v 1.758065 14.942490 -0.760154
v -0.875487 11.259604 0.535080
v -0.902261 11.150798 0.483525
v -1.302232 11.162220 0.152084
v -1.290346 11.281693 0.213925
v -1.293238 11.428018 0.282186
v -0.891430 11.403121 0.597319
v -1.376530 11.986797 0.399383
v -1.001519 12.181773 0.735553
v -1.508611 12.770117 0.341954
v -1.063496 12.760969 0.691742
v -1.612021 13.434262 0.278223
v -1.104346 13.192848 0.624964
v -1.119046 13.539017 0.568919
v -1.731423 14.247760 0.088345
v -1.144082 14.233013 0.374624
v -1.747204 14.663023 -0.109463
v -1.167357 14.691439 0.042230
v -1.778522 14.896166 -0.408593
v -1.212543 14.968972 -0.377786
v -1.758065 14.942491 -0.760154
v -1.285871 15.043919 -0.803832
v 1.134958 14.700454 -1.725097
v 0.586114 14.196263 -2.181573
v 0.892821 14.070656 -2.264796
v 0.828271 14.826094 -1.641828
v 1.240079 14.861654 -1.439585
v 1.027200 15.084899 -1.153250
v 1.366155 15.011359 -1.213405
v 1.409052 14.992800 -0.917855
v 1.071869 15.040392 -0.901532
v -0.842283 14.846779 -1.642296
v -0.892707 14.070646 -2.264804
v -0.586000 14.196253 -2.181580
v -1.134864 14.700445 -1.725107
v -1.239980 14.861655 -1.439581
v -1.027079 15.084900 -1.153244
v -1.366024 15.011360 -1.213405
v -1.408922 14.992801 -0.917855
v -1.071738 15.040392 -0.901532
v 1.535000 11.279986 -0.236058
v 1.414575 11.166712 -0.338234
v 1.292398 11.145167 0.152117
v 1.330729 11.441263 0.187432
v 1.211827 11.976384 0.456347
v 1.463396 11.447742 -0.142828
v 1.348527 11.236707 0.154590
v 0.907615 11.146019 0.484923
v 0.876897 11.241096 0.513290
v 0.831689 11.395608 0.633489
v 0.712429 11.662858 0.817517
v 0.823942 12.363823 0.980125
v 0.919877 12.487929 0.856764
v 0.816777 12.655890 0.977594
v 0.563013 12.925522 1.131723
v 0.221859 12.521635 1.256918
v 0.011760 12.800199 1.287900
v 0.007475 13.189605 1.230797
v -0.392282 13.181445 1.132473
v -0.298435 13.621313 1.052849
v -0.743950 13.566073 0.884007
v -0.688079 13.884865 0.830134
v -1.009125 14.070919 0.526817
v -0.929739 14.156333 0.612551
v -1.163338 14.698125 0.006655
v -1.377052 14.648251 -0.035323
v -1.209036 14.147659 0.310055
v -1.031937 13.865031 0.502302
v 0.016935 13.414830 1.123912
v 0.502668 12.094567 1.076490
vt 0.658700 0.868900
vt 0.648400 0.849900
vt 0.658700 0.849900
vt 0.648400 0.868900
vt 0.648400 0.885400
vt 0.658700 0.885400
vt 0.648400 0.924800
vt 0.658700 0.924800
vt 0.658700 0.869600
vt 0.648400 0.849900
vt 0.658700 0.849900
vt 0.648400 0.869600
vt 0.648400 0.885000
vt 0.658700 0.885000
vt 0.648400 0.924400
vt 0.658700 0.924400
vt 0.704600 0.608400
vt 0.732900 0.644500
vt 0.704600 0.644500
vt 0.732900 0.608400
vt 0.760300 0.608400
vt 0.760300 0.644500
vt 0.796400 0.608400
vt 0.790000 0.644500
vt 0.843300 0.608400
vt 0.844200 0.644500
vt 0.866200 0.608400
vt 0.888200 0.644500
vt 0.894500 0.608400
vt 0.942400 0.644500
vt 0.936000 0.608400
vt 0.980500 0.644500
vt 0.980500 0.608400
vt 0.990200 0.644500
vt 0.990200 0.608400
vt 0.997100 0.608400
vt 0.997100 0.644500
vt 0.704600 0.644500
vt 0.732900 0.608400
vt 0.704600 0.608400
vt 0.732900 0.644500
vt 0.760300 0.608400
vt 0.760300 0.644500
vt 0.796400 0.608400
vt 0.790000 0.644500
vt 0.843300 0.608400
vt 0.844200 0.644500
vt 0.866200 0.608400
vt 0.894500 0.608400
vt 0.888200 0.644500
vt 0.936000 0.608400
vt 0.942400 0.644500
vt 0.980500 0.608400
vt 0.980500 0.644500
vt 0.990200 0.608400
vt 0.990200 0.644500
vt 0.997100 0.644500
vt 0.997100 0.608400
vt 0.688000 0.290000
vt 0.699200 0.290000
vt 0.699200 0.267600
vt 0.685500 0.267600
vt 0.671900 0.267600
vt 0.654300 0.290000
vt 0.654300 0.267600
vt 0.609400 0.290000
vt 0.609400 0.267600
vt 0.688000 0.290000
vt 0.699200 0.267600
vt 0.699200 0.290000
vt 0.685500 0.267600
vt 0.671900 0.267600
vt 0.654300 0.290000
vt 0.654300 0.267600
vt 0.609400 0.267600
vt 0.609400 0.290000
vt 0.990700 0.674600
vt 0.999000 0.698200
vt 0.989300 0.697300
vt 0.981400 0.696500
vt 0.936500 0.692100
vt 0.971700 0.681900
vt 0.982400 0.678200
vt 0.977500 0.650400
vt 0.963900 0.650400
vt 0.956500 0.650400
vt 0.924300 0.650400
vt 0.888200 0.677500
vt 0.890100 0.687500
vt 0.872600 0.685800
vt 0.847700 0.683300
vt 0.848600 0.650400
vt 0.823200 0.650400
vt 0.806600 0.668200
vt 0.788600 0.650400
vt 0.773400 0.676000
vt 0.752000 0.650400
vt 0.741200 0.672900
vt 0.712400 0.660400
vt 0.723100 0.671100
vt 0.677700 0.666700
vt 0.676800 0.650400
vt 0.702600 0.650400
vt 0.721700 0.650400
vt 0.886200 0.650400
vt 0.798300 0.678500
vt 0.658700 0.885400
vt 0.648400 0.924800
vt 0.658700 0.924800
vt 0.648400 0.885400
vt 0.658700 0.868900
vt 0.648400 0.868900
vt 0.648400 0.849900
vt 0.658700 0.849900
vt 0.658700 0.885000
vt 0.648400 0.924400
vt 0.658700 0.924400
vt 0.648400 0.885000
vt 0.658700 0.869600
vt 0.648400 0.869600
vt 0.648400 0.849900
vt 0.658700 0.849900
vt 0.990200 0.644500
vt 0.997100 0.644500
vt 0.997100 0.608400
vt 0.990200 0.608400
vt 0.980500 0.608400
vt 0.980500 0.644500
vt 0.936000 0.608400
vt 0.942400 0.644500
vt 0.894500 0.608400
vt 0.888200 0.644500
vt 0.866200 0.608400
vt 0.844200 0.644500
vt 0.843300 0.608400
vt 0.790000 0.644500
vt 0.796400 0.608400
vt 0.760300 0.644500
vt 0.760300 0.608400
vt 0.732900 0.644500
vt 0.732900 0.608400
vt 0.704600 0.608400
vt 0.704600 0.644500
vt 0.990200 0.608400
vt 0.997100 0.608400
vt 0.997100 0.644500
vt 0.990200 0.644500
vt 0.980500 0.644500
vt 0.980500 0.608400
vt 0.942400 0.644500
vt 0.936000 0.608400
vt 0.888200 0.644500
vt 0.894500 0.608400
vt 0.844200 0.644500
vt 0.866200 0.608400
vt 0.843300 0.608400
vt 0.790000 0.644500
vt 0.796400 0.608400
vt 0.760300 0.644500
vt 0.760300 0.608400
vt 0.732900 0.644500
vt 0.732900 0.608400
vt 0.704600 0.644500
vt 0.704600 0.608400
vt 0.654300 0.267600
vt 0.609400 0.290000
vt 0.609400 0.267600
vt 0.654300 0.290000
vt 0.671900 0.267600
vt 0.688000 0.290000
vt 0.685500 0.267600
vt 0.699200 0.267600
vt 0.699200 0.290000
vt 0.654300 0.290000
vt 0.609400 0.267600
vt 0.609400 0.290000
vt 0.654300 0.267600
vt 0.671900 0.267600
vt 0.688000 0.290000
vt 0.685500 0.267600
vt 0.699200 0.267600
vt 0.699200 0.290000
vt 0.989300 0.697300
vt 0.999000 0.698200
vt 0.990700 0.674600
vt 0.971700 0.681900
vt 0.936500 0.692100
vt 0.981400 0.696500
vt 0.982400 0.678200
vt 0.977500 0.650400
vt 0.963900 0.650400
vt 0.956500 0.650400
vt 0.924300 0.650400
vt 0.888200 0.677500
vt 0.890100 0.687500
vt 0.872600 0.685800
vt 0.847700 0.683300
vt 0.848600 0.650400
vt 0.823200 0.650400
vt 0.806600 0.668200
vt 0.788600 0.650400
vt 0.773400 0.676000
vt 0.752000 0.650400
vt 0.741200 0.672900
vt 0.712400 0.660400
vt 0.723100 0.671100
vt 0.677700 0.666700
vt 0.676800 0.650400
vt 0.702600 0.650400
vt 0.721700 0.650400
vt 0.798300 0.678500
vt 0.886200 0.650400
vn -0.0672 -0.1418 -0.9876
vn -0.0260 0.2661 -0.9636
vn 0.0001 0.2780 -0.9606
vn -0.1012 -0.1333 -0.9859
vn -0.0324 -0.1743 -0.9842
vn -0.0201 -0.1801 -0.9835
vn -0.0331 0.2168 -0.9757
vn -0.0476 0.2247 -0.9733
vn 0.1242 -0.0317 -0.9917
vn -0.0203 0.2127 -0.9769
vn -0.0680 0.1944 -0.9786
vn 0.1624 -0.0706 -0.9842
vn 0.1286 -0.1027 -0.9864
vn 0.1222 -0.1289 -0.9841
vn 0.0782 0.1016 -0.9918
vn 0.0699 0.1057 -0.9919
vn 0.1579 0.9732 0.1669
vn 0.1746 0.9084 0.3800
vn 0.1983 0.9732 0.1165
vn 0.1383 0.9066 0.3987
vn 0.2052 0.6733 0.7103
vn 0.2595 0.6432 0.7204
vn 0.3768 0.3429 0.8605
vn 0.4293 0.2997 0.8520
vn 0.5023 0.1412 0.8531
vn 0.5380 0.0783 0.8393
vn 0.5691 0.0560 0.8204
vn 0.6013 -0.0089 0.7990
vn 0.6272 0.0090 0.7788
vn 0.6138 -0.1357 0.7777
vn 0.6413 -0.0904 0.7620
vn 0.6042 -0.2427 0.7590
vn 0.6045 -0.2501 0.7563
vn 0.5774 -0.4243 0.6975
vn 0.5803 -0.3729 0.7240
vn 0.5561 -0.4758 0.6814
vn 0.5533 -0.5214 0.6497
vn -0.1558 0.9756 0.1546
vn -0.1528 0.9089 0.3880
vn -0.1879 0.9613 0.2014
vn -0.1565 0.9176 0.3655
vn -0.2052 0.6733 0.7103
vn -0.2595 0.6432 0.7204
vn -0.3768 0.3429 0.8605
vn -0.4293 0.2997 0.8520
vn -0.5023 0.1412 0.8531
vn -0.5442 0.0872 0.8344
vn -0.5317 0.0912 0.8420
vn -0.6023 0.0073 0.7983
vn -0.6250 -0.0245 0.7803
vn -0.6198 -0.1102 0.7770
vn -0.6194 -0.1589 0.7688
vn -0.5933 -0.3054 0.7447
vn -0.5964 -0.3059 0.7421
vn -0.6023 -0.3128 0.7344
vn -0.5877 -0.3361 0.7360
vn -0.5966 -0.3050 0.7423
vn -0.6284 -0.2014 0.7514
vn 0.1634 0.9533 -0.2538
vn 0.1452 0.9783 0.1475
vn 0.1884 0.9790 0.0776
vn 0.1575 0.9491 -0.2729
vn 0.1524 0.8271 -0.5410
vn 0.1267 0.7516 -0.6473
vn 0.1180 0.7325 -0.6705
vn 0.0528 0.6380 -0.7682
vn -0.1742 0.9536 -0.2454
vn -0.1884 0.9790 0.0776
vn -0.1452 0.9783 0.1476
vn -0.1575 0.9491 -0.2729
vn -0.1841 0.8255 -0.5335
vn -0.1690 0.7466 -0.6435
vn -0.1643 0.7137 -0.6809
vn -0.0574 0.6269 -0.7770
vn -0.0456 0.6268 -0.7778
vn 0.6915 -0.4847 0.5356
vn 0.6231 -0.7727 0.1212
vn 0.8422 -0.4651 0.2729
vn 0.9173 0.1440 0.3711
vn 0.7158 -0.1916 0.6715
vn 0.8269 -0.0389 0.5610
vn 0.7940 -0.2554 0.5517
vn 0.6076 -0.0733 0.7909
vn 0.5788 -0.2837 0.7645
vn 0.6411 -0.2381 0.7296
vn 0.6298 -0.2432 0.7377
vn 0.6127 -0.1078 0.7830
vn 0.7882 0.0027 0.6154
vn 0.5996 0.0217 0.8000
vn 0.3528 0.0681 0.9332
vn 0.3363 -0.0121 0.9417
vn 0.1309 0.1243 0.9836
vn 0.0589 0.2685 0.9615
vn -0.2789 0.2080 0.9375
vn -0.2857 0.2569 0.9232
vn -0.4644 0.2129 0.8597
vn -0.5347 0.2053 0.8197
vn -0.7409 0.1136 0.6620
vn -0.7653 0.0690 0.6399
vn -0.3404 0.5493 0.7631
vn -0.3499 0.5296 0.7727
vn -0.6790 0.2145 0.7021
vn -0.7750 0.0106 0.6318
vn 0.4348 -0.2050 0.8769
vn 0.1577 0.4180 0.8946
vn 0.0201 0.1802 0.9834
vn 0.0331 -0.2166 0.9757
vn 0.0476 -0.2245 0.9733
vn 0.0324 0.1744 0.9841
vn 0.0672 0.1417 0.9876
vn 0.1012 0.1333 0.9859
vn 0.0261 -0.2663 0.9635
vn -0.0001 -0.2781 0.9605
vn -0.1222 0.1290 0.9841
vn -0.0781 -0.1015 0.9918
vn -0.0699 -0.1057 0.9919
vn -0.1286 0.1028 0.9864
vn -0.1242 0.0317 0.9918
vn -0.1624 0.0706 0.9842
vn 0.0203 -0.2128 0.9769
vn 0.0680 -0.1945 0.9785
vn -0.5774 0.4243 -0.6975
vn -0.5533 0.5213 -0.6497
vn -0.5561 0.4758 -0.6814
vn -0.5803 0.3729 -0.7240
vn -0.6045 0.2501 -0.7563
vn -0.6042 0.2427 -0.7590
vn -0.6413 0.0904 -0.7620
vn -0.6138 0.1357 -0.7777
vn -0.6272 -0.0090 -0.7788
vn -0.6013 0.0089 -0.7990
vn -0.5691 -0.0560 -0.8204
vn -0.5380 -0.0783 -0.8393
vn -0.5023 -0.1412 -0.8531
vn -0.4293 -0.2997 -0.8520
vn -0.3768 -0.3430 -0.8605
vn -0.2595 -0.6432 -0.7204
vn -0.2052 -0.6734 -0.7103
vn -0.1746 -0.9083 -0.3801
vn -0.1383 -0.9066 -0.3987
vn -0.1579 -0.9732 -0.1670
vn -0.1982 -0.9732 -0.1167
vn 0.6023 0.3128 -0.7344
vn 0.6284 0.2014 -0.7514
vn 0.5966 0.3050 -0.7423
vn 0.5877 0.3361 -0.7360
vn 0.5964 0.3059 -0.7421
vn 0.5933 0.3054 -0.7447
vn 0.6194 0.1589 -0.7688
vn 0.6198 0.1102 -0.7770
vn 0.6250 0.0245 -0.7803
vn 0.6023 -0.0073 -0.7983
vn 0.5442 -0.0872 -0.8344
vn 0.5317 -0.0912 -0.8420
vn 0.5023 -0.1412 -0.8531
vn 0.4293 -0.2997 -0.8520
vn 0.3768 -0.3430 -0.8605
vn 0.2595 -0.6431 -0.7204
vn 0.2052 -0.6734 -0.7103
vn 0.1566 -0.9175 -0.3656
vn 0.1528 -0.9089 -0.3879
vn 0.1558 -0.9756 -0.1547
vn 0.1879 -0.9613 -0.2014
vn -0.1180 -0.7325 0.6705
vn -0.0528 -0.6380 0.7682
vn -0.1267 -0.7516 0.6473
vn -0.1524 -0.8272 0.5409
vn -0.1634 -0.9534 0.2538
vn -0.1574 -0.9490 0.2730
vn -0.1884 -0.9790 -0.0774
vn -0.1452 -0.9784 -0.1472
vn 0.1690 -0.7466 0.6434
vn 0.0574 -0.6269 0.7770
vn 0.0456 -0.6268 0.7778
vn 0.1642 -0.7137 0.6809
vn 0.1841 -0.8256 0.5334
vn 0.1742 -0.9537 0.2454
vn 0.1574 -0.9490 0.2730
vn 0.1884 -0.9790 -0.0774
vn 0.1452 -0.9784 -0.1472
vn -0.8422 0.4649 -0.2730
vn -0.6235 0.7724 -0.1214
vn -0.6917 0.4849 -0.5352
vn -0.8269 0.0390 -0.5610
vn -0.7158 0.1915 -0.6715
vn -0.9174 -0.1431 -0.3713
vn -0.7939 0.2552 -0.5519
vn -0.6076 0.0734 -0.7909
vn -0.5788 0.2837 -0.7645
vn -0.6411 0.2381 -0.7296
vn -0.6298 0.2432 -0.7377
vn -0.6126 0.1078 -0.7830
vn -0.7881 -0.0026 -0.6155
vn -0.5996 -0.0216 -0.8000
vn -0.3528 -0.0681 -0.9332
vn -0.3364 0.0121 -0.9417
vn -0.1309 -0.1243 -0.9836
vn -0.0588 -0.2685 -0.9615
vn 0.2789 -0.2080 -0.9375
vn 0.2857 -0.2570 -0.9232
vn 0.4644 -0.2129 -0.8596
vn 0.5347 -0.2053 -0.8197
vn 0.7409 -0.1136 -0.6619
vn 0.7653 -0.0690 -0.6399
vn 0.3401 -0.5494 -0.7632
vn 0.3496 -0.5296 -0.7728
vn 0.6789 -0.2146 -0.7021
vn 0.7750 -0.0106 -0.6319
vn -0.1577 -0.4180 -0.8947
vn -0.4348 0.2050 -0.8769
usemtl Material-3b70.000
s 1
f 5052/5052/5036 5053/5053/5037 5054/5054/5038
f 5055/5055/5039 5053/5053/5037 5052/5052/5036
f 5056/5056/5040 5055/5055/5039 5052/5052/5036
f 5057/5057/5041 5056/5056/5040 5052/5052/5036
f 5058/5058/5042 5056/5056/5040 5057/5057/5041
f 5059/5059/5043 5058/5058/5042 5057/5057/5041
f 5060/5060/5044 5061/5061/5045 5062/5062/5046
f 5063/5063/5047 5061/5061/5045 5060/5060/5044
f 5064/5064/5048 5063/5063/5047 5060/5060/5044
f 5065/5065/5049 5064/5064/5048 5060/5060/5044
f 5066/5066/5050 5064/5064/5048 5065/5065/5049
f 5067/5067/5051 5066/5066/5050 5065/5065/5049
f 5068/5068/5052 5069/5069/5053 5070/5070/5054
f 5071/5071/5055 5069/5069/5053 5068/5068/5052
f 5072/5072/5056 5069/5069/5053 5071/5071/5055
f 5073/5073/5057 5069/5069/5053 5072/5072/5056
f 5074/5074/5058 5073/5073/5057 5072/5072/5056
f 5075/5075/5059 5073/5073/5057 5074/5074/5058
f 5076/5076/5060 5075/5075/5059 5074/5074/5058
f 5077/5077/5061 5075/5075/5059 5076/5076/5060
f 5078/5078/5062 5077/5077/5061 5076/5076/5060
f 5079/5079/5063 5077/5077/5061 5078/5078/5062
f 5080/5080/5064 5079/5079/5063 5078/5078/5062
f 5081/5081/5065 5079/5079/5063 5080/5080/5064
f 5082/5082/5066 5081/5081/5065 5080/5080/5064
f 5083/5083/5067 5081/5081/5065 5082/5082/5066
f 5084/5084/5068 5083/5083/5067 5082/5082/5066
f 5085/5085/5069 5083/5083/5067 5084/5084/5068
f 5086/5086/5070 5085/5085/5069 5084/5084/5068
f 5087/5087/5071 5085/5085/5069 5086/5086/5070
f 5088/5088/5072 5085/5085/5069 5087/5087/5071
f 5089/5089/5073 5090/5090/5074 5091/5091/5075
f 5092/5092/5076 5090/5090/5074 5089/5089/5073
f 5093/5093/5077 5090/5090/5074 5092/5092/5076
f 5094/5094/5078 5093/5093/5077 5092/5092/5076
f 5095/5095/5079 5093/5093/5077 5094/5094/5078
f 5096/5096/5080 5095/5095/5079 5094/5094/5078
f 5097/5097/5081 5095/5095/5079 5096/5096/5080
f 5098/5098/5082 5097/5097/5081 5096/5096/5080
f 5099/5099/5083 5097/5097/5081 5098/5098/5082
f 5100/5100/5084 5099/5099/5083 5098/5098/5082
f 5101/5101/5085 5100/5100/5084 5098/5098/5082
f 5102/5102/5086 5100/5100/5084 5101/5101/5085
f 5103/5103/5087 5102/5102/5086 5101/5101/5085
f 5104/5104/5088 5102/5102/5086 5103/5103/5087
f 5105/5105/5089 5104/5104/5088 5103/5103/5087
f 5106/5106/5090 5104/5104/5088 5105/5105/5089
f 5107/5107/5091 5106/5106/5090 5105/5105/5089
f 5108/5108/5092 5106/5106/5090 5107/5107/5091
f 5109/5109/5093 5106/5106/5090 5108/5108/5092
f 5110/5110/5094 5111/5111/5095 5112/5112/5096
f 5113/5113/5097 5110/5110/5094 5112/5112/5096
f 5114/5114/5098 5110/5110/5094 5113/5113/5097
f 5115/5115/5099 5110/5110/5094 5114/5114/5098
f 5116/5116/5100 5115/5115/5099 5114/5114/5098
f 5117/5117/5101 5115/5115/5099 5116/5116/5100
f 5118/5118/5101 5117/5117/5101 5116/5116/5100
f 5119/5119/5102 5120/5120/5103 5121/5121/5104
f 5122/5122/5105 5120/5120/5103 5119/5119/5102
f 5123/5123/5106 5122/5122/5105 5119/5119/5102
f 5124/5124/5107 5123/5123/5106 5119/5119/5102
f 5125/5125/5108 5123/5123/5106 5124/5124/5107
f 5126/5126/5109 5125/5125/5108 5124/5124/5107
f 5127/5127/5110 5126/5126/5109 5124/5124/5107
f 5128/5128/5111 5129/5129/5112 5130/5130/5113
f 5131/5131/5114 5132/5132/5115 5133/5133/5116
f 5130/5130/5113 5131/5131/5114 5133/5133/5116
f 5134/5134/5117 5130/5130/5113 5133/5133/5116
f 5128/5128/5111 5130/5130/5113 5134/5134/5117
f 5135/5135/5118 5128/5128/5111 5134/5134/5117
f 5136/5136/5119 5135/5135/5118 5134/5134/5117
f 5137/5137/5120 5136/5136/5119 5134/5134/5117
f 5133/5133/5116 5137/5137/5120 5134/5134/5117
f 5138/5138/5121 5137/5137/5120 5133/5133/5116
f 5132/5132/5115 5138/5138/5121 5133/5133/5116
f 5139/5139/5122 5138/5138/5121 5132/5132/5115
f 5140/5140/5123 5139/5139/5122 5132/5132/5115
f 5141/5141/5124 5139/5139/5122 5140/5140/5123
f 5142/5142/5125 5139/5139/5122 5141/5141/5124
f 5143/5143/5126 5139/5139/5122 5142/5142/5125
f 5144/5144/5127 5143/5143/5126 5142/5142/5125
f 5145/5145/5128 5144/5144/5127 5142/5142/5125
f 5146/5146/5129 5144/5144/5127 5145/5145/5128
f 5147/5147/5130 5146/5146/5129 5145/5145/5128
f 5148/5148/5131 5146/5146/5129 5147/5147/5130
f 5149/5149/5132 5148/5148/5131 5147/5147/5130
f 5150/5150/5133 5148/5148/5131 5149/5149/5132
f 5151/5151/5134 5150/5150/5133 5149/5149/5132
f 5152/5152/5135 5150/5150/5133 5151/5151/5134
f 5153/5153/5136 5150/5150/5133 5152/5152/5135
f 5154/5154/5137 5150/5150/5133 5153/5153/5136
f 5155/5155/5138 5150/5150/5133 5154/5154/5137
f 5148/5148/5131 5150/5150/5133 5155/5155/5138
f 5156/5156/5139 5139/5139/5122 5143/5143/5126
f 5138/5138/5121 5139/5139/5122 5156/5156/5139
f 5145/5145/5128 5157/5157/5140 5147/5147/5130
f 5142/5142/5125 5157/5157/5140 5145/5145/5128
f 5158/5158/5141 5159/5159/5142 5160/5160/5143
f 5161/5161/5144 5159/5159/5142 5158/5158/5141
f 5162/5162/5145 5161/5161/5144 5158/5158/5141
f 5163/5163/5146 5161/5161/5144 5162/5162/5145
f 5164/5164/5147 5163/5163/5146 5162/5162/5145
f 5165/5165/5148 5164/5164/5147 5162/5162/5145
f 5166/5166/5149 5167/5167/5150 5168/5168/5151
f 5169/5169/5152 5167/5167/5150 5166/5166/5149
f 5170/5170/5153 5169/5169/5152 5166/5166/5149
f 5171/5171/5154 5169/5169/5152 5170/5170/5153
f 5172/5172/5155 5171/5171/5154 5170/5170/5153
f 5173/5173/5156 5172/5172/5155 5170/5170/5153
f 5174/5174/5157 5175/5175/5158 5176/5176/5159
f 5177/5177/5160 5174/5174/5157 5176/5176/5159
f 5178/5178/5161 5174/5174/5157 5177/5177/5160
f 5179/5179/5162 5174/5174/5157 5178/5178/5161
f 5180/5180/5163 5179/5179/5162 5178/5178/5161
f 5181/5181/5164 5179/5179/5162 5180/5180/5163
f 5182/5182/5165 5181/5181/5164 5180/5180/5163
f 5183/5183/5166 5181/5181/5164 5182/5182/5165
f 5184/5184/5167 5183/5183/5166 5182/5182/5165
f 5185/5185/5168 5183/5183/5166 5184/5184/5167
f 5186/5186/5169 5185/5185/5168 5184/5184/5167
f 5187/5187/5170 5185/5185/5168 5186/5186/5169
f 5188/5188/5171 5187/5187/5170 5186/5186/5169
f 5189/5189/5172 5187/5187/5170 5188/5188/5171
f 5190/5190/5173 5189/5189/5172 5188/5188/5171
f 5191/5191/5174 5189/5189/5172 5190/5190/5173
f 5192/5192/5175 5191/5191/5174 5190/5190/5173
f 5193/5193/5176 5191/5191/5174 5192/5192/5175
f 5194/5194/5177 5191/5191/5174 5193/5193/5176
f 5195/5195/5178 5196/5196/5179 5197/5197/5180
f 5198/5198/5181 5195/5195/5178 5197/5197/5180
f 5199/5199/5182 5195/5195/5178 5198/5198/5181
f 5200/5200/5183 5195/5195/5178 5199/5199/5182
f 5201/5201/5184 5200/5200/5183 5199/5199/5182
f 5202/5202/5185 5200/5200/5183 5201/5201/5184
f 5203/5203/5186 5202/5202/5185 5201/5201/5184
f 5204/5204/5187 5202/5202/5185 5203/5203/5186
f 5205/5205/5188 5204/5204/5187 5203/5203/5186
f 5206/5206/5189 5204/5204/5187 5205/5205/5188
f 5207/5207/5190 5206/5206/5189 5205/5205/5188
f 5208/5208/5191 5207/5207/5190 5205/5205/5188
f 5209/5209/5192 5207/5207/5190 5208/5208/5191
f 5210/5210/5193 5209/5209/5192 5208/5208/5191
f 5211/5211/5194 5209/5209/5192 5210/5210/5193
f 5212/5212/5195 5211/5211/5194 5210/5210/5193
f 5213/5213/5196 5211/5211/5194 5212/5212/5195
f 5214/5214/5197 5213/5213/5196 5212/5212/5195
f 5215/5215/5198 5213/5213/5196 5214/5214/5197
f 5216/5216/5199 5217/5217/5200 5218/5218/5200
f 5219/5219/5201 5217/5217/5200 5216/5216/5199
f 5220/5220/5202 5219/5219/5201 5216/5216/5199
f 5221/5221/5203 5219/5219/5201 5220/5220/5202
f 5222/5222/5204 5221/5221/5203 5220/5220/5202
f 5223/5223/5205 5221/5221/5203 5222/5222/5204
f 5224/5224/5206 5221/5221/5203 5223/5223/5205
f 5225/5225/5207 5226/5226/5208 5227/5227/5209
f 5228/5228/5210 5226/5226/5208 5225/5225/5207
f 5229/5229/5211 5228/5228/5210 5225/5225/5207
f 5230/5230/5212 5229/5229/5211 5225/5225/5207
f 5231/5231/5213 5229/5229/5211 5230/5230/5212
f 5232/5232/5214 5231/5231/5213 5230/5230/5212
f 5233/5233/5215 5232/5232/5214 5230/5230/5212
f 5234/5234/5216 5235/5235/5217 5236/5236/5218
f 5237/5237/5219 5238/5238/5220 5239/5239/5221
f 5234/5234/5216 5237/5237/5219 5239/5239/5221
f 5240/5240/5222 5237/5237/5219 5234/5234/5216
f 5236/5236/5218 5240/5240/5222 5234/5234/5216
f 5241/5241/5223 5240/5240/5222 5236/5236/5218
f 5242/5242/5224 5240/5240/5222 5241/5241/5223
f 5243/5243/5225 5240/5240/5222 5242/5242/5224
f 5237/5237/5219 5240/5240/5222 5243/5243/5225
f 5244/5244/5226 5237/5237/5219 5243/5243/5225
f 5238/5238/5220 5237/5237/5219 5244/5244/5226
f 5245/5245/5227 5238/5238/5220 5244/5244/5226
f 5246/5246/5228 5238/5238/5220 5245/5245/5227
f 5247/5247/5229 5246/5246/5228 5245/5245/5227
f 5248/5248/5230 5247/5247/5229 5245/5245/5227
f 5249/5249/5231 5248/5248/5230 5245/5245/5227
f 5250/5250/5232 5248/5248/5230 5249/5249/5231
f 5251/5251/5233 5248/5248/5230 5250/5250/5232
f 5252/5252/5234 5251/5251/5233 5250/5250/5232
f 5253/5253/5235 5251/5251/5233 5252/5252/5234
f 5254/5254/5236 5253/5253/5235 5252/5252/5234
f 5255/5255/5237 5253/5253/5235 5254/5254/5236
f 5256/5256/5238 5255/5255/5237 5254/5254/5236
f 5257/5257/5239 5255/5255/5237 5256/5256/5238
f 5258/5258/5240 5257/5257/5239 5256/5256/5238
f 5259/5259/5241 5258/5258/5240 5256/5256/5238
f 5260/5260/5242 5259/5259/5241 5256/5256/5238
f 5261/5261/5243 5260/5260/5242 5256/5256/5238
f 5254/5254/5236 5261/5261/5243 5256/5256/5238
f 5262/5262/5244 5248/5248/5230 5251/5251/5233
f 5253/5253/5235 5262/5262/5244 5251/5251/5233
f 5263/5263/5245 5249/5249/5231 5245/5245/5227
f 5244/5244/5226 5263/5263/5245 5245/5245/5227
o Mesh-000_MeshData-000.001
v 5.224898 14.567239 -1.274974
v 5.031868 14.808597 -0.802956
v 5.392442 14.564314 -1.216877
v 5.702390 14.099743 -1.450464
v 5.676676 13.982661 -1.543234
v 4.853261 14.375041 -1.329610
v 5.300173 13.861832 -1.648136
v 4.700250 14.598579 -0.798196
v 4.853261 14.399347 -0.257198
v 5.224898 14.588873 -0.320486
v 5.300173 13.901097 0.084253
v 5.676676 14.017050 -0.026016
v 5.392442 14.583319 -0.378391
v 5.702390 14.129807 -0.123995
v 5.482584 14.558071 -0.398315
v 6.092236 14.114590 -0.190797
v 6.054395 14.458131 -0.365005
v 6.209274 13.990446 -0.129555
v 6.371129 14.412820 -0.395001
v 6.439959 14.007560 -0.203709
v 6.430388 14.373833 -0.460616
v 6.486392 14.058684 -0.266322
v 6.838396 14.418541 -0.492950
v 6.738898 14.052826 -0.299319
v 6.958847 14.378058 -0.438345
v 7.035010 13.927635 -0.241368
v 7.172264 14.061219 -0.365019
v 7.016137 14.345268 -0.498421
v 7.104903 14.357441 -0.557579
v 6.929419 14.501626 -0.795998
v 7.071286 14.462476 -0.795111
v 7.016137 14.331717 -1.096286
v 7.104903 14.346801 -1.027029
v 7.172264 14.042145 -1.206580
v 6.958847 14.361980 -1.147684
v 7.035010 13.903096 -1.324051
v 6.838396 14.404896 -1.094970
v 6.738898 14.030784 -1.271832
v 6.430388 14.358768 -1.125245
v 6.486392 14.035141 -1.305061
v 6.371129 14.394743 -1.192559
v 6.439959 13.981232 -1.365294
v 6.054395 14.438648 -1.224577
v 6.209274 13.960776 -1.438596
v 6.092236 14.087567 -1.383042
v 5.482584 14.539995 -1.195829
v 5.218896 14.823242 -0.803288
v 5.392745 14.734975 -0.801287
v 6.021826 14.654736 -0.799469
v 6.277868 14.640440 -0.799145
v 6.370014 14.541295 -0.796897
v 6.848724 14.590353 -0.798009
v -4.853260 14.399347 -0.257198
v -5.676676 14.017049 -0.026017
v -5.300173 13.901097 0.084253
v -5.224898 14.588873 -0.320486
v -4.700250 14.598579 -0.798196
v -5.031868 14.808597 -0.802956
v -4.853260 14.375041 -1.329610
v -5.224898 14.567239 -1.274974
v -5.300173 13.861832 -1.648136
v -5.676676 13.982660 -1.543234
v -5.392442 14.564314 -1.216877
v -5.702390 14.099742 -1.450464
v -5.482584 14.539994 -1.195829
v -6.092235 14.087566 -1.383042
v -6.054393 14.438647 -1.224577
v -6.209272 13.960775 -1.438596
v -6.371128 14.394742 -1.192560
v -6.439958 13.981231 -1.365293
v -6.430387 14.358768 -1.125245
v -6.486391 14.035140 -1.305061
v -6.838395 14.404895 -1.094971
v -6.738896 14.030783 -1.271832
v -6.958846 14.361979 -1.147684
v -7.035008 13.903095 -1.324051
v -7.172263 14.042144 -1.206580
v -7.016136 14.331717 -1.096286
v -7.104901 14.346800 -1.027029
v -6.929418 14.501625 -0.795998
v -7.071284 14.462475 -0.795111
v -7.016136 14.345267 -0.498422
v -7.104901 14.357440 -0.557579
v -7.172263 14.061218 -0.365020
v -6.958846 14.378057 -0.438345
v -7.035008 13.927634 -0.241369
v -6.838395 14.418540 -0.492950
v -6.738896 14.052825 -0.299319
v -6.430387 14.373832 -0.460616
v -6.486391 14.058683 -0.266323
v -6.371128 14.412819 -0.395001
v -6.439958 14.007559 -0.203709
v -6.054393 14.458130 -0.365005
v -6.209272 13.990445 -0.129555
v -6.092235 14.114589 -0.190797
v -5.702390 14.129807 -0.123995
v -5.482584 14.558070 -0.398315
v -5.392442 14.583319 -0.378391
v -5.218896 14.823242 -0.803288
v -5.392744 14.734975 -0.801287
v -6.021824 14.654735 -0.799469
v -6.277866 14.640439 -0.799145
v -6.370012 14.541294 -0.796897
v -6.848722 14.590352 -0.798009
v -0.772789 15.102838 -0.774927
v -0.550668 15.067243 -0.924754
v -0.957390 15.053061 -0.936546
v -0.609339 15.050908 -0.553175
v -0.758444 15.092912 -0.648789
v -1.581150 15.004096 -0.783090
v -1.240346 15.037825 -0.541782
v -1.260322 15.091597 -0.758067
v -1.580506 14.978400 -0.542137
v -1.684008 14.974560 -0.560685
v -1.684810 15.032213 -0.718270
v -1.747903 14.917091 -0.578019
v -1.748976 14.906347 -0.947475
v -1.677350 14.960699 -0.955939
v -1.583601 14.967737 -0.962714
v -1.259377 15.051175 -0.950554
v -0.964529 15.056390 -0.637887
v -0.942446 15.051100 -0.805113
v -0.861042 15.113086 -0.707166
v -0.937593 15.006209 -0.539363
v 1.260453 15.091596 -0.758067
v 0.957521 15.053061 -0.936546
v 0.964659 15.056390 -0.637887
v 1.259508 15.051174 -0.950554
v 1.581281 15.004095 -0.783090
v 1.583732 14.967736 -0.962714
v 1.684941 15.032212 -0.718270
v 1.677481 14.960697 -0.955939
v 1.749107 14.906346 -0.947475
v 1.748034 14.917090 -0.578019
v 1.684138 14.974559 -0.560685
v 1.580637 14.978399 -0.542137
v 1.240476 15.037824 -0.541781
v 0.937724 15.006209 -0.539363
v 0.609469 15.050908 -0.553175
v 0.758575 15.092912 -0.648789
v 0.772920 15.102838 -0.774927
v 0.861173 15.113086 -0.707166
v 0.942577 15.051100 -0.805113
v 0.550798 15.067243 -0.924754
v 5.702623 14.100296 -1.451265
v 5.224874 14.567953 -1.275674
v 5.676809 13.983182 -1.544074
v 5.392713 14.565061 -1.217483
v 5.031661 14.809576 -0.802978
v 4.853045 14.375685 -1.330338
v 5.300167 13.862301 -1.649020
v 4.699790 14.599460 -0.798216
v 4.853045 14.400023 -0.256501
v 5.224874 14.589618 -0.319819
v 5.300167 13.901606 0.085114
v 5.676809 14.017608 -0.025200
v 5.392713 14.584092 -0.377820
v 5.702623 14.130397 -0.123221
v 5.482831 14.558836 -0.397724
v 6.092289 14.115080 -0.189926
v 6.054508 14.458817 -0.364284
v 6.209376 13.990916 -0.128674
v 6.371588 14.413493 -0.394425
v 6.440408 14.008038 -0.202950
v 6.430770 14.374527 -0.460011
v 6.486780 14.059173 -0.265544
v 6.838390 14.419239 -0.492234
v 6.738891 14.053285 -0.298433
v 6.959302 14.378751 -0.437788
v 7.035149 13.928076 -0.240481
v 7.172772 14.061765 -0.364349
v 7.016655 14.345999 -0.497975
v 7.105217 14.358194 -0.557003
v 6.929983 14.502455 -0.796016
v 7.071518 14.463455 -0.795127
v 7.016659 14.332427 -1.096766
v 7.105259 14.347528 -1.027617
v 7.172781 14.042649 -1.207274
v 6.959291 14.362647 -1.148281
v 7.035149 13.903496 -1.324959
v 6.838390 14.405560 -1.095716
v 6.738891 14.031201 -1.272738
v 6.430770 14.359435 -1.125881
v 6.486780 14.035593 -1.305860
v 6.371588 14.395390 -1.193165
v 6.440408 13.981675 -1.366074
v 6.054508 14.439301 -1.225328
v 6.209376 13.961205 -1.439497
v 6.092289 14.088017 -1.383934
v 5.482831 14.540732 -1.196454
v 5.219141 14.824212 -0.803310
v 5.393026 14.735934 -0.801309
v 6.021959 14.655725 -0.799491
v 6.278336 14.641319 -0.799165
v 6.370393 14.542215 -0.796918
v 6.849014 14.591312 -0.798031
v -5.392712 14.584092 -0.377820
v -5.031660 14.809576 -0.802978
v -5.224874 14.589618 -0.319819
v -5.702623 14.130395 -0.123221
v -5.676809 14.017607 -0.025201
v -4.853044 14.400023 -0.256501
v -5.300166 13.901606 0.085114
v -4.699789 14.599460 -0.798216
v -4.853044 14.375685 -1.330338
v -5.224874 14.567953 -1.275674
v -5.300166 13.862301 -1.649020
v -5.676809 13.983181 -1.544074
v -5.392712 14.565061 -1.217483
v -5.702623 14.100294 -1.451265
v -5.482831 14.540731 -1.196454
v -6.092288 14.088017 -1.383934
v -6.054506 14.439301 -1.225328
v -6.209374 13.961205 -1.439497
v -6.371586 14.395389 -1.193165
v -6.440406 13.981674 -1.366074
v -6.430768 14.359434 -1.125881
v -6.486779 14.035592 -1.305860
v -6.838388 14.405560 -1.095716
v -6.738889 14.031200 -1.272738
v -6.959290 14.362646 -1.148281
v -7.035148 13.903495 -1.324959
v -7.172780 14.042648 -1.207274
v -7.016657 14.332426 -1.096765
v -7.105258 14.347527 -1.027617
v -6.929982 14.502454 -0.796016
v -7.071517 14.463454 -0.795127
v -7.016654 14.345998 -0.497975
v -7.105216 14.358193 -0.557003
v -7.172771 14.061764 -0.364349
v -6.959301 14.378750 -0.437788
v -7.035148 13.928075 -0.240481
v -6.838388 14.419238 -0.492234
v -6.738889 14.053284 -0.298433
v -6.430768 14.374526 -0.460011
v -6.486779 14.059172 -0.265544
v -6.371586 14.413492 -0.394425
v -6.440406 14.008037 -0.202950
v -6.054506 14.458817 -0.364284
v -6.209374 13.990915 -0.128674
v -6.092288 14.115079 -0.189926
v -5.482831 14.558835 -0.397724
v -5.219141 14.824212 -0.803310
v -5.393026 14.735934 -0.801309
v -6.021957 14.655725 -0.799491
v -6.278335 14.641318 -0.799165
v -6.370391 14.542214 -0.796918
v -6.849012 14.591311 -0.798031
v -0.772775 15.103826 -0.775003
v -0.609278 15.051855 -0.552875
v -0.758402 15.093860 -0.648483
v -0.550575 15.068231 -0.924852
v -0.957407 15.054060 -0.936625
v -1.240435 15.038790 -0.541537
v -1.581192 15.005097 -0.783093
v -1.260411 15.092588 -0.758015
v -1.580538 14.979385 -0.541944
v -1.684301 14.975474 -0.560431
v -1.685189 15.033133 -0.718326
v -1.748702 14.917675 -0.577895
v -1.749740 14.906975 -0.947607
v -1.677712 14.961594 -0.956217
v -1.583667 14.968713 -0.962945
v -1.259461 15.052160 -0.950697
v -0.964614 15.057356 -0.637636
v -0.942668 15.052066 -0.805232
v -0.861232 15.114065 -0.707145
v -0.937621 15.007129 -0.538971
v 0.957537 15.054060 -0.936625
v 1.260541 15.092587 -0.758014
v 0.964745 15.057356 -0.637636
v 1.259592 15.052160 -0.950697
v 1.581323 15.005096 -0.783093
v 1.583797 14.968712 -0.962945
v 1.685319 15.033132 -0.718326
v 1.677843 14.961593 -0.956217
v 1.749871 14.906974 -0.947607
v 1.748833 14.917674 -0.577895
v 1.684432 14.975473 -0.560431
v 1.580669 14.979384 -0.541944
v 1.240566 15.038789 -0.541537
v 0.937752 15.007129 -0.538971
v 0.609409 15.051855 -0.552875
v 0.758533 15.093860 -0.648483
v 0.772905 15.103826 -0.775003
v 0.861363 15.114065 -0.707145
v 0.942798 15.052066 -0.805232
v 0.550705 15.068231 -0.924852
vt 0.702100 0.026400
vt 0.719700 0.017600
vt 0.704600 0.032700
vt 0.688500 0.046400
vt 0.682100 0.044400
vt 0.697300 0.011200
vt 0.675800 0.029300
vt 0.719700 0.005900
vt 0.741700 0.011700
vt 0.736800 0.026400
vt 0.763200 0.029800
vt 0.756800 0.044400
vt 0.734400 0.032700
vt 0.750500 0.046900
vt 0.733900 0.036600
vt 0.748000 0.061500
vt 0.735400 0.058600
vt 0.751500 0.067400
vt 0.733900 0.071300
vt 0.748000 0.076200
vt 0.732400 0.074200
vt 0.745100 0.077100
vt 0.731000 0.089800
vt 0.744100 0.086900
vt 0.732400 0.095200
vt 0.747600 0.099600
vt 0.740200 0.104500
vt 0.730000 0.098100
vt 0.728000 0.101600
vt 0.719200 0.094700
vt 0.719200 0.100100
vt 0.708500 0.098100
vt 0.710400 0.101600
vt 0.698200 0.104500
vt 0.706100 0.095200
vt 0.690900 0.099600
vt 0.708000 0.089800
vt 0.694300 0.086900
vt 0.706500 0.073700
vt 0.693400 0.076700
vt 0.705100 0.070800
vt 0.690900 0.076200
vt 0.703600 0.058600
vt 0.687500 0.067400
vt 0.690900 0.061500
vt 0.705100 0.036100
vt 0.719700 0.024400
vt 0.719700 0.032200
vt 0.719200 0.056600
vt 0.719200 0.066400
vt 0.719200 0.071800
vt 0.719200 0.090300
vt 0.741700 0.011700
vt 0.756800 0.044400
vt 0.763200 0.029800
vt 0.736800 0.026400
vt 0.719700 0.005900
vt 0.719700 0.017600
vt 0.697300 0.011200
vt 0.702100 0.026400
vt 0.675800 0.029300
vt 0.682100 0.044400
vt 0.704600 0.032700
vt 0.688500 0.046400
vt 0.705100 0.036100
vt 0.690900 0.061500
vt 0.703600 0.058600
vt 0.687500 0.067400
vt 0.705100 0.070800
vt 0.690900 0.076200
vt 0.706500 0.073700
vt 0.693400 0.076700
vt 0.708000 0.089800
vt 0.694300 0.086900
vt 0.706100 0.095200
vt 0.690900 0.099600
vt 0.698200 0.104500
vt 0.708500 0.098100
vt 0.710400 0.101600
vt 0.719200 0.094700
vt 0.719200 0.100100
vt 0.730000 0.098100
vt 0.728000 0.101600
vt 0.740200 0.104500
vt 0.732400 0.095200
vt 0.747600 0.099600
vt 0.731000 0.089800
vt 0.744100 0.086900
vt 0.732400 0.074200
vt 0.745100 0.077100
vt 0.733900 0.071300
vt 0.748000 0.076200
vt 0.735400 0.058600
vt 0.751500 0.067400
vt 0.748000 0.061500
vt 0.750500 0.046900
vt 0.733900 0.036600
vt 0.734400 0.032700
vt 0.719700 0.024400
vt 0.719700 0.032200
vt 0.719200 0.056600
vt 0.719200 0.066400
vt 0.719200 0.071800
vt 0.719200 0.090300
vt 0.983400 0.067400
vt 0.996100 0.081500
vt 0.996100 0.052200
vt 0.959000 0.081500
vt 0.970200 0.068400
vt 0.973600 0.025400
vt 0.958500 0.039100
vt 0.971700 0.039600
vt 0.958500 0.024900
vt 0.958500 0.014600
vt 0.976100 0.014600
vt 0.958500 0.006300
vt 0.996100 0.006300
vt 0.996100 0.015600
vt 0.996100 0.025400
vt 0.996100 0.039100
vt 0.970200 0.052200
vt 0.984400 0.054700
vt 0.976600 0.060100
vt 0.958500 0.052200
vt 0.971700 0.039600
vt 0.996100 0.052200
vt 0.970200 0.052200
vt 0.996100 0.039100
vt 0.973600 0.025400
vt 0.996100 0.025400
vt 0.976100 0.014600
vt 0.996100 0.015600
vt 0.996100 0.006300
vt 0.958500 0.006300
vt 0.958500 0.014600
vt 0.958500 0.024900
vt 0.958500 0.039100
vt 0.958500 0.052200
vt 0.959000 0.081500
vt 0.970200 0.068400
vt 0.983400 0.067400
vt 0.976600 0.060100
vt 0.984400 0.054700
vt 0.996100 0.081500
vt 0.688500 0.046400
vt 0.702100 0.026400
vt 0.682100 0.044400
vt 0.704600 0.032700
vt 0.719700 0.017600
vt 0.697300 0.011200
vt 0.675800 0.029300
vt 0.719700 0.005900
vt 0.741700 0.011700
vt 0.736800 0.026400
vt 0.763200 0.029800
vt 0.756800 0.044400
vt 0.734400 0.032700
vt 0.750500 0.046900
vt 0.733900 0.036600
vt 0.748000 0.061500
vt 0.735400 0.058600
vt 0.751500 0.067400
vt 0.733900 0.071300
vt 0.748000 0.076200
vt 0.732400 0.074200
vt 0.745100 0.077100
vt 0.731000 0.089800
vt 0.744100 0.086900
vt 0.732400 0.095200
vt 0.747600 0.099600
vt 0.740200 0.104500
vt 0.730000 0.098100
vt 0.728000 0.101600
vt 0.719200 0.094700
vt 0.719200 0.100100
vt 0.708500 0.098100
vt 0.710400 0.101600
vt 0.698200 0.104500
vt 0.706100 0.095200
vt 0.690900 0.099600
vt 0.708000 0.089800
vt 0.694300 0.086900
vt 0.706500 0.073700
vt 0.693400 0.076700
vt 0.705100 0.070800
vt 0.690900 0.076200
vt 0.703600 0.058600
vt 0.687500 0.067400
vt 0.690900 0.061500
vt 0.705100 0.036100
vt 0.719700 0.024400
vt 0.719700 0.032200
vt 0.719200 0.056600
vt 0.719200 0.066400
vt 0.719200 0.071800
vt 0.719200 0.090300
vt 0.734400 0.032700
vt 0.719700 0.017600
vt 0.736800 0.026400
vt 0.750500 0.046900
vt 0.756800 0.044400
vt 0.741700 0.011700
vt 0.763200 0.029800
vt 0.719700 0.005900
vt 0.697300 0.011200
vt 0.702100 0.026400
vt 0.675800 0.029300
vt 0.682100 0.044400
vt 0.704600 0.032700
vt 0.688500 0.046400
vt 0.705100 0.036100
vt 0.690900 0.061500
vt 0.703600 0.058600
vt 0.687500 0.067400
vt 0.705100 0.070800
vt 0.690900 0.076200
vt 0.706500 0.073700
vt 0.693400 0.076700
vt 0.708000 0.089800
vt 0.694300 0.086900
vt 0.706100 0.095200
vt 0.690900 0.099600
vt 0.698200 0.104500
vt 0.708500 0.098100
vt 0.710400 0.101600
vt 0.719200 0.094700
vt 0.719200 0.100100
vt 0.730000 0.098100
vt 0.728000 0.101600
vt 0.740200 0.104500
vt 0.732400 0.095200
vt 0.747600 0.099600
vt 0.731000 0.089800
vt 0.744100 0.086900
vt 0.732400 0.074200
vt 0.745100 0.077100
vt 0.733900 0.071300
vt 0.748000 0.076200
vt 0.735400 0.058600
vt 0.751500 0.067400
vt 0.748000 0.061500
vt 0.733900 0.036600
vt 0.719700 0.024400
vt 0.719700 0.032200
vt 0.719200 0.056600
vt 0.719200 0.066400
vt 0.719200 0.071800
vt 0.719200 0.090300
vt 0.983400 0.067400
vt 0.959000 0.081500
vt 0.970200 0.068400
vt 0.996100 0.081500
vt 0.996100 0.052200
vt 0.958500 0.039100
vt 0.973600 0.025400
vt 0.971700 0.039600
vt 0.958500 0.024900
vt 0.958500 0.014600
vt 0.976100 0.014600
vt 0.958500 0.006300
vt 0.996100 0.006300
vt 0.996100 0.015600
vt 0.996100 0.025400
vt 0.996100 0.039100
vt 0.970200 0.052200
vt 0.984400 0.054700
vt 0.976600 0.060100
vt 0.958500 0.052200
vt 0.996100 0.052200
vt 0.971700 0.039600
vt 0.970200 0.052200
vt 0.996100 0.039100
vt 0.973600 0.025400
vt 0.996100 0.025400
vt 0.976100 0.014600
vt 0.996100 0.015600
vt 0.996100 0.006300
vt 0.958500 0.006300
vt 0.958500 0.014600
vt 0.958500 0.024900
vt 0.958500 0.039100
vt 0.958500 0.052200
vt 0.959000 0.081500
vt 0.970200 0.068400
vt 0.983400 0.067400
vt 0.976600 0.060100
vt 0.984400 0.054700
vt 0.996100 0.081500
vn -0.0300 0.7189 -0.6945
vn -0.3147 0.9478 -0.0523
vn 0.2672 0.7603 -0.5921
vn 0.1965 0.5313 -0.8241
vn 0.1086 0.5282 -0.8421
vn -0.2097 0.6741 -0.7082
vn 0.0514 0.5586 -0.8279
vn -0.5068 0.8606 -0.0500
vn -0.2624 0.6778 0.6868
vn -0.0130 0.7468 0.6649
vn 0.0328 0.5096 0.8598
vn 0.1571 0.5490 0.8210
vn 0.2890 0.7810 0.5537
vn 0.2170 0.5970 0.7723
vn 0.2405 0.7868 0.5685
vn 0.0433 0.4798 0.8763
vn 0.1072 0.7095 0.6965
vn 0.1710 0.4613 0.8706
vn 0.4789 0.6492 0.5909
vn 0.3404 0.4700 0.8144
vn 0.4190 0.7083 0.5682
vn 0.2768 0.5195 0.8084
vn -0.0287 0.7490 0.6619
vn 0.0411 0.4303 0.9017
vn 0.3015 0.6907 0.6573
vn 0.1566 0.4178 0.8949
vn 0.3926 0.4642 0.7940
vn 0.5440 0.7153 0.4387
vn 0.2770 0.7871 0.5511
vn 0.5860 0.8101 -0.0196
vn 0.2599 0.9651 -0.0328
vn 0.5534 0.6863 -0.4719
vn 0.2980 0.7790 -0.5517
vn 0.3945 0.4245 -0.8150
vn 0.2401 0.6358 -0.7335
vn 0.1408 0.4020 -0.9047
vn -0.0303 0.6984 -0.7150
vn 0.0465 0.4423 -0.8957
vn 0.4417 0.6823 -0.5826
vn 0.3817 0.4543 -0.8049
vn 0.4534 0.6351 -0.6254
vn 0.3108 0.4335 -0.8459
vn 0.1424 0.6970 -0.7027
vn 0.1890 0.4517 -0.8719
vn 0.0720 0.4168 -0.9062
vn 0.2446 0.7608 -0.6011
vn 0.1378 0.9893 -0.0471
vn 0.3272 0.9448 -0.0145
vn 0.1092 0.9934 -0.0364
vn 0.3583 0.9327 -0.0408
vn 0.4522 0.8917 -0.0205
vn 0.2729 0.9617 -0.0260
vn 0.2097 0.7055 0.6769
vn -0.1086 0.5658 0.8173
vn -0.0514 0.5955 0.8017
vn 0.0300 0.7496 0.6612
vn 0.5068 0.8620 0.0109
vn 0.3147 0.9492 0.0093
vn 0.2624 0.6460 -0.7168
vn 0.0130 0.7159 -0.6980
vn -0.0328 0.4701 -0.8820
vn -0.1571 0.5112 -0.8450
vn -0.2890 0.7551 -0.5885
vn -0.2170 0.5614 -0.7986
vn -0.2405 0.7602 -0.6035
vn -0.0433 0.4396 -0.8972
vn -0.1072 0.6772 -0.7279
vn -0.1710 0.4214 -0.8906
vn -0.4789 0.6217 -0.6197
vn -0.3404 0.4326 -0.8348
vn -0.4190 0.6818 -0.5997
vn -0.2768 0.4823 -0.8311
vn 0.0287 0.7183 -0.6952
vn -0.0411 0.3890 -0.9203
vn -0.2891 0.6614 -0.6921
vn -0.1566 0.3769 -0.9129
vn -0.3945 0.4245 -0.8150
vn -0.5523 0.6847 -0.4755
vn -0.3159 0.7675 -0.5579
vn -0.5874 0.8092 -0.0146
vn -0.2560 0.9667 -0.0055
vn -0.5461 0.7178 0.4319
vn -0.2494 0.8041 0.5396
vn -0.3926 0.4642 0.7940
vn -0.2529 0.6673 0.7005
vn -0.1408 0.4426 0.8856
vn 0.0303 0.7301 0.6826
vn -0.0465 0.4824 0.8747
vn -0.4417 0.7080 0.5511
vn -0.3817 0.4903 0.7835
vn -0.4534 0.6628 0.5959
vn -0.3108 0.4714 0.8253
vn -0.1424 0.7282 0.6704
vn -0.1890 0.4908 0.8505
vn -0.0720 0.4574 0.8863
vn -0.1965 0.5681 0.7992
vn -0.2446 0.7873 0.5660
vn -0.2672 0.7864 0.5570
vn -0.1378 0.9905 0.0022
vn -0.3272 0.9445 -0.0283
vn -0.1092 0.9940 -0.0086
vn -0.3583 0.9336 -0.0015
vn -0.4522 0.8917 -0.0199
vn -0.2729 0.9619 -0.0176
vn 0.0357 0.9943 -0.1007
vn 0.1084 0.9913 -0.0749
vn -0.0730 0.9959 -0.0540
vn 0.0972 0.9641 0.2472
vn 0.0553 0.9505 0.3056
vn -0.0289 0.9988 -0.0404
vn -0.0931 0.9651 0.2447
vn -0.0698 0.9976 0.0027
vn -0.1169 0.9875 0.1056
vn -0.3165 0.9208 0.2279
vn -0.2946 0.9508 0.0957
vn -0.7830 0.6050 0.1443
vn -0.7069 0.6845 -0.1780
vn -0.3608 0.8899 -0.2791
vn -0.1362 0.9630 -0.2325
vn -0.0777 0.9843 -0.1584
vn -0.0762 0.9609 0.2662
vn -0.1036 0.9935 -0.0473
vn -0.1955 0.9792 0.0550
vn -0.0183 0.8889 0.4577
vn 0.0872 0.9960 0.0213
vn 0.0304 0.9955 -0.0895
vn 0.1207 0.9410 0.3160
vn 0.1248 0.9713 -0.2027
vn 0.0297 0.9964 -0.0797
vn 0.1342 0.9637 -0.2307
vn 0.3605 0.9324 0.0267
vn 0.3608 0.8899 -0.2791
vn 0.7069 0.6845 -0.1780
vn 0.7830 0.6050 0.1443
vn 0.4006 0.8598 0.3166
vn 0.0937 0.9735 0.2088
vn 0.0270 0.9695 0.2435
vn 0.0579 0.9016 0.4287
vn -0.0972 0.9641 0.2472
vn -0.0553 0.9505 0.3056
vn -0.0357 0.9943 -0.1007
vn 0.1955 0.9792 0.0550
vn 0.1036 0.9935 -0.0473
vn -0.1084 0.9913 -0.0749
vn -0.1964 -0.5313 0.8241
vn 0.0301 -0.7189 0.6945
vn -0.1085 -0.5283 0.8421
vn -0.2671 -0.7604 0.5920
vn 0.3145 -0.9478 0.0523
vn 0.2097 -0.6742 0.7081
vn -0.0514 -0.5586 0.8278
vn 0.5068 -0.8606 0.0499
vn 0.2624 -0.6779 -0.6867
vn 0.0131 -0.7469 -0.6648
vn -0.0328 -0.5096 -0.8598
vn -0.1570 -0.5490 -0.8209
vn -0.2889 -0.7810 -0.5537
vn -0.2169 -0.5970 -0.7723
vn -0.2406 -0.7868 -0.5684
vn -0.0434 -0.4799 -0.8763
vn -0.1072 -0.7096 -0.6964
vn -0.1710 -0.4614 -0.8705
vn -0.4791 -0.6492 -0.5907
vn -0.3404 -0.4701 -0.8143
vn -0.4191 -0.7083 -0.5680
vn -0.2768 -0.5195 -0.8084
vn 0.0284 -0.7490 -0.6620
vn -0.0413 -0.4306 -0.9016
vn -0.3020 -0.6907 -0.6571
vn -0.1566 -0.4181 -0.8948
vn -0.3926 -0.4643 -0.7939
vn -0.5437 -0.7154 -0.4389
vn -0.2765 -0.7873 -0.5512
vn -0.5853 -0.8106 0.0197
vn -0.2596 -0.9652 0.0327
vn -0.5532 -0.6864 0.4721
vn -0.2977 -0.7791 0.5516
vn -0.3944 -0.4246 0.8150
vn -0.2411 -0.6360 0.7330
vn -0.1409 -0.4022 0.9047
vn 0.0300 -0.6985 0.7150
vn -0.0464 -0.4424 0.8956
vn -0.4418 -0.6823 0.5825
vn -0.3817 -0.4544 0.8049
vn -0.4536 -0.6352 0.6252
vn -0.3108 -0.4336 0.8458
vn -0.1424 -0.6971 0.7027
vn -0.1890 -0.4518 0.8719
vn -0.0721 -0.4169 0.9061
vn -0.2447 -0.7609 0.6010
vn -0.1380 -0.9893 0.0470
vn -0.3272 -0.9448 0.0145
vn -0.1094 -0.9933 0.0364
vn -0.3586 -0.9326 0.0407
vn -0.4522 -0.8917 0.0205
vn -0.2726 -0.9618 0.0260
vn 0.2671 -0.7864 -0.5570
vn -0.3145 -0.9492 -0.0093
vn -0.0301 -0.7496 -0.6612
vn 0.1964 -0.5681 -0.7992
vn 0.1085 -0.5659 -0.8173
vn -0.2097 -0.7056 -0.6769
vn 0.0514 -0.5956 -0.8017
vn -0.5068 -0.8620 -0.0109
vn -0.2624 -0.6461 0.7167
vn -0.0131 -0.7160 0.6980
vn 0.0328 -0.4701 0.8820
vn 0.1570 -0.5112 0.8450
vn 0.2889 -0.7551 0.5885
vn 0.2169 -0.5614 0.7986
vn 0.2406 -0.7602 0.6035
vn 0.0434 -0.4397 0.8971
vn 0.1072 -0.6773 0.7279
vn 0.1710 -0.4215 0.8905
vn 0.4791 -0.6218 0.6195
vn 0.3404 -0.4327 0.8348
vn 0.4191 -0.6818 0.5995
vn 0.2768 -0.4824 0.8311
vn -0.0284 -0.7183 0.6952
vn 0.0413 -0.3893 0.9202
vn 0.2896 -0.6613 0.6919
vn 0.1566 -0.3771 0.9128
vn 0.3944 -0.4246 0.8150
vn 0.5520 -0.6848 0.4757
vn 0.3155 -0.7676 0.5578
vn 0.5867 -0.8097 0.0146
vn 0.2557 -0.9667 0.0056
vn 0.5458 -0.7179 -0.4321
vn 0.2489 -0.8042 -0.5397
vn 0.3926 -0.4643 -0.7939
vn 0.2540 -0.6675 -0.7000
vn 0.1408 -0.4427 -0.8855
vn -0.0300 -0.7302 -0.6826
vn 0.0464 -0.4825 -0.8747
vn 0.4418 -0.7080 -0.5510
vn 0.3817 -0.4904 -0.7835
vn 0.4536 -0.6628 -0.5957
vn 0.3108 -0.4715 -0.8253
vn 0.1424 -0.7282 -0.6704
vn 0.1890 -0.4908 -0.8505
vn 0.0721 -0.4575 -0.8863
vn 0.2446 -0.7873 -0.5659
vn 0.1380 -0.9904 -0.0022
vn 0.3272 -0.9445 0.0283
vn 0.1094 -0.9940 0.0086
vn 0.3587 -0.9335 0.0016
vn 0.4522 -0.8917 0.0199
vn 0.2726 -0.9620 0.0176
vn -0.0357 -0.9943 0.1006
vn -0.0972 -0.9641 -0.2472
vn -0.0552 -0.9505 -0.3056
vn -0.1084 -0.9913 0.0748
vn 0.0731 -0.9959 0.0539
vn 0.0931 -0.9651 -0.2446
vn 0.0295 -0.9988 0.0402
vn 0.0698 -0.9976 -0.0027
vn 0.1171 -0.9875 -0.1056
vn 0.3164 -0.9209 -0.2278
vn 0.2950 -0.9507 -0.0952
vn 0.7824 -0.6058 -0.1442
vn 0.7068 -0.6847 0.1778
vn 0.3609 -0.8899 0.2790
vn 0.1364 -0.9630 0.2324
vn 0.0777 -0.9843 0.1582
vn 0.0763 -0.9609 -0.2663
vn 0.1021 -0.9937 0.0471
vn 0.1958 -0.9791 -0.0546
vn 0.0183 -0.8890 -0.4576
vn -0.0304 -0.9955 0.0895
vn -0.0872 -0.9960 -0.0213
vn -0.1208 -0.9410 -0.3161
vn -0.1248 -0.9713 0.2025
vn -0.0304 -0.9964 0.0795
vn -0.1344 -0.9637 0.2306
vn -0.3606 -0.9323 -0.0265
vn -0.3609 -0.8899 0.2790
vn -0.7068 -0.6848 0.1778
vn -0.7824 -0.6058 -0.1442
vn -0.4002 -0.8601 -0.3163
vn -0.0939 -0.9735 -0.2086
vn -0.0270 -0.9695 -0.2434
vn -0.0579 -0.9017 -0.4285
vn 0.0972 -0.9641 -0.2472
vn 0.0552 -0.9505 -0.3056
vn 0.0357 -0.9943 0.1006
vn -0.1958 -0.9791 -0.0546
vn -0.1021 -0.9937 0.0471
vn 0.1084 -0.9913 0.0748
usemtl Material-35d0.000
s 1
f 5264/5264/5246 5265/5265/5247 5266/5266/5248
f 5267/5267/5249 5264/5264/5246 5266/5266/5248
f 5268/5268/5250 5264/5264/5246 5267/5267/5249
f 5269/5269/5251 5268/5268/5250 5270/5270/5252
f 5264/5264/5246 5268/5268/5250 5269/5269/5251
f 5271/5271/5253 5264/5264/5246 5269/5269/5251
f 5265/5265/5247 5264/5264/5246 5271/5271/5253
f 5272/5272/5254 5265/5265/5247 5271/5271/5253
f 5273/5273/5255 5265/5265/5247 5272/5272/5254
f 5274/5274/5256 5273/5273/5255 5272/5272/5254
f 5275/5275/5257 5273/5273/5255 5274/5274/5256
f 5276/5276/5258 5273/5273/5255 5275/5275/5257
f 5277/5277/5259 5276/5276/5258 5275/5275/5257
f 5278/5278/5260 5276/5276/5258 5277/5277/5259
f 5279/5279/5261 5278/5278/5260 5277/5277/5259
f 5280/5280/5262 5278/5278/5260 5279/5279/5261
f 5281/5281/5263 5280/5280/5262 5279/5279/5261
f 5282/5282/5264 5280/5280/5262 5281/5281/5263
f 5283/5283/5265 5282/5282/5264 5281/5281/5263
f 5284/5284/5266 5282/5282/5264 5283/5283/5265
f 5285/5285/5267 5284/5284/5266 5283/5283/5265
f 5286/5286/5268 5284/5284/5266 5285/5285/5267
f 5287/5287/5269 5286/5286/5268 5285/5285/5267
f 5288/5288/5270 5286/5286/5268 5287/5287/5269
f 5289/5289/5271 5288/5288/5270 5287/5287/5269
f 5290/5290/5272 5288/5288/5270 5289/5289/5271
f 5291/5291/5273 5288/5288/5270 5290/5290/5272
f 5292/5292/5274 5291/5291/5273 5290/5290/5272
f 5293/5293/5275 5291/5291/5273 5292/5292/5274
f 5294/5294/5276 5293/5293/5275 5292/5292/5274
f 5295/5295/5277 5293/5293/5275 5294/5294/5276
f 5296/5296/5278 5295/5295/5277 5294/5294/5276
f 5297/5297/5279 5295/5295/5277 5296/5296/5278
f 5298/5298/5280 5295/5295/5277 5297/5297/5279
f 5299/5299/5281 5298/5298/5280 5297/5297/5279
f 5300/5300/5282 5298/5298/5280 5299/5299/5281
f 5301/5301/5283 5300/5300/5282 5299/5299/5281
f 5302/5302/5284 5300/5300/5282 5301/5301/5283
f 5303/5303/5285 5302/5302/5284 5301/5301/5283
f 5304/5304/5286 5302/5302/5284 5303/5303/5285
f 5305/5305/5287 5304/5304/5286 5303/5303/5285
f 5306/5306/5288 5304/5304/5286 5305/5305/5287
f 5307/5307/5289 5306/5306/5288 5305/5305/5287
f 5308/5308/5290 5306/5306/5288 5307/5307/5289
f 5267/5267/5249 5306/5306/5288 5308/5308/5290
f 5309/5309/5291 5306/5306/5288 5267/5267/5249
f 5266/5266/5248 5309/5309/5291 5267/5267/5249
f 5310/5310/5292 5309/5309/5291 5266/5266/5248
f 5265/5265/5247 5310/5310/5292 5266/5266/5248
f 5273/5273/5255 5310/5310/5292 5265/5265/5247
f 5276/5276/5258 5310/5310/5292 5273/5273/5255
f 5311/5311/5293 5310/5310/5292 5276/5276/5258
f 5278/5278/5260 5311/5311/5293 5276/5276/5258
f 5312/5312/5294 5311/5311/5293 5278/5278/5260
f 5280/5280/5262 5312/5312/5294 5278/5278/5260
f 5313/5313/5295 5312/5312/5294 5280/5280/5262
f 5282/5282/5264 5313/5313/5295 5280/5280/5262
f 5314/5314/5296 5313/5313/5295 5282/5282/5264
f 5284/5284/5266 5314/5314/5296 5282/5282/5264
f 5315/5315/5297 5314/5314/5296 5284/5284/5266
f 5286/5286/5268 5315/5315/5297 5284/5284/5266
f 5288/5288/5270 5315/5315/5297 5286/5286/5268
f 5293/5293/5275 5315/5315/5297 5288/5288/5270
f 5291/5291/5273 5293/5293/5275 5288/5288/5270
f 5298/5298/5280 5293/5293/5275 5295/5295/5277
f 5315/5315/5297 5293/5293/5275 5298/5298/5280
f 5300/5300/5282 5315/5315/5297 5298/5298/5280
f 5314/5314/5296 5315/5315/5297 5300/5300/5282
f 5302/5302/5284 5314/5314/5296 5300/5300/5282
f 5313/5313/5295 5314/5314/5296 5302/5302/5284
f 5304/5304/5286 5313/5313/5295 5302/5302/5284
f 5312/5312/5294 5313/5313/5295 5304/5304/5286
f 5306/5306/5288 5312/5312/5294 5304/5304/5286
f 5311/5311/5293 5312/5312/5294 5306/5306/5288
f 5309/5309/5291 5311/5311/5293 5306/5306/5288
f 5310/5310/5292 5311/5311/5293 5309/5309/5291
f 5316/5316/5298 5317/5317/5299 5318/5318/5300
f 5319/5319/5301 5317/5317/5299 5316/5316/5298
f 5320/5320/5302 5319/5319/5301 5316/5316/5298
f 5321/5321/5303 5319/5319/5301 5320/5320/5302
f 5322/5322/5304 5321/5321/5303 5320/5320/5302
f 5323/5323/5305 5321/5321/5303 5322/5322/5304
f 5324/5324/5306 5323/5323/5305 5322/5322/5304
f 5325/5325/5307 5323/5323/5305 5324/5324/5306
f 5326/5326/5308 5323/5323/5305 5325/5325/5307
f 5327/5327/5309 5326/5326/5308 5325/5325/5307
f 5328/5328/5310 5326/5326/5308 5327/5327/5309
f 5329/5329/5311 5328/5328/5310 5327/5327/5309
f 5330/5330/5312 5328/5328/5310 5329/5329/5311
f 5331/5331/5313 5330/5330/5312 5329/5329/5311
f 5332/5332/5314 5330/5330/5312 5331/5331/5313
f 5333/5333/5315 5332/5332/5314 5331/5331/5313
f 5334/5334/5316 5332/5332/5314 5333/5333/5315
f 5335/5335/5317 5334/5334/5316 5333/5333/5315
f 5336/5336/5318 5334/5334/5316 5335/5335/5317
f 5337/5337/5319 5336/5336/5318 5335/5335/5317
f 5338/5338/5320 5336/5336/5318 5337/5337/5319
f 5339/5339/5321 5338/5338/5320 5337/5337/5319
f 5340/5340/5322 5338/5338/5320 5339/5339/5321
f 5341/5341/5323 5338/5338/5320 5340/5340/5322
f 5342/5342/5324 5341/5341/5323 5340/5340/5322
f 5343/5343/5325 5341/5341/5323 5342/5342/5324
f 5344/5344/5326 5343/5343/5325 5342/5342/5324
f 5345/5345/5327 5343/5343/5325 5344/5344/5326
f 5346/5346/5328 5345/5345/5327 5344/5344/5326
f 5347/5347/5329 5345/5345/5327 5346/5346/5328
f 5348/5348/5330 5345/5345/5327 5347/5347/5329
f 5349/5349/5331 5348/5348/5330 5347/5347/5329
f 5350/5350/5332 5348/5348/5330 5349/5349/5331
f 5351/5351/5333 5350/5350/5332 5349/5349/5331
f 5352/5352/5334 5350/5350/5332 5351/5351/5333
f 5353/5353/5335 5352/5352/5334 5351/5351/5333
f 5354/5354/5336 5352/5352/5334 5353/5353/5335
f 5355/5355/5337 5354/5354/5336 5353/5353/5335
f 5356/5356/5338 5354/5354/5336 5355/5355/5337
f 5357/5357/5339 5356/5356/5338 5355/5355/5337
f 5358/5358/5340 5356/5356/5338 5357/5357/5339
f 5359/5359/5341 5356/5356/5338 5358/5358/5340
f 5360/5360/5342 5356/5356/5338 5359/5359/5341
f 5361/5361/5343 5360/5360/5342 5359/5359/5341
f 5362/5362/5344 5360/5360/5342 5361/5361/5343
f 5321/5321/5303 5362/5362/5344 5361/5361/5343
f 5323/5323/5305 5362/5362/5344 5321/5321/5303
f 5326/5326/5308 5362/5362/5344 5323/5323/5305
f 5363/5363/5345 5362/5362/5344 5326/5326/5308
f 5328/5328/5310 5363/5363/5345 5326/5326/5308
f 5364/5364/5346 5363/5363/5345 5328/5328/5310
f 5330/5330/5312 5364/5364/5346 5328/5328/5310
f 5365/5365/5347 5364/5364/5346 5330/5330/5312
f 5332/5332/5314 5365/5365/5347 5330/5330/5312
f 5366/5366/5348 5365/5365/5347 5332/5332/5314
f 5334/5334/5316 5366/5366/5348 5332/5332/5314
f 5367/5367/5349 5366/5366/5348 5334/5334/5316
f 5336/5336/5318 5367/5367/5349 5334/5334/5316
f 5338/5338/5320 5367/5367/5349 5336/5336/5318
f 5343/5343/5325 5367/5367/5349 5338/5338/5320
f 5341/5341/5323 5343/5343/5325 5338/5338/5320
f 5348/5348/5330 5343/5343/5325 5345/5345/5327
f 5367/5367/5349 5343/5343/5325 5348/5348/5330
f 5350/5350/5332 5367/5367/5349 5348/5348/5330
f 5366/5366/5348 5367/5367/5349 5350/5350/5332
f 5352/5352/5334 5366/5366/5348 5350/5350/5332
f 5365/5365/5347 5366/5366/5348 5352/5352/5334
f 5354/5354/5336 5365/5365/5347 5352/5352/5334
f 5364/5364/5346 5365/5365/5347 5354/5354/5336
f 5356/5356/5338 5364/5364/5346 5354/5354/5336
f 5363/5363/5345 5364/5364/5346 5356/5356/5338
f 5360/5360/5342 5363/5363/5345 5356/5356/5338
f 5362/5362/5344 5363/5363/5345 5360/5360/5342
f 5319/5319/5301 5321/5321/5303 5361/5361/5343
f 5359/5359/5341 5319/5319/5301 5361/5361/5343
f 5317/5317/5299 5319/5319/5301 5359/5359/5341
f 5368/5368/5350 5369/5369/5351 5370/5370/5352
f 5371/5371/5353 5369/5369/5351 5368/5368/5350
f 5372/5372/5354 5371/5371/5353 5368/5368/5350
f 5373/5373/5355 5374/5374/5356 5375/5375/5357
f 5376/5376/5358 5374/5374/5356 5373/5373/5355
f 5377/5377/5359 5376/5376/5358 5373/5373/5355
f 5378/5378/5360 5377/5377/5359 5373/5373/5355
f 5379/5379/5361 5377/5377/5359 5378/5378/5360
f 5380/5380/5362 5379/5379/5361 5378/5378/5360
f 5381/5381/5363 5380/5380/5362 5378/5378/5360
f 5382/5382/5364 5381/5381/5363 5378/5378/5360
f 5373/5373/5355 5382/5382/5364 5378/5378/5360
f 5375/5375/5357 5382/5382/5364 5373/5373/5355
f 5383/5383/5365 5382/5382/5364 5375/5375/5357
f 5384/5384/5366 5383/5383/5365 5375/5375/5357
f 5370/5370/5352 5383/5383/5365 5384/5384/5366
f 5385/5385/5367 5370/5370/5352 5384/5384/5366
f 5368/5368/5350 5370/5370/5352 5385/5385/5367
f 5386/5386/5368 5368/5368/5350 5385/5385/5367
f 5372/5372/5354 5368/5368/5350 5386/5386/5368
f 5384/5384/5366 5372/5372/5354 5386/5386/5368
f 5371/5371/5353 5372/5372/5354 5384/5384/5366
f 5387/5387/5369 5371/5371/5353 5384/5384/5366
f 5374/5374/5356 5387/5387/5369 5384/5384/5366
f 5375/5375/5357 5374/5374/5356 5384/5384/5366
f 5384/5384/5366 5386/5386/5368 5385/5385/5367
f 5388/5388/5370 5389/5389/5371 5390/5390/5372
f 5391/5391/5373 5389/5389/5371 5388/5388/5370
f 5392/5392/5374 5391/5391/5373 5388/5388/5370
f 5393/5393/5375 5391/5391/5373 5392/5392/5374
f 5394/5394/5376 5393/5393/5375 5392/5392/5374
f 5395/5395/5377 5393/5393/5375 5394/5394/5376
f 5396/5396/5378 5395/5395/5377 5394/5394/5376
f 5397/5397/5379 5396/5396/5378 5394/5394/5376
f 5398/5398/5380 5397/5397/5379 5394/5394/5376
f 5399/5399/5381 5398/5398/5380 5394/5394/5376
f 5392/5392/5374 5399/5399/5381 5394/5394/5376
f 5388/5388/5370 5399/5399/5381 5392/5392/5374
f 5400/5400/5382 5399/5399/5381 5388/5388/5370
f 5401/5401/5383 5400/5400/5382 5388/5388/5370
f 5390/5390/5372 5401/5401/5383 5388/5388/5370
f 5402/5402/5384 5401/5401/5383 5390/5390/5372
f 5403/5403/5385 5402/5402/5384 5390/5390/5372
f 5404/5404/5386 5402/5402/5384 5403/5403/5385
f 5405/5405/5387 5404/5404/5386 5403/5403/5385
f 5406/5406/5388 5404/5404/5386 5405/5405/5387
f 5390/5390/5372 5406/5406/5388 5405/5405/5387
f 5389/5389/5371 5406/5406/5388 5390/5390/5372
f 5404/5404/5386 5406/5406/5388 5389/5389/5371
f 5407/5407/5389 5404/5404/5386 5389/5389/5371
f 5402/5402/5384 5404/5404/5386 5407/5407/5389
f 5405/5405/5387 5403/5403/5385 5390/5390/5372
f 5408/5408/5390 5409/5409/5391 5410/5410/5392
f 5411/5411/5393 5409/5409/5391 5408/5408/5390
f 5412/5412/5394 5409/5409/5391 5411/5411/5393
f 5413/5413/5395 5414/5414/5396 5410/5410/5392
f 5409/5409/5391 5413/5413/5395 5410/5410/5392
f 5415/5415/5397 5413/5413/5395 5409/5409/5391
f 5412/5412/5394 5415/5415/5397 5409/5409/5391
f 5416/5416/5398 5415/5415/5397 5412/5412/5394
f 5417/5417/5399 5416/5416/5398 5412/5412/5394
f 5418/5418/5400 5416/5416/5398 5417/5417/5399
f 5419/5419/5401 5418/5418/5400 5417/5417/5399
f 5420/5420/5402 5419/5419/5401 5417/5417/5399
f 5421/5421/5403 5419/5419/5401 5420/5420/5402
f 5422/5422/5404 5421/5421/5403 5420/5420/5402
f 5423/5423/5405 5421/5421/5403 5422/5422/5404
f 5424/5424/5406 5423/5423/5405 5422/5422/5404
f 5425/5425/5407 5423/5423/5405 5424/5424/5406
f 5426/5426/5408 5425/5425/5407 5424/5424/5406
f 5427/5427/5409 5425/5425/5407 5426/5426/5408
f 5428/5428/5410 5427/5427/5409 5426/5426/5408
f 5429/5429/5411 5427/5427/5409 5428/5428/5410
f 5430/5430/5412 5429/5429/5411 5428/5428/5410
f 5431/5431/5413 5429/5429/5411 5430/5430/5412
f 5432/5432/5414 5431/5431/5413 5430/5430/5412
f 5433/5433/5415 5431/5431/5413 5432/5432/5414
f 5434/5434/5416 5433/5433/5415 5432/5432/5414
f 5435/5435/5417 5434/5434/5416 5432/5432/5414
f 5436/5436/5418 5434/5434/5416 5435/5435/5417
f 5437/5437/5419 5436/5436/5418 5435/5435/5417
f 5438/5438/5420 5436/5436/5418 5437/5437/5419
f 5439/5439/5421 5438/5438/5420 5437/5437/5419
f 5440/5440/5422 5438/5438/5420 5439/5439/5421
f 5441/5441/5423 5440/5440/5422 5439/5439/5421
f 5442/5442/5424 5441/5441/5423 5439/5439/5421
f 5443/5443/5425 5441/5441/5423 5442/5442/5424
f 5444/5444/5426 5443/5443/5425 5442/5442/5424
f 5445/5445/5427 5443/5443/5425 5444/5444/5426
f 5446/5446/5428 5445/5445/5427 5444/5444/5426
f 5447/5447/5429 5445/5445/5427 5446/5446/5428
f 5448/5448/5430 5447/5447/5429 5446/5446/5428
f 5449/5449/5431 5447/5447/5429 5448/5448/5430
f 5450/5450/5432 5449/5449/5431 5448/5448/5430
f 5451/5451/5433 5449/5449/5431 5450/5450/5432
f 5452/5452/5434 5451/5451/5433 5450/5450/5432
f 5408/5408/5390 5452/5452/5434 5450/5450/5432
f 5453/5453/5435 5408/5408/5390 5450/5450/5432
f 5411/5411/5393 5408/5408/5390 5453/5453/5435
f 5454/5454/5436 5411/5411/5393 5453/5453/5435
f 5412/5412/5394 5411/5411/5393 5454/5454/5436
f 5417/5417/5399 5412/5412/5394 5454/5454/5436
f 5420/5420/5402 5417/5417/5399 5454/5454/5436
f 5455/5455/5437 5420/5420/5402 5454/5454/5436
f 5422/5422/5404 5420/5420/5402 5455/5455/5437
f 5456/5456/5438 5422/5422/5404 5455/5455/5437
f 5424/5424/5406 5422/5422/5404 5456/5456/5438
f 5457/5457/5439 5424/5424/5406 5456/5456/5438
f 5426/5426/5408 5424/5424/5406 5457/5457/5439
f 5458/5458/5440 5426/5426/5408 5457/5457/5439
f 5428/5428/5410 5426/5426/5408 5458/5458/5440
f 5459/5459/5441 5428/5428/5410 5458/5458/5440
f 5430/5430/5412 5428/5428/5410 5459/5459/5441
f 5432/5432/5414 5430/5430/5412 5459/5459/5441
f 5437/5437/5419 5432/5432/5414 5459/5459/5441
f 5435/5435/5417 5432/5432/5414 5437/5437/5419
f 5455/5455/5437 5454/5454/5436 5453/5453/5435
f 5450/5450/5432 5455/5455/5437 5453/5453/5435
f 5456/5456/5438 5455/5455/5437 5450/5450/5432
f 5448/5448/5430 5456/5456/5438 5450/5450/5432
f 5457/5457/5439 5456/5456/5438 5448/5448/5430
f 5446/5446/5428 5457/5457/5439 5448/5448/5430
f 5458/5458/5440 5457/5457/5439 5446/5446/5428
f 5444/5444/5426 5458/5458/5440 5446/5446/5428
f 5459/5459/5441 5458/5458/5440 5444/5444/5426
f 5442/5442/5424 5459/5459/5441 5444/5444/5426
f 5437/5437/5419 5459/5459/5441 5442/5442/5424
f 5439/5439/5421 5437/5437/5419 5442/5442/5424
f 5460/5460/5442 5461/5461/5443 5462/5462/5444
f 5463/5463/5445 5460/5460/5442 5462/5462/5444
f 5464/5464/5446 5463/5463/5445 5462/5462/5444
f 5465/5465/5447 5466/5466/5448 5464/5464/5446
f 5462/5462/5444 5465/5465/5447 5464/5464/5446
f 5467/5467/5449 5465/5465/5447 5462/5462/5444
f 5461/5461/5443 5467/5467/5449 5462/5462/5444
f 5468/5468/5450 5467/5467/5449 5461/5461/5443
f 5469/5469/5451 5468/5468/5450 5461/5461/5443
f 5470/5470/5452 5468/5468/5450 5469/5469/5451
f 5471/5471/5453 5470/5470/5452 5469/5469/5451
f 5472/5472/5454 5471/5471/5453 5469/5469/5451
f 5473/5473/5455 5471/5471/5453 5472/5472/5454
f 5474/5474/5456 5473/5473/5455 5472/5472/5454
f 5475/5475/5457 5473/5473/5455 5474/5474/5456
f 5476/5476/5458 5475/5475/5457 5474/5474/5456
f 5477/5477/5459 5475/5475/5457 5476/5476/5458
f 5478/5478/5460 5477/5477/5459 5476/5476/5458
f 5479/5479/5461 5477/5477/5459 5478/5478/5460
f 5480/5480/5462 5479/5479/5461 5478/5478/5460
f 5481/5481/5463 5479/5479/5461 5480/5480/5462
f 5482/5482/5464 5481/5481/5463 5480/5480/5462
f 5483/5483/5465 5481/5481/5463 5482/5482/5464
f 5484/5484/5466 5483/5483/5465 5482/5482/5464
f 5485/5485/5467 5483/5483/5465 5484/5484/5466
f 5486/5486/5468 5485/5485/5467 5484/5484/5466
f 5487/5487/5469 5486/5486/5468 5484/5484/5466
f 5488/5488/5470 5486/5486/5468 5487/5487/5469
f 5489/5489/5471 5488/5488/5470 5487/5487/5469
f 5490/5490/5472 5488/5488/5470 5489/5489/5471
f 5491/5491/5473 5490/5490/5472 5489/5489/5471
f 5492/5492/5474 5490/5490/5472 5491/5491/5473
f 5493/5493/5475 5492/5492/5474 5491/5491/5473
f 5494/5494/5476 5493/5493/5475 5491/5491/5473
f 5495/5495/5477 5493/5493/5475 5494/5494/5476
f 5496/5496/5478 5495/5495/5477 5494/5494/5476
f 5497/5497/5479 5495/5495/5477 5496/5496/5478
f 5498/5498/5480 5497/5497/5479 5496/5496/5478
f 5499/5499/5481 5497/5497/5479 5498/5498/5480
f 5500/5500/5482 5499/5499/5481 5498/5498/5480
f 5501/5501/5483 5499/5499/5481 5500/5500/5482
f 5502/5502/5484 5501/5501/5483 5500/5500/5482
f 5503/5503/5485 5501/5501/5483 5502/5502/5484
f 5504/5504/5486 5503/5503/5485 5502/5502/5484
f 5463/5463/5445 5504/5504/5486 5502/5502/5484
f 5505/5505/5487 5463/5463/5445 5502/5502/5484
f 5460/5460/5442 5463/5463/5445 5505/5505/5487
f 5506/5506/5488 5460/5460/5442 5505/5505/5487
f 5461/5461/5443 5460/5460/5442 5506/5506/5488
f 5469/5469/5451 5461/5461/5443 5506/5506/5488
f 5472/5472/5454 5469/5469/5451 5506/5506/5488
f 5507/5507/5489 5472/5472/5454 5506/5506/5488
f 5474/5474/5456 5472/5472/5454 5507/5507/5489
f 5508/5508/5490 5474/5474/5456 5507/5507/5489
f 5476/5476/5458 5474/5474/5456 5508/5508/5490
f 5509/5509/5491 5476/5476/5458 5508/5508/5490
f 5478/5478/5460 5476/5476/5458 5509/5509/5491
f 5510/5510/5492 5478/5478/5460 5509/5509/5491
f 5480/5480/5462 5478/5478/5460 5510/5510/5492
f 5511/5511/5493 5480/5480/5462 5510/5510/5492
f 5482/5482/5464 5480/5480/5462 5511/5511/5493
f 5484/5484/5466 5482/5482/5464 5511/5511/5493
f 5489/5489/5471 5484/5484/5466 5511/5511/5493
f 5487/5487/5469 5484/5484/5466 5489/5489/5471
f 5507/5507/5489 5506/5506/5488 5505/5505/5487
f 5502/5502/5484 5507/5507/5489 5505/5505/5487
f 5508/5508/5490 5507/5507/5489 5502/5502/5484
f 5500/5500/5482 5508/5508/5490 5502/5502/5484
f 5509/5509/5491 5508/5508/5490 5500/5500/5482
f 5498/5498/5480 5509/5509/5491 5500/5500/5482
f 5510/5510/5492 5509/5509/5491 5498/5498/5480
f 5496/5496/5478 5510/5510/5492 5498/5498/5480
f 5511/5511/5493 5510/5510/5492 5496/5496/5478
f 5494/5494/5476 5511/5511/5493 5496/5496/5478
f 5489/5489/5471 5511/5511/5493 5494/5494/5476
f 5491/5491/5473 5489/5489/5471 5494/5494/5476
f 5512/5512/5494 5513/5513/5495 5514/5514/5496
f 5515/5515/5497 5513/5513/5495 5512/5512/5494
f 5516/5516/5498 5515/5515/5497 5512/5512/5494
f 5517/5517/5499 5518/5518/5500 5519/5519/5501
f 5520/5520/5502 5518/5518/5500 5517/5517/5499
f 5521/5521/5503 5518/5518/5500 5520/5520/5502
f 5522/5522/5504 5518/5518/5500 5521/5521/5503
f 5523/5523/5505 5522/5522/5504 5521/5521/5503
f 5524/5524/5506 5522/5522/5504 5523/5523/5505
f 5525/5525/5507 5522/5522/5504 5524/5524/5506
f 5526/5526/5508 5522/5522/5504 5525/5525/5507
f 5518/5518/5500 5522/5522/5504 5526/5526/5508
f 5519/5519/5501 5518/5518/5500 5526/5526/5508
f 5527/5527/5509 5519/5519/5501 5526/5526/5508
f 5528/5528/5510 5519/5519/5501 5527/5527/5509
f 5516/5516/5498 5528/5528/5510 5527/5527/5509
f 5529/5529/5511 5528/5528/5510 5516/5516/5498
f 5512/5512/5494 5529/5529/5511 5516/5516/5498
f 5530/5530/5512 5529/5529/5511 5512/5512/5494
f 5514/5514/5496 5530/5530/5512 5512/5512/5494
f 5528/5528/5510 5530/5530/5512 5514/5514/5496
f 5513/5513/5495 5528/5528/5510 5514/5514/5496
f 5531/5531/5513 5528/5528/5510 5513/5513/5495
f 5517/5517/5499 5528/5528/5510 5531/5531/5513
f 5519/5519/5501 5528/5528/5510 5517/5517/5499
f 5530/5530/5512 5528/5528/5510 5529/5529/5511
f 5532/5532/5514 5533/5533/5515 5534/5534/5516
f 5535/5535/5517 5533/5533/5515 5532/5532/5514
f 5536/5536/5518 5533/5533/5515 5535/5535/5517
f 5537/5537/5519 5536/5536/5518 5535/5535/5517
f 5538/5538/5520 5536/5536/5518 5537/5537/5519
f 5539/5539/5521 5538/5538/5520 5537/5537/5519
f 5540/5540/5522 5538/5538/5520 5539/5539/5521
f 5541/5541/5523 5538/5538/5520 5540/5540/5522
f 5542/5542/5524 5538/5538/5520 5541/5541/5523
f 5543/5543/5525 5538/5538/5520 5542/5542/5524
f 5536/5536/5518 5538/5538/5520 5543/5543/5525
f 5533/5533/5515 5536/5536/5518 5543/5543/5525
f 5544/5544/5526 5533/5533/5515 5543/5543/5525
f 5545/5545/5527 5533/5533/5515 5544/5544/5526
f 5534/5534/5516 5533/5533/5515 5545/5545/5527
f 5546/5546/5528 5534/5534/5516 5545/5545/5527
f 5547/5547/5529 5534/5534/5516 5546/5546/5528
f 5548/5548/5530 5547/5547/5529 5546/5546/5528
f 5549/5549/5531 5547/5547/5529 5548/5548/5530
f 5550/5550/5532 5549/5549/5531 5548/5548/5530
f 5534/5534/5516 5549/5549/5531 5550/5550/5532
f 5532/5532/5514 5534/5534/5516 5550/5550/5532
f 5548/5548/5530 5532/5532/5514 5550/5550/5532
f 5551/5551/5533 5532/5532/5514 5548/5548/5530
f 5546/5546/5528 5551/5551/5533 5548/5548/5530
f 5547/5547/5529 5549/5549/5531 5534/5534/5516
o Mesh-003_MeshData-003.001
v 8.777462 14.287589 -0.794721
v 8.840895 14.222525 -0.854656
v 8.836788 14.219953 -0.914336
v 7.887339 14.292990 -0.956353
v 7.936478 14.080861 -0.913718
v 7.985402 14.080536 -0.985787
v 8.253051 14.122341 -0.918598
v 8.318106 14.298738 -0.947214
v 8.477670 14.281168 -0.956708
v 8.231505 14.308175 -0.936869
v 7.991688 14.305714 -0.933678
v 8.022624 14.100060 -0.920099
v 7.851744 14.101164 -0.711551
v 8.035661 14.102688 -0.755195
v 8.013369 14.316485 -0.728984
v 7.848724 14.308574 -0.695782
v 7.991688 14.305714 -0.933678
v 8.756907 14.281915 -0.958138
v 8.777462 14.287589 -0.794721
v 8.836788 14.219953 -0.914336
v 8.738511 14.136780 -0.933789
v 8.550935 14.274666 -0.954483
v 8.547616 14.111355 -0.941655
v 8.262605 14.126419 -0.754579
v 8.258758 14.310824 -0.736126
v 8.231505 14.308175 -0.936869
v 8.318106 14.298738 -0.947214
v 8.342376 14.297934 -0.736449
v 8.477670 14.281168 -0.956708
v 8.501900 14.291868 -0.753781
v 8.550935 14.274666 -0.954483
v 8.572845 14.278576 -0.764777
v 8.756907 14.281915 -0.958138
v 8.755575 14.143585 -0.808321
v 8.840895 14.222525 -0.854656
v 8.561062 14.118755 -0.798335
v 8.372529 14.071873 -1.260330
v 8.188249 14.233259 -1.258801
v 8.334115 14.237021 -1.290102
v 8.398998 14.219190 -1.295725
v 8.572069 14.215476 -1.320921
v 8.591221 14.107043 -1.163213
v 8.411268 14.089080 -1.115503
v 8.566449 14.091946 -1.267948
v 8.635561 14.191162 -1.273607
v 8.572069 14.215476 -1.320921
v 8.237695 14.277322 -1.072050
v 8.158186 14.280184 -1.048613
v 8.191353 14.084063 -1.058818
v 8.378622 14.273089 -1.110529
v 8.334115 14.237021 -1.290102
v 8.398998 14.219190 -1.295725
v 8.433869 14.258476 -1.123745
v 8.601398 14.244847 -1.172955
v 8.646991 14.194639 -1.217326
v 8.159231 14.068513 -1.226390
v 8.116009 14.238743 -1.241040
v 7.911108 14.247214 -1.183705
v 7.914711 14.055941 -1.176917
v 7.752016 14.220539 -1.199997
v 7.818583 14.059646 -1.169146
v 7.985402 14.080536 -0.985787
v 7.970832 14.293053 -0.990107
v 8.116009 14.238743 -1.241040
v 7.911108 14.247214 -1.183705
v 7.887339 14.292990 -0.956353
v 8.188249 14.233259 -1.258801
v 7.848724 14.308574 -0.695782
v 7.894381 14.264106 -0.486911
v 7.994596 14.309931 -0.668620
v 7.968425 14.282552 -0.469209
v 8.208658 14.300086 -0.686831
v 7.916849 14.075144 -0.483515
v 8.735541 14.216797 -0.595835
v 8.732275 14.217992 -0.543979
v 8.650422 14.117373 -0.511071
v 8.658299 14.110216 -0.631302
v 8.669173 14.265794 -0.655700
v 8.491794 14.270100 -0.670066
v 8.494361 14.078424 -0.650037
v 8.416975 14.279371 -0.671374
v 8.283203 14.287796 -0.686718
v 8.213411 14.086820 -0.666230
v 8.208658 14.300086 -0.686831
v 8.020931 14.088390 -0.678086
v 7.994596 14.309931 -0.668620
v 7.851744 14.101164 -0.711551
v 7.981331 14.100741 -0.480427
v 8.188604 14.277833 -0.478901
v 8.283203 14.287796 -0.686718
v 8.256369 14.277947 -0.485762
v 8.200830 14.093659 -0.503042
v 8.405345 14.266738 -0.475473
v 8.477934 14.080953 -0.502275
v 8.479748 14.252913 -0.472460
v 8.655203 14.268558 -0.494042
v 8.732275 14.217992 -0.543979
v 8.735541 14.216797 -0.595835
v 8.669173 14.265794 -0.655700
v 8.491794 14.270100 -0.670066
v 8.416975 14.279371 -0.671374
v 8.320500 14.152617 -1.560741
v 8.366164 14.069876 -1.571338
v 8.340722 14.038721 -1.621953
v 7.908166 14.097651 -1.518824
v 7.943950 13.970665 -1.442279
v 7.745582 14.098039 -1.442578
v 7.954564 14.086869 -1.534325
v 8.151845 13.963060 -1.515622
v 8.072499 14.078957 -1.576744
v 8.129704 14.074053 -1.595365
v 8.256351 14.067198 -1.648471
v 8.275053 13.976889 -1.585170
v 8.328114 14.029362 -1.495176
v 8.320500 14.152617 -1.560741
v 8.179574 14.167223 -1.475936
v 8.129704 14.074053 -1.595365
v 8.130595 14.187202 -1.465151
v 8.072499 14.078957 -1.576744
v 8.011177 14.199381 -1.410150
v 7.954564 14.086869 -1.534325
v 7.973975 14.204764 -1.388407
v 7.908166 14.097651 -1.518824
v 7.827857 14.227359 -1.284690
v 7.745582 14.098039 -1.442578
v 7.752016 14.220539 -1.199997
v 7.873519 14.036678 -1.236714
v 7.818583 14.059646 -1.169146
v 7.713812 13.955911 -1.362347
v 7.855463 13.954469 -1.378299
v 7.999116 14.016849 -1.346874
v 8.210120 14.016161 -1.435443
v 7.664729 14.082992 -1.402519
v 8.256351 14.067198 -1.648471
v 8.340722 14.038721 -1.621953
v 7.664729 14.082992 -1.402519
v 7.752016 14.220539 -1.199997
v 7.745582 14.098039 -1.442578
v 7.855463 13.954469 -1.378299
v 7.713812 13.955911 -1.362347
v 7.697211 14.098978 -0.478742
v 7.894381 14.264106 -0.486911
v 7.702988 14.319566 -0.509476
v 7.916849 14.075144 -0.483515
v 7.682949 14.053498 -0.643287
v 7.851744 14.101164 -0.711551
v 7.633184 14.047005 -0.862247
v 7.936478 14.080861 -0.913718
v 7.818583 14.059646 -1.169146
v 7.578562 13.962118 -1.107824
v 7.558677 13.955356 -1.302028
v 7.593113 14.092332 -1.353597
v 7.642397 14.256644 -1.186329
v 7.887339 14.292990 -0.956353
v 7.693835 14.373960 -0.921713
v 7.710741 14.393855 -0.643729
v 7.848724 14.308574 -0.695782
v 7.702988 14.319566 -0.509476
v 7.894381 14.264106 -0.486911
v 8.013369 14.316485 -0.728984
v 8.256369 14.277947 -0.485762
v 7.936478 14.080861 -0.913718
v -1.418162 12.580110 -0.003086
v -1.206067 11.976511 0.455735
v -1.213627 12.918902 0.435890
v -1.341287 12.056608 0.148893
v -1.482376 12.487626 -0.449639
v -1.423586 12.124233 -0.386961
v 0.002489 13.856487 0.981955
v -0.663704 13.899772 0.749990
v -0.824265 13.176397 0.959662
v 0.002489 13.166315 1.201964
v 0.829244 13.176397 0.959662
v 0.002489 12.312572 1.306359
v 0.823348 12.363559 0.963179
v 0.002489 11.776118 1.195759
v 0.738440 11.731647 0.743431
v 0.002489 11.235975 0.922437
v 0.685541 11.694530 0.623021
v 1.211046 11.976511 0.455735
v 1.218605 12.918902 0.435890
v 1.076756 13.416150 0.499874
v 0.999012 14.068312 0.448422
v 0.668683 13.899772 0.749990
v 0.800936 14.197600 0.754934
v 0.423683 14.007056 1.095823
v 0.424614 14.431573 0.911732
v 0.002489 14.378025 1.023602
v 0.002489 14.387630 0.341959
v -0.419635 14.431573 0.911732
v -0.240304 14.406069 0.346065
v -0.533340 14.528169 0.216221
v -0.693255 14.608843 0.553102
v -0.779305 14.743502 0.017559
v -1.146456 14.698458 -0.002441
v -0.795957 14.197600 0.754934
v -0.994034 14.068312 0.448422
v -1.071778 13.416150 0.499874
v -0.818370 12.363559 0.963179
v -0.768997 11.731647 0.743431
v -0.765801 11.694530 0.623021
v 0.002489 13.901922 1.273389
v -0.418705 14.007056 1.095823
v 0.245283 14.406069 0.346065
v 0.698234 14.608843 0.553102
v 0.538318 14.528169 0.216221
v 0.784283 14.743502 0.017559
v 1.151434 14.698457 -0.002441
v 1.346265 12.056608 0.148893
v 1.428564 12.124233 -0.386961
v 1.487354 12.487626 -0.449639
v 1.423140 12.580110 -0.003086
v -1.238274 14.953902 -0.425258
v -0.983449 15.042675 -0.782760
v -1.274515 15.023662 -0.685188
v -0.906721 14.959130 -0.396733
v -0.779305 14.743502 0.017559
v -1.146456 14.698458 -0.002441
v 0.911699 14.959129 -0.396733
v 1.279493 15.023661 -0.685188
v 0.988427 15.042674 -0.782760
v 1.243253 14.953901 -0.425258
v 1.151434 14.698457 -0.002441
v 0.784283 14.743502 0.017559
vt 0.731900 0.831500
vt 0.731900 0.831500
vt 0.731900 0.838900
vt 0.755400 0.828500
vt 0.754900 0.837200
vt 0.754900 0.839000
vt 0.749000 0.837300
vt 0.746100 0.839000
vt 0.741200 0.839000
vt 0.749500 0.839000
vt 0.752900 0.839000
vt 0.752400 0.836700
vt 0.755900 0.833300
vt 0.752400 0.833100
vt 0.754900 0.828200
vt 0.755400 0.831800
vt 0.752900 0.828200
vt 0.733900 0.839000
vt 0.731900 0.839600
vt 0.731900 0.836500
vt 0.733900 0.836500
vt 0.737800 0.839000
vt 0.739700 0.836800
vt 0.749000 0.833300
vt 0.749000 0.831700
vt 0.749500 0.828200
vt 0.746100 0.828200
vt 0.746100 0.831800
vt 0.741200 0.828200
vt 0.741200 0.831800
vt 0.737800 0.828200
vt 0.737300 0.831900
vt 0.733900 0.828200
vt 0.733400 0.834500
vt 0.731900 0.834100
vt 0.739300 0.834100
vt 0.738800 0.836300
vt 0.745100 0.839000
vt 0.739700 0.839000
vt 0.736800 0.839000
vt 0.732900 0.829200
vt 0.733400 0.833600
vt 0.738800 0.833400
vt 0.732900 0.835100
vt 0.731900 0.830400
vt 0.732900 0.834800
vt 0.745600 0.831300
vt 0.749000 0.831300
vt 0.748500 0.833300
vt 0.740700 0.831400
vt 0.739700 0.828200
vt 0.736800 0.828200
vt 0.737300 0.831800
vt 0.733400 0.831500
vt 0.732400 0.831700
vt 0.748000 0.837600
vt 0.748500 0.839000
vt 0.753400 0.839000
vt 0.754400 0.838300
vt 0.755400 0.828400
vt 0.754900 0.837600
vt 0.755900 0.833300
vt 0.753400 0.831400
vt 0.748500 0.828200
vt 0.753400 0.828200
vt 0.755400 0.831700
vt 0.745100 0.828200
vt 0.755400 0.828600
vt 0.755400 0.831900
vt 0.752900 0.829100
vt 0.752900 0.831500
vt 0.748000 0.828200
vt 0.755400 0.833000
vt 0.731900 0.836300
vt 0.731400 0.833700
vt 0.732900 0.834100
vt 0.733900 0.836700
vt 0.734400 0.838900
vt 0.738800 0.839000
vt 0.739700 0.836500
vt 0.741200 0.839000
vt 0.744600 0.839000
vt 0.749000 0.836900
vt 0.748000 0.839000
vt 0.752400 0.837300
vt 0.752900 0.839000
vt 0.754900 0.837400
vt 0.752900 0.833100
vt 0.748000 0.831700
vt 0.744600 0.828200
vt 0.744600 0.828200
vt 0.748500 0.833600
vt 0.741700 0.831800
vt 0.739700 0.834400
vt 0.739300 0.832000
vt 0.733900 0.831200
vt 0.731900 0.831800
vt 0.731400 0.828700
vt 0.733900 0.828200
vt 0.738800 0.828200
vt 0.741200 0.828200
vt 0.731400 0.833700
vt 0.732400 0.832400
vt 0.731900 0.836500
vt 0.751000 0.839000
vt 0.750000 0.837900
vt 0.754400 0.839000
vt 0.749500 0.839000
vt 0.738800 0.836100
vt 0.740200 0.839000
vt 0.736800 0.839000
vt 0.732900 0.839100
vt 0.732900 0.835900
vt 0.732900 0.834200
vt 0.731900 0.831500
vt 0.738300 0.831300
vt 0.736800 0.828200
vt 0.742200 0.830600
vt 0.740200 0.828200
vt 0.747600 0.830900
vt 0.749500 0.828200
vt 0.749000 0.831200
vt 0.751000 0.828200
vt 0.754400 0.830900
vt 0.755400 0.828900
vt 0.755400 0.831800
vt 0.752900 0.833700
vt 0.755400 0.834000
vt 0.754900 0.837900
vt 0.754900 0.837900
vt 0.749500 0.834500
vt 0.738300 0.833700
vt 0.755400 0.839000
vt 0.732900 0.828500
vt 0.731900 0.831400
vt 0.369100 0.931600
vt 0.364300 0.937500
vt 0.369100 0.931700
vt 0.366200 0.928600
vt 0.366200 0.928600
vt 0.367200 0.901200
vt 0.361300 0.899500
vt 0.366900 0.899300
vt 0.361600 0.901200
vt 0.368400 0.907300
vt 0.360600 0.908600
vt 0.369900 0.915000
vt 0.360600 0.916100
vt 0.363800 0.924300
vt 0.371300 0.921500
vt 0.373000 0.926900
vt 0.372600 0.931800
vt 0.369400 0.937800
vt 0.362500 0.941800
vt 0.368200 0.942700
vt 0.367400 0.949700
vt 0.361300 0.950100
vt 0.366900 0.958900
vt 0.361600 0.958800
vt 0.752900 0.831800
vt 0.745100 0.838600
vt 0.755900 0.833300
vt 0.349100 0.716300
vt 0.378700 0.682100
vt 0.373800 0.738500
vt 0.360400 0.688000
vt 0.324000 0.710000
vt 0.331100 0.687300
vt 0.459000 0.790300
vt 0.417500 0.797700
vt 0.410600 0.754000
vt 0.459200 0.750600
vt 0.507300 0.754600
vt 0.459500 0.703400
vt 0.508300 0.708300
vt 0.459700 0.673800
vt 0.504900 0.673100
vt 0.460000 0.644000
vt 0.505400 0.666500
vt 0.540500 0.683300
vt 0.544400 0.739700
vt 0.536100 0.770500
vt 0.526900 0.809200
vt 0.500000 0.798300
vt 0.507300 0.817300
vt 0.479500 0.809100
vt 0.485800 0.834700
vt 0.458500 0.833300
vt 0.458300 0.866000
vt 0.431400 0.834400
vt 0.432600 0.866000
vt 0.408000 0.865500
vt 0.402300 0.841400
vt 0.383100 0.865200
vt 0.365700 0.849200
vt 0.409900 0.816500
vt 0.390400 0.808300
vt 0.381800 0.769400
vt 0.410200 0.707500
vt 0.409900 0.672600
vt 0.409700 0.666300
vt 0.458700 0.802500
vt 0.438000 0.808800
vt 0.484100 0.866000
vt 0.514600 0.842200
vt 0.508800 0.866200
vt 0.533700 0.866200
vt 0.550800 0.850600
vt 0.558600 0.689200
vt 0.587900 0.689000
vt 0.594700 0.711700
vt 0.569300 0.717800
vt 0.005500 0.569600
vt 0.027200 0.595900
vt 0.005500 0.595900
vt 0.027200 0.569600
vt 0.027200 0.541300
vt 0.005500 0.541300
vt 0.027200 0.569600
vt 0.005500 0.595900
vt 0.027200 0.595900
vt 0.005500 0.569600
vt 0.005500 0.541300
vt 0.027200 0.541300
vn 0.3428 0.5537 0.7589
vn 0.9952 0.0670 -0.0714
vn 0.6769 0.7319 -0.0781
vn 0.1793 0.7356 -0.6532
vn 0.6690 -0.7314 -0.1324
vn 0.7921 0.2913 0.5364
vn -0.0105 -0.7463 -0.6655
vn -0.0971 -0.1244 -0.9875
vn -0.0437 -0.1096 -0.9930
vn -0.0651 -0.1051 -0.9923
vn 0.1159 -0.0546 -0.9918
vn 0.0935 -0.7396 -0.6665
vn 0.2132 -0.5408 0.8137
vn 0.1145 -0.7690 0.6290
vn 0.0864 0.5748 0.8137
vn 0.1228 0.5945 0.7946
vn -0.0545 0.9968 -0.0591
vn 0.3881 0.1454 -0.9101
vn 0.6455 0.7562 -0.1074
vn 0.8551 -0.2006 -0.4781
vn 0.3233 -0.7327 -0.5989
vn 0.0243 -0.0966 -0.9950
vn 0.0318 -0.7564 -0.6534
vn 0.0596 -0.7119 0.6998
vn 0.0691 0.6913 0.7193
vn 0.0544 0.9981 -0.0297
vn 0.1130 0.9935 -0.0165
vn 0.1368 0.6249 0.7686
vn 0.0833 0.9955 -0.0447
vn 0.1604 0.6530 0.7402
vn 0.0421 0.9983 -0.0392
vn 0.1445 0.6079 0.7808
vn -0.0422 0.9988 -0.0229
vn 0.3428 0.5538 0.7588
vn 0.4205 -0.6908 0.5881
vn 0.5835 -0.1638 0.7954
vn 0.0965 -0.7790 0.6195
vn -0.0393 -0.8107 -0.5841
vn -0.2055 -0.1691 -0.9640
vn -0.1767 -0.2143 -0.9607
vn -0.1432 -0.2068 -0.9679
vn -0.1453 -0.2064 -0.9676
vn 0.5691 -0.5988 0.5635
vn 0.2256 -0.6668 0.7103
vn 0.3723 -0.7980 -0.4739
vn 0.8626 0.1000 -0.4960
vn 0.3318 0.5372 -0.7754
vn 0.1868 0.7807 0.5963
vn 0.2327 0.7786 0.5828
vn 0.2306 -0.6767 0.6992
vn 0.2580 0.7923 0.5529
vn 0.0875 0.9700 -0.2269
vn 0.1130 0.9649 -0.2369
vn 0.2806 0.7481 0.6013
vn 0.5048 0.7204 0.4757
vn 0.9869 0.1048 0.1228
vn -0.1087 -0.7742 -0.6235
vn -0.2617 -0.1485 -0.9537
vn -0.0656 -0.0591 -0.9961
vn -0.0575 -0.7973 -0.6009
vn -0.0375 0.4617 -0.8862
vn -0.0874 -0.5993 -0.7958
vn 0.1956 -0.8422 0.5024
vn 0.2200 0.8076 0.5471
vn 0.0057 0.9763 -0.2162
vn -0.0827 0.9730 -0.2156
vn 0.1329 0.9175 0.3748
vn -0.0376 0.4618 -0.8862
vn -0.0304 0.9763 -0.2143
vn 0.1320 0.6934 -0.7083
vn -0.2705 0.6736 0.6879
vn -0.0174 0.9858 0.1668
vn -0.1258 0.6463 0.7526
vn 0.1063 0.9867 0.1228
vn 0.1109 -0.8007 0.5888
vn 0.8059 -0.4768 -0.3509
vn 0.7842 -0.6172 0.0636
vn 0.4548 -0.6451 0.6140
vn 0.4920 -0.6865 -0.5353
vn 0.2924 -0.1681 -0.9414
vn 0.0520 -0.1162 -0.9919
vn 0.1177 -0.7596 -0.6396
vn 0.0731 -0.0774 -0.9943
vn 0.0366 -0.0972 -0.9946
vn 0.0128 -0.7551 -0.6555
vn -0.0162 -0.0582 -0.9982
vn 0.0611 -0.7265 -0.6844
vn 0.0615 0.0499 -0.9969
vn 0.1320 0.6935 -0.7083
vn 0.1345 -0.4841 -0.8646
vn 0.1317 -0.6226 0.7714
vn 0.0855 0.6228 0.7777
vn 0.0914 0.9926 0.0803
vn 0.0167 0.6054 0.7957
vn 0.0023 -0.7449 0.6672
vn 0.0534 0.6352 0.7705
vn 0.0642 -0.7642 0.6418
vn 0.0520 0.5520 0.8322
vn 0.3386 0.6474 0.6828
vn 0.6745 0.5902 0.4435
vn 0.5672 0.8231 0.0291
vn 0.2520 0.9677 0.0052
vn 0.0528 0.9970 0.0564
vn 0.0915 0.9936 0.0661
vn 0.6617 0.4427 -0.6051
vn 0.9978 0.0513 -0.0430
vn 0.6557 -0.5673 -0.4983
vn -0.3648 -0.5539 -0.7484
vn -0.1025 -0.9390 -0.3283
vn -0.3159 -0.5689 -0.7593
vn -0.3328 -0.5718 -0.7499
vn -0.0445 -0.9810 -0.1889
vn -0.3019 -0.5982 -0.7423
vn -0.3165 -0.5943 -0.7393
vn -0.1878 -0.5916 -0.7840
vn 0.1857 -0.9215 -0.3412
vn 0.7044 -0.3324 0.6272
vn 0.4428 0.8961 0.0314
vn 0.3183 0.8972 0.3060
vn -0.1567 0.7765 -0.6103
vn 0.2637 0.9568 0.1221
vn -0.1677 0.7553 -0.6336
vn 0.2052 0.9582 0.1993
vn -0.1158 0.7751 -0.6211
vn 0.2900 0.9425 0.1661
vn -0.1407 0.7995 -0.5839
vn 0.1649 0.9732 0.1600
vn -0.3032 0.8086 -0.5043
vn 0.4202 0.8237 0.3808
vn 0.5452 -0.4091 0.7317
vn 0.7380 -0.2347 0.6326
vn 0.0730 -0.8786 0.4720
vn -0.0295 -0.9996 -0.0031
vn 0.4706 -0.4545 0.7563
vn 0.4148 -0.3885 0.8228
vn -0.2805 -0.5628 -0.7775
vn 0.0391 0.7015 -0.7116
vn 0.4073 0.4874 -0.7724
vn -0.3904 0.3686 -0.8436
vn 0.1642 0.8538 -0.4940
vn -0.3602 0.8365 -0.4129
vn -0.1087 -0.3376 -0.9350
vn -0.0541 -0.7244 -0.6873
vn -0.0804 -0.5561 0.8272
vn -0.0260 0.0803 0.9964
vn -0.0760 0.1395 0.9873
vn 0.0606 -0.6741 0.7361
vn 0.1507 -0.9885 0.0106
vn 0.1960 -0.9805 -0.0168
vn 0.2347 -0.9675 0.0941
vn 0.1247 -0.9886 0.0847
vn 0.3235 -0.9312 0.1680
vn 0.3421 -0.9202 0.1901
vn -0.1967 -0.8975 -0.3948
vn -0.5058 0.3192 -0.8014
vn 0.1754 0.8385 -0.5160
vn 0.3530 0.9011 -0.2518
vn 0.3352 0.9082 -0.2504
vn 0.5483 0.8040 0.2303
vn 0.4864 0.8631 0.1361
vn 0.4150 0.8677 0.2735
vn 0.2593 0.9546 0.1465
vn -0.0109 0.9986 -0.0514
vn 0.0563 0.9968 0.0564
vn 0.0686 -0.9963 0.0511
vn 0.7380 -0.2347 0.6327
vn -0.9530 -0.0478 0.2993
vn -0.8132 -0.1391 0.5651
vn -0.8395 0.0420 0.5418
vn -0.9479 -0.0526 0.3141
vn -0.9822 -0.1159 0.1480
vn -0.9817 -0.1358 0.1336
vn -0.0000 -0.5206 0.8538
vn -0.5850 -0.0411 0.8100
vn -0.5768 0.1586 0.8013
vn -0.0000 0.2094 0.9778
vn 0.5768 0.1586 0.8013
vn -0.0000 -0.0712 0.9975
vn 0.5961 -0.1224 0.7935
vn 0.0054 -0.3499 0.9368
vn 0.5831 -0.6491 0.4886
vn 0.0100 -0.5266 0.8500
vn 0.5279 -0.8488 0.0297
vn 0.8130 -0.1545 0.5614
vn 0.8399 0.0404 0.5412
vn 0.8350 0.1522 0.5288
vn 0.7963 0.0959 0.5972
vn 0.5850 -0.0411 0.8100
vn 0.7297 0.0929 0.6774
vn 0.4493 -0.2921 0.8443
vn 0.1778 0.7776 0.6031
vn 0.0156 0.7950 0.6064
vn 0.0000 1.0000 -0.0066
vn -0.2593 0.7709 0.5818
vn 0.2090 0.9777 0.0222
vn 0.5174 0.8521 0.0788
vn -0.0923 0.8765 0.4724
vn 0.0969 0.9688 0.2280
vn -0.5015 0.7282 0.4672
vn -0.7016 0.1203 0.7024
vn -0.7963 0.0959 0.5972
vn -0.8350 0.1522 0.5288
vn -0.5959 -0.1138 0.7949
vn -0.5876 -0.5778 0.5664
vn -0.5749 -0.7861 0.2271
vn 0.0103 -0.4663 0.8846
vn -0.4764 -0.2951 0.8282
vn -0.2416 0.9704 0.0069
vn 0.1271 0.8826 0.4527
vn -0.5064 0.8616 0.0341
vn -0.0968 0.9688 0.2280
vn 0.5015 0.7282 0.4672
vn 0.9457 -0.0417 0.3223
vn 0.9817 -0.1358 0.1336
vn 0.9822 -0.1159 0.1480
vn 0.9509 -0.0510 0.3053
vn -0.0441 0.9352 0.3513
vn -0.0089 0.9719 0.2350
vn 0.0228 0.9664 0.2562
vn -0.0468 0.9264 0.3737
vn -0.1033 0.8527 0.5122
vn -0.1316 0.8356 0.5334
vn 0.0583 0.9127 0.4044
vn 0.0126 0.9723 0.2335
vn -0.0066 0.9776 0.2103
vn 0.0472 0.9241 0.3791
vn 0.1047 0.8577 0.5034
vn 0.1324 0.8620 0.4894
usemtl Material-3670.000
s 1
f 5552/5552/5534 5553/5553/5535 5554/5554/5536
f 5555/5555/5537 5556/5556/5538 5557/5557/5539
f 5558/5558/5540 5559/5559/5541 5560/5560/5542
f 5561/5561/5543 5559/5559/5541 5558/5558/5540
f 5562/5562/5544 5561/5561/5543 5558/5558/5540
f 5563/5563/5545 5562/5562/5544 5558/5558/5540
f 5555/5555/5537 5562/5562/5544 5563/5563/5545
f 5556/5556/5538 5555/5555/5537 5563/5563/5545
f 5564/5564/5546 5556/5556/5538 5563/5563/5545
f 5565/5565/5547 5564/5564/5546 5563/5563/5545
f 5566/5566/5548 5564/5564/5546 5565/5565/5547
f 5567/5567/5549 5564/5564/5546 5566/5566/5548
f 5568/5568/5550 5567/5567/5549 5566/5566/5548
f 5555/5555/5537 5567/5567/5549 5568/5568/5550
f 5563/5563/5545 5558/5558/5540 5565/5565/5547
f 5569/5569/5551 5570/5570/5552 5571/5571/5553
f 5572/5572/5554 5569/5569/5551 5571/5571/5553
f 5573/5573/5555 5569/5569/5551 5572/5572/5554
f 5574/5574/5556 5573/5573/5555 5572/5572/5554
f 5560/5560/5542 5573/5573/5555 5574/5574/5556
f 5558/5558/5540 5560/5560/5542 5574/5574/5556
f 5575/5575/5557 5558/5558/5540 5574/5574/5556
f 5565/5565/5547 5558/5558/5540 5575/5575/5557
f 5576/5576/5558 5565/5565/5547 5575/5575/5557
f 5566/5566/5548 5565/5565/5547 5576/5576/5558
f 5577/5577/5559 5566/5566/5548 5576/5576/5558
f 5578/5578/5560 5577/5577/5559 5576/5576/5558
f 5579/5579/5561 5578/5578/5560 5576/5576/5558
f 5580/5580/5562 5578/5578/5560 5579/5579/5561
f 5581/5581/5563 5580/5580/5562 5579/5579/5561
f 5582/5582/5564 5580/5580/5562 5581/5581/5563
f 5583/5583/5565 5582/5582/5564 5581/5581/5563
f 5584/5584/5566 5582/5582/5564 5583/5583/5565
f 5552/5552/5567 5584/5584/5566 5583/5583/5565
f 5585/5585/5568 5552/5552/5567 5583/5583/5565
f 5586/5586/5569 5552/5552/5567 5585/5585/5568
f 5585/5585/5568 5571/5571/5553 5553/5553/5535
f 5572/5572/5554 5571/5571/5553 5585/5585/5568
f 5587/5587/5570 5572/5572/5554 5585/5585/5568
f 5583/5583/5565 5587/5587/5570 5585/5585/5568
f 5581/5581/5563 5587/5587/5570 5583/5583/5565
f 5579/5579/5561 5587/5587/5570 5581/5581/5563
f 5575/5575/5557 5587/5587/5570 5579/5579/5561
f 5576/5576/5558 5575/5575/5557 5579/5579/5561
f 5587/5587/5570 5575/5575/5557 5574/5574/5556
f 5572/5572/5554 5587/5587/5570 5574/5574/5556
f 5588/5588/5571 5589/5589/5572 5590/5590/5573
f 5591/5591/5574 5588/5588/5571 5590/5590/5573
f 5592/5592/5575 5588/5588/5571 5591/5591/5574
f 5593/5593/5576 5594/5594/5577 5588/5588/5571
f 5595/5595/5578 5593/5593/5576 5588/5588/5571
f 5596/5596/5579 5593/5593/5576 5595/5595/5578
f 5597/5597/5580 5596/5596/5579 5595/5595/5578
f 5588/5588/5571 5597/5597/5580 5595/5595/5578
f 5598/5598/5581 5599/5599/5582 5600/5600/5583
f 5601/5601/5584 5598/5598/5581 5600/5600/5583
f 5602/5602/5585 5598/5598/5581 5601/5601/5584
f 5603/5603/5586 5602/5602/5585 5601/5601/5584
f 5604/5604/5587 5603/5603/5586 5601/5601/5584
f 5597/5597/5580 5603/5603/5586 5604/5604/5587
f 5605/5605/5588 5597/5597/5580 5604/5604/5587
f 5596/5596/5579 5597/5597/5580 5605/5605/5588
f 5606/5606/5589 5596/5596/5579 5605/5605/5588
f 5593/5593/5576 5596/5596/5579 5606/5606/5589
f 5605/5605/5588 5593/5593/5576 5606/5606/5589
f 5604/5604/5587 5593/5593/5576 5605/5605/5588
f 5594/5594/5577 5593/5593/5576 5604/5604/5587
f 5601/5601/5584 5594/5594/5577 5604/5604/5587
f 5600/5600/5583 5594/5594/5577 5601/5601/5584
f 5588/5588/5571 5594/5594/5577 5600/5600/5583
f 5607/5607/5590 5588/5588/5571 5600/5600/5583
f 5589/5589/5572 5588/5588/5571 5607/5607/5590
f 5608/5608/5591 5589/5589/5572 5607/5607/5590
f 5609/5609/5592 5608/5608/5591 5607/5607/5590
f 5610/5610/5593 5609/5609/5592 5607/5607/5590
f 5611/5611/5594 5609/5609/5592 5610/5610/5593
f 5612/5612/5595 5611/5611/5594 5610/5610/5593
f 5613/5613/5596 5612/5612/5595 5610/5610/5593
f 5600/5600/5583 5613/5613/5596 5610/5610/5593
f 5599/5599/5582 5613/5613/5596 5600/5600/5583
f 5614/5614/5597 5613/5613/5596 5599/5599/5582
f 5615/5615/5598 5614/5614/5597 5599/5599/5582
f 5616/5616/5599 5614/5614/5597 5615/5615/5598
f 5617/5617/5600 5614/5614/5597 5616/5616/5599
f 5611/5611/5601 5617/5617/5600 5616/5616/5599
f 5614/5614/5597 5617/5617/5600 5613/5613/5596
f 5607/5607/5590 5600/5600/5583 5610/5610/5593
f 5618/5618/5602 5598/5598/5581 5602/5602/5585
f 5599/5599/5582 5598/5598/5581 5618/5618/5602
f 5615/5615/5598 5599/5599/5582 5618/5618/5602
f 5619/5619/5603 5620/5620/5604 5621/5621/5605
f 5622/5622/5606 5623/5623/5607 5621/5621/5605
f 5620/5620/5604 5622/5622/5606 5621/5621/5605
f 5624/5624/5608 5622/5622/5606 5620/5620/5604
f 5625/5625/5609 5626/5626/5610 5627/5627/5611
f 5628/5628/5612 5625/5625/5609 5627/5627/5611
f 5629/5629/5613 5625/5625/5609 5628/5628/5612
f 5630/5630/5614 5629/5629/5613 5628/5628/5612
f 5631/5631/5615 5630/5630/5614 5628/5628/5612
f 5632/5632/5616 5630/5630/5614 5631/5631/5615
f 5633/5633/5617 5632/5632/5616 5631/5631/5615
f 5634/5634/5618 5633/5633/5617 5631/5631/5615
f 5635/5635/5619 5633/5633/5617 5634/5634/5618
f 5636/5636/5620 5635/5635/5619 5634/5634/5618
f 5637/5637/5621 5635/5635/5619 5636/5636/5620
f 5619/5619/5622 5637/5637/5621 5636/5636/5620
f 5638/5638/5623 5619/5619/5622 5636/5636/5620
f 5624/5624/5608 5638/5638/5623 5636/5636/5620
f 5639/5639/5624 5624/5624/5608 5636/5636/5620
f 5622/5622/5606 5624/5624/5608 5639/5639/5624
f 5640/5640/5625 5622/5622/5606 5639/5639/5624
f 5623/5623/5607 5622/5622/5606 5640/5640/5625
f 5641/5641/5626 5623/5623/5607 5640/5640/5625
f 5642/5642/5627 5641/5641/5626 5640/5640/5625
f 5643/5643/5628 5642/5642/5627 5640/5640/5625
f 5644/5644/5629 5642/5642/5627 5643/5643/5628
f 5645/5645/5630 5644/5644/5629 5643/5643/5628
f 5646/5646/5631 5644/5644/5629 5645/5645/5630
f 5627/5627/5611 5646/5646/5631 5645/5645/5630
f 5647/5647/5632 5646/5646/5631 5627/5627/5611
f 5648/5648/5633 5647/5647/5632 5627/5627/5611
f 5649/5649/5634 5647/5647/5632 5648/5648/5633
f 5650/5650/5635 5647/5647/5632 5649/5649/5634
f 5651/5651/5636 5647/5647/5632 5650/5650/5635
f 5646/5646/5631 5647/5647/5632 5651/5651/5636
f 5644/5644/5629 5646/5646/5631 5651/5651/5636
f 5652/5652/5637 5644/5644/5629 5651/5651/5636
f 5642/5642/5627 5644/5644/5629 5652/5652/5637
f 5640/5640/5625 5639/5639/5624 5643/5643/5628
f 5634/5634/5618 5639/5639/5624 5636/5636/5620
f 5643/5643/5628 5639/5639/5624 5634/5634/5618
f 5645/5645/5630 5643/5643/5628 5634/5634/5618
f 5631/5631/5615 5645/5645/5630 5634/5634/5618
f 5628/5628/5612 5645/5645/5630 5631/5631/5615
f 5627/5627/5611 5645/5645/5630 5628/5628/5612
f 5653/5653/5638 5654/5654/5639 5655/5655/5640
f 5656/5656/5641 5657/5657/5642 5658/5658/5643
f 5659/5659/5644 5657/5657/5642 5656/5656/5641
f 5660/5660/5645 5657/5657/5642 5659/5659/5644
f 5661/5661/5646 5660/5660/5645 5659/5659/5644
f 5662/5662/5647 5660/5660/5645 5661/5661/5646
f 5663/5663/5648 5660/5660/5645 5662/5662/5647
f 5664/5664/5649 5660/5660/5645 5663/5663/5648
f 5655/5655/5640 5664/5664/5649 5663/5663/5648
f 5665/5665/5650 5664/5664/5649 5655/5655/5640
f 5654/5654/5639 5665/5665/5650 5655/5655/5640
f 5666/5666/5651 5665/5665/5650 5654/5654/5639
f 5667/5667/5652 5665/5665/5650 5666/5666/5651
f 5668/5668/5653 5667/5667/5652 5666/5666/5651
f 5669/5669/5654 5667/5667/5652 5668/5668/5653
f 5670/5670/5655 5669/5669/5654 5668/5668/5653
f 5671/5671/5656 5669/5669/5654 5670/5670/5655
f 5672/5672/5657 5671/5671/5656 5670/5670/5655
f 5673/5673/5658 5671/5671/5656 5672/5672/5657
f 5674/5674/5659 5673/5673/5658 5672/5672/5657
f 5675/5675/5660 5673/5673/5658 5674/5674/5659
f 5676/5676/5661 5675/5675/5660 5674/5674/5659
f 5677/5677/5662 5675/5675/5660 5676/5676/5661
f 5678/5678/5663 5675/5675/5660 5677/5677/5662
f 5679/5679/5664 5678/5678/5663 5677/5677/5662
f 5680/5680/5665 5678/5678/5663 5679/5679/5664
f 5681/5681/5666 5678/5678/5663 5680/5680/5665
f 5682/5682/5667 5678/5678/5663 5681/5681/5666
f 5657/5657/5642 5682/5682/5667 5681/5681/5666
f 5660/5660/5645 5682/5682/5667 5657/5657/5642
f 5683/5683/5668 5682/5682/5667 5660/5660/5645
f 5664/5664/5649 5683/5683/5668 5660/5660/5645
f 5665/5665/5650 5683/5683/5668 5664/5664/5649
f 5667/5667/5652 5683/5683/5668 5665/5665/5650
f 5669/5669/5654 5683/5683/5668 5667/5667/5652
f 5671/5671/5656 5683/5683/5668 5669/5669/5654
f 5682/5682/5667 5683/5683/5668 5671/5671/5656
f 5673/5673/5658 5682/5682/5667 5671/5671/5656
f 5678/5678/5663 5682/5682/5667 5673/5673/5658
f 5675/5675/5660 5678/5678/5663 5673/5673/5658
f 5658/5658/5643 5657/5657/5642 5681/5681/5666
f 5684/5684/5669 5658/5658/5643 5681/5681/5666
f 5685/5685/5670 5668/5668/5653 5666/5666/5651
f 5686/5686/5671 5685/5685/5670 5666/5666/5651
f 5687/5687/5672 5688/5688/5673 5689/5689/5674
f 5687/5687/5672 5690/5690/5675 5691/5691/5676
f 5692/5692/5677 5693/5693/5678 5694/5694/5679
f 5695/5695/5680 5693/5693/5678 5692/5692/5677
f 5696/5696/5681 5695/5695/5680 5692/5692/5677
f 5697/5697/5682 5695/5695/5680 5696/5696/5681
f 5698/5698/5683 5697/5697/5682 5696/5696/5681
f 5699/5699/5684 5697/5697/5682 5698/5698/5683
f 5700/5700/5685 5699/5699/5684 5698/5698/5683
f 5701/5701/5686 5700/5700/5685 5698/5698/5683
f 5691/5691/5676 5700/5700/5685 5701/5701/5686
f 5702/5702/5687 5691/5691/5676 5701/5701/5686
f 5687/5687/5672 5691/5691/5676 5702/5702/5687
f 5703/5703/5688 5687/5687/5672 5702/5702/5687
f 5704/5704/5689 5687/5687/5672 5703/5703/5688
f 5688/5688/5673 5687/5687/5672 5704/5704/5689
f 5705/5705/5690 5688/5688/5673 5704/5704/5689
f 5706/5706/5691 5705/5705/5690 5704/5704/5689
f 5707/5707/5692 5705/5705/5690 5706/5706/5691
f 5708/5708/5693 5705/5705/5690 5707/5707/5692
f 5709/5709/5694 5708/5708/5693 5707/5707/5692
f 5710/5710/5695 5708/5708/5693 5709/5709/5694
f 5568/5568/5550 5711/5711/5696 5577/5577/5559
f 5641/5641/5626 5712/5712/5697 5652/5652/5637
f 5713/5713/5698 5679/5679/5699 5613/5613/5596
f 5714/5714/5700 5715/5715/5701 5716/5716/5702
f 5717/5717/5703 5715/5715/5701 5714/5714/5700
f 5718/5718/5704 5717/5717/5703 5714/5714/5700
f 5719/5719/5705 5717/5717/5703 5718/5718/5704
f 5720/5720/5706 5721/5721/5707 5722/5722/5708
f 5723/5723/5709 5720/5720/5706 5722/5722/5708
f 5724/5724/5710 5720/5720/5706 5723/5723/5709
f 5725/5725/5711 5724/5724/5710 5723/5723/5709
f 5726/5726/5712 5724/5724/5710 5725/5725/5711
f 5727/5727/5713 5726/5726/5712 5725/5725/5711
f 5728/5728/5714 5726/5726/5712 5727/5727/5713
f 5729/5729/5715 5728/5728/5714 5727/5727/5713
f 5730/5730/5716 5728/5728/5714 5729/5729/5715
f 5731/5731/5717 5728/5728/5714 5730/5730/5716
f 5726/5726/5712 5728/5728/5714 5731/5731/5717
f 5732/5732/5718 5726/5726/5712 5731/5731/5717
f 5724/5724/5710 5726/5726/5712 5732/5732/5718
f 5733/5733/5719 5724/5724/5710 5732/5732/5718
f 5734/5734/5720 5724/5724/5710 5733/5733/5719
f 5735/5735/5721 5724/5724/5710 5734/5734/5720
f 5736/5736/5722 5735/5735/5721 5734/5734/5720
f 5737/5737/5723 5735/5735/5721 5736/5736/5722
f 5738/5738/5724 5737/5737/5723 5736/5736/5722
f 5739/5739/5725 5737/5737/5723 5738/5738/5724
f 5740/5740/5726 5739/5739/5725 5738/5738/5724
f 5741/5741/5727 5739/5739/5725 5740/5740/5726
f 5742/5742/5728 5741/5741/5727 5740/5740/5726
f 5743/5743/5729 5741/5741/5727 5742/5742/5728
f 5744/5744/5730 5741/5741/5727 5743/5743/5729
f 5745/5745/5731 5744/5744/5730 5743/5743/5729
f 5746/5746/5732 5744/5744/5730 5745/5745/5731
f 5747/5747/5733 5744/5744/5730 5746/5746/5732
f 5748/5748/5734 5747/5747/5733 5746/5746/5732
f 5721/5721/5707 5747/5747/5733 5748/5748/5734
f 5722/5722/5708 5721/5721/5707 5748/5748/5734
f 5749/5749/5735 5722/5722/5708 5748/5748/5734
f 5716/5716/5702 5722/5722/5708 5749/5749/5735
f 5750/5750/5736 5722/5722/5708 5716/5716/5702
f 5715/5715/5701 5750/5750/5736 5716/5716/5702
f 5751/5751/5737 5750/5750/5736 5715/5715/5701
f 5752/5752/5738 5751/5751/5737 5715/5715/5701
f 5729/5729/5715 5751/5751/5737 5752/5752/5738
f 5727/5727/5713 5751/5751/5737 5729/5729/5715
f 5750/5750/5736 5751/5751/5737 5727/5727/5713
f 5725/5725/5711 5750/5750/5736 5727/5727/5713
f 5722/5722/5708 5750/5750/5736 5725/5725/5711
f 5723/5723/5709 5722/5722/5708 5725/5725/5711
f 5739/5739/5725 5753/5753/5739 5737/5737/5723
f 5741/5741/5727 5753/5753/5739 5739/5739/5725
f 5754/5754/5740 5753/5753/5739 5741/5741/5727
f 5744/5744/5730 5754/5754/5740 5741/5741/5727
f 5747/5747/5733 5754/5754/5740 5744/5744/5730
f 5721/5721/5707 5754/5754/5740 5747/5747/5733
f 5720/5720/5706 5754/5754/5740 5721/5721/5707
f 5753/5753/5739 5754/5754/5740 5720/5720/5706
f 5737/5737/5723 5753/5753/5739 5720/5720/5706
f 5735/5735/5721 5737/5737/5723 5720/5720/5706
f 5724/5724/5710 5735/5735/5721 5720/5720/5706
f 5755/5755/5741 5740/5740/5726 5738/5738/5724
f 5756/5756/5742 5755/5755/5741 5738/5738/5724
f 5757/5757/5743 5755/5755/5741 5756/5756/5742
f 5758/5758/5744 5757/5757/5743 5756/5756/5742
f 5759/5759/5745 5758/5758/5744 5756/5756/5742
f 5736/5736/5722 5759/5759/5745 5756/5756/5742
f 5734/5734/5720 5759/5759/5745 5736/5736/5722
f 5736/5736/5722 5756/5756/5742 5738/5738/5724
f 5760/5760/5746 5761/5761/5747 5762/5762/5748
f 5763/5763/5749 5760/5760/5746 5762/5762/5748
f 5732/5732/5718 5760/5760/5746 5763/5763/5749
f 5731/5731/5717 5760/5760/5746 5732/5732/5718
f 5764/5764/5750 5765/5765/5751 5766/5766/5752
f 5767/5767/5753 5765/5765/5751 5764/5764/5750
f 5768/5768/5754 5767/5767/5753 5764/5764/5750
f 5769/5769/5755 5768/5768/5754 5764/5764/5750
f 5770/5770/5756 5771/5771/5757 5772/5772/5758
f 5773/5773/5759 5771/5771/5757 5770/5770/5756
f 5774/5774/5760 5773/5773/5759 5770/5770/5756
f 5775/5775/5761 5774/5774/5760 5770/5770/5756
o Mesh-005_MeshData-005.001
v 7.774356 14.265853 -1.235173
v 7.899621 14.350751 -0.958212
v 7.886656 14.261285 -1.216473
v 8.159877 14.273306 -1.294706
v 8.287307 14.255097 -1.321365
v 8.314696 14.023663 -1.305680
v 8.138647 14.013417 -1.245813
v 8.092739 14.270013 -1.274525
v 7.886656 14.261285 -1.216473
v 7.915720 14.003970 -1.193900
v 7.774356 14.265853 -1.235173
v 7.859224 13.987836 -1.167454
v 7.995229 14.020866 -0.974098
v 7.971911 14.026531 -0.937757
v 7.974991 14.307860 -0.982350
v 8.092739 14.270013 -1.274525
v 8.176244 14.318754 -1.025176
v 8.159877 14.273306 -1.294706
v 8.241330 14.318440 -1.043033
v 8.287307 14.255097 -1.321365
v 8.364776 14.296630 -1.064430
v 8.208538 14.035120 -1.020875
v 8.380423 14.038989 -1.077385
v 7.901998 14.366158 -0.708234
v 7.877913 14.316505 -0.456590
v 8.004428 14.323034 -0.694152
v 7.971827 14.305930 -0.449657
v 8.223795 14.327456 -0.694640
v 7.909848 14.057961 -0.473714
v 7.967495 14.038363 -0.706831
v 7.901998 14.366158 -0.708234
v 8.004428 14.323034 -0.694152
v 8.041613 14.044580 -0.697852
v 7.981687 14.059464 -0.464445
v 8.204426 14.301522 -0.414794
v 8.307705 14.323064 -0.697355
v 8.282400 14.297935 -0.407561
v 8.425394 14.316247 -0.691003
v 8.403302 14.294992 -0.417813
v 8.188126 14.063779 -0.437809
v 8.426733 14.072173 -0.431508
v 8.220524 14.059566 -0.676177
v 8.455265 14.068093 -0.675992
v 8.307705 14.323064 -0.697355
v 8.425394 14.316247 -0.691003
v 8.223795 14.327456 -0.694640
v 7.901998 14.366158 -0.708234
v 7.967495 14.038363 -0.706831
v 8.005893 14.339478 -0.703989
v 8.002244 14.332132 -0.959231
v 7.899621 14.350751 -0.958212
v 8.230265 14.326256 -0.986487
v 8.275629 14.334974 -0.714791
v 8.319297 14.325270 -0.999091
v 8.363549 14.329337 -0.710613
v 8.458385 14.309412 -1.005821
v 8.475387 14.320593 -0.722620
v 8.267951 14.078051 -0.726148
v 8.499593 14.081513 -0.740146
v 8.492779 14.075400 -0.985586
v 8.241195 14.066616 -0.970779
v 8.458385 14.309412 -1.005821
v 8.319297 14.325270 -0.999091
v 8.230265 14.326256 -0.986487
v 8.002244 14.332132 -0.959231
v 8.030450 14.062461 -0.950565
v 7.899621 14.350751 -0.958212
v 7.971911 14.026531 -0.937757
v 8.040242 14.067849 -0.717610
v 7.744899 14.099974 -1.493139
v 7.678127 14.079565 -1.457513
v 7.774356 14.265853 -1.235173
v 7.840453 14.265561 -1.273604
v 7.889109 14.101434 -1.565162
v 7.991418 14.238166 -1.351226
v 7.936676 14.116345 -1.584200
v 8.042274 14.237656 -1.364902
v 8.018579 14.124434 -1.615708
v 8.131780 14.225132 -1.406010
v 8.058725 14.014214 -1.267613
v 8.185515 13.992831 -1.350430
v 8.083999 13.901677 -1.529214
v 7.972965 13.883302 -1.440080
v 8.018579 14.124434 -1.615708
v 7.936676 14.116345 -1.584200
v 7.889109 14.101434 -1.565162
v 7.744899 14.099974 -1.493139
v 7.818810 13.887775 -1.360005
v 7.678127 14.079565 -1.457513
v 7.736576 13.894167 -1.334447
v 7.900486 14.016449 -1.183580
v 7.859224 13.987836 -1.167454
v 7.197832 14.210711 -0.313078
v 7.003844 14.039703 -0.423973
v 7.107486 13.948536 -0.342979
v 7.383208 14.408451 -0.601715
v 7.696343 14.385963 -0.943819
v 7.304449 14.406542 -0.877928
v 7.146764 14.355218 -0.501058
v 6.770829 14.342268 -0.504144
v 6.770419 14.094048 -0.430738
v 6.518518 14.360950 -0.493653
v 6.510406 14.112141 -0.421563
v 6.517461 14.439031 -0.822898
v 7.025211 14.420568 -0.806821
v 6.765261 14.418932 -0.781537
v 6.519969 14.358231 -1.075271
v 7.901998 14.366158 -0.708234
v 7.712740 14.310290 -0.433755
v 7.877913 14.316505 -0.456590
v 7.714903 14.405681 -0.658162
v 7.899621 14.350751 -0.958212
v 7.637012 14.269530 -1.207842
v 7.247266 14.285398 -1.129551
v 6.985365 14.310195 -1.066953
v 6.759794 14.329444 -1.061524
v 6.509087 14.110256 -1.196213
v 6.754201 14.097835 -1.194839
v 6.510789 13.928582 -1.119356
v 6.765190 13.934920 -1.113314
v 6.510529 13.886544 -0.920623
v 6.769260 13.903101 -0.975245
v 6.503770 13.959025 -0.626148
v 6.783727 13.926630 -0.668808
v 6.510406 14.112141 -0.421563
v 6.770419 14.094048 -0.430738
v 7.083937 13.849556 -0.762358
v 7.003844 14.039703 -0.423973
v 7.107486 13.948536 -0.342979
v 7.230696 13.811513 -0.514978
v 7.496214 13.810969 -0.637377
v 7.372893 13.887981 -0.819520
v 6.979497 13.879086 -0.993606
v 7.285810 13.817407 -1.029429
v 6.971960 13.928791 -1.128561
v 7.210329 13.910661 -1.224065
v 6.968402 14.088825 -1.191957
v 7.205044 14.081882 -1.269597
v 7.566466 14.070607 -1.434335
v 7.678127 14.079565 -1.457513
v 7.774356 14.265853 -1.235173
v 7.721724 14.028220 -0.468519
v 7.877913 14.316505 -0.456590
v 7.712740 14.310290 -0.433755
v 7.909848 14.057961 -0.473714
v 7.709207 13.965738 -0.662577
v 7.967495 14.038363 -0.706831
v 7.649514 13.955060 -0.864049
v 7.971911 14.026531 -0.937757
v 7.602999 13.876956 -1.094120
v 7.859224 13.987836 -1.167454
v 7.558485 13.874111 -1.313195
v 7.736576 13.894167 -1.334447
v 5.075336 14.058869 -0.193223
v 5.235208 13.684113 -0.297869
v 5.411928 14.260557 -0.197794
v 6.287150 13.915223 -0.439966
v 6.352909 14.269970 -0.400837
v 6.316036 14.279991 -0.367418
v 6.163348 14.295626 -0.383707
v 6.141379 13.913166 -0.384614
v 5.762348 13.860370 -0.383418
v 5.758741 14.288777 -0.299249
v 5.489302 14.268828 -0.246514
v 5.565360 13.800254 -0.339762
v 5.491076 13.756064 -0.299500
v 5.297367 13.455226 -0.771712
v 5.565360 13.780329 -1.218851
v 5.526329 13.483941 -0.772363
v 5.491076 13.734361 -1.257069
v 5.599581 13.540915 -0.773654
v 5.762348 13.842360 -1.177964
v 5.772418 13.615296 -0.775340
v 6.141379 13.895157 -1.179160
v 6.141316 13.699816 -0.777256
v 6.287150 13.899720 -1.123958
v 6.260382 13.698945 -0.777236
v 6.354287 13.751562 -0.778429
v 6.347961 13.949467 -0.467960
v 6.612474 13.731147 -0.777966
v 6.639837 13.927552 -0.420727
v 6.744267 13.860092 -0.451730
v 6.883342 14.129924 -0.380103
v 6.748533 14.210315 -0.426011
v 5.235208 13.662409 -1.255438
v 5.075336 14.032040 -1.376957
v 5.411928 14.233727 -1.381528
v 5.489302 14.244197 -1.333232
v 5.758741 14.266515 -1.281456
v 6.163348 14.275273 -1.281655
v 6.316036 14.260826 -1.212959
v 6.347961 13.935197 -1.097545
v 6.352909 14.252330 -1.179121
v 6.639837 13.911164 -1.143737
v 6.748533 14.191967 -1.235528
v 6.744267 13.845179 -1.109708
v 6.883342 14.111488 -1.193487
v 6.706779 13.669303 -0.776564
v 0.662045 15.687016 -0.396746
v 0.446348 15.372936 -0.292138
v 0.662066 15.621322 -0.503475
v 0.452287 15.448190 -0.191714
v 0.245732 15.242445 -0.111114
v 0.247468 15.321154 -0.014056
v 0.000000 15.187667 -0.042488
v 0.000000 15.266365 0.054568
v -0.245732 15.242445 -0.111114
v -0.247468 15.321154 -0.014056
v -0.446348 15.372936 -0.292138
v -0.452287 15.448190 -0.191714
v -0.662066 15.621322 -0.503475
v -0.662045 15.687016 -0.396746
v -0.501345 10.438943 0.791836
v -0.231616 9.575906 0.924417
v -0.231551 10.430474 0.849776
v -0.543057 9.580588 0.861487
v -1.099213 9.584338 0.740365
v -1.034139 10.459960 0.632619
v -1.674639 9.648464 0.306757
v -1.540262 10.528261 0.275717
v -1.746668 10.498835 -0.323521
v -1.986786 9.712288 -0.335978
v -1.496102 10.527093 -0.959822
v -1.717375 9.753653 -1.093758
v -0.887893 10.550496 -1.540277
v -0.871741 9.775973 -1.651432
v -0.003340 9.733747 -1.765117
v 0.000778 10.517325 -1.639683
v 0.889912 10.544811 -1.538686
v -0.231616 9.575906 0.924417
v -0.003782 9.568580 0.924920
v 0.004745 10.425189 0.847902
v -0.231551 10.430474 0.849776
v -0.496890 14.819879 -0.106120
v -0.224803 15.172407 -0.088573
v -0.285879 14.717223 0.078375
v -0.482011 15.288670 -0.319715
v -0.597561 14.917586 -0.394157
v -0.812236 15.064652 -0.745968
v -0.543823 15.402173 -0.683612
v -0.445830 15.466240 -0.973518
v -0.660833 15.113937 -1.024328
v -0.514137 15.139213 -1.147588
v -0.274305 15.502832 -1.110621
v -0.270532 15.156169 -1.250731
v 0.002559 15.511322 -1.205166
v 0.002629 15.167317 -1.311448
v 0.002559 15.511322 -1.205166
v 0.002629 15.167317 -1.311448
v 0.275790 15.156169 -1.250731
v 0.278998 15.503181 -1.110638
v 0.519395 15.139213 -1.147588
v 0.450658 15.466250 -0.973518
v 0.666090 15.113937 -1.024328
v 0.817336 15.064640 -0.746517
v 0.548930 15.402233 -0.683610
v 0.488119 15.290760 -0.310883
v 0.612142 14.918324 -0.410634
v 0.505418 14.819259 -0.123774
v 0.289955 14.717223 0.078375
v 0.232866 15.172377 -0.088549
v 7.886608 14.261826 -1.217309
v 7.899912 14.351677 -0.958454
v 7.774393 14.266755 -1.235593
v 8.159701 14.273888 -1.295498
v 8.314549 14.022889 -1.306293
v 8.287197 14.255679 -1.322167
v 8.138468 14.012761 -1.246551
v 8.092504 14.270595 -1.275301
v 7.886608 14.261826 -1.217309
v 7.915708 14.003196 -1.194525
v 7.774393 14.266755 -1.235593
v 7.859588 13.986908 -1.167311
v 7.995586 14.020222 -0.973421
v 7.972326 14.025623 -0.937674
v 7.975283 14.308768 -0.982032
v 8.092504 14.270595 -1.275301
v 8.176364 14.319539 -1.024562
v 8.159701 14.273888 -1.295498
v 8.241506 14.319329 -1.042621
v 8.287197 14.255679 -1.322167
v 8.365077 14.297098 -1.063602
v 8.208773 14.034610 -1.020050
v 8.380640 14.038316 -1.076681
v 8.004597 14.323770 -0.694802
v 7.878047 14.317084 -0.455783
v 7.902225 14.367129 -0.708148
v 7.971797 14.306412 -0.448779
v 7.909888 14.057411 -0.472883
v 8.223816 14.328172 -0.695332
v 8.455303 14.067357 -0.676664
v 8.425443 14.317168 -0.691398
v 8.307734 14.323778 -0.698055
v 8.220558 14.058977 -0.676980
v 8.426766 14.071440 -0.430829
v 8.188089 14.063176 -0.437006
v 8.403332 14.295352 -0.416881
v 8.282413 14.298719 -0.406933
v 8.425443 14.317168 -0.691398
v 8.307734 14.323778 -0.698055
v 8.204359 14.302168 -0.414033
v 7.981627 14.058759 -0.463744
v 8.041706 14.043855 -0.698532
v 7.967785 14.037416 -0.706755
v 8.004597 14.323770 -0.694802
v 7.902225 14.367129 -0.708148
v 8.223816 14.328172 -0.695332
v 8.006007 14.340184 -0.703288
v 7.967785 14.037416 -0.706755
v 7.902225 14.367129 -0.708148
v 8.002262 14.332806 -0.959973
v 7.899912 14.351677 -0.958454
v 8.230218 14.327072 -0.987071
v 8.275645 14.335681 -0.714079
v 8.319297 14.326066 -0.999682
v 8.363613 14.330170 -0.710063
v 8.458413 14.310075 -1.006573
v 8.475501 14.320983 -0.721708
v 8.267985 14.077479 -0.725332
v 8.499661 14.080789 -0.739458
v 8.492759 14.074645 -0.986246
v 8.241129 14.066007 -0.971573
v 8.458413 14.310075 -1.006573
v 8.319297 14.326066 -0.999682
v 8.230218 14.327072 -0.987071
v 8.002262 14.332806 -0.959973
v 8.030557 14.061746 -0.951253
v 7.899912 14.351677 -0.958454
v 7.972326 14.025623 -0.937674
v 8.040436 14.067174 -0.716897
v 7.744469 14.100143 -1.494024
v 7.774393 14.266755 -1.235593
v 7.677827 14.079724 -1.458454
v 7.840437 14.266562 -1.273544
v 7.888762 14.101852 -1.566000
v 7.991513 14.239123 -1.350935
v 7.936332 14.116817 -1.585009
v 8.042316 14.238639 -1.364759
v 8.018167 14.124744 -1.616565
v 8.132182 14.225864 -1.405462
v 8.059177 14.014073 -1.266732
v 8.186030 13.992479 -1.349646
v 8.084064 13.900678 -1.529199
v 7.972846 13.882393 -1.440473
v 8.018167 14.124744 -1.616565
v 7.936332 14.116817 -1.585009
v 7.888762 14.101852 -1.566000
v 7.744469 14.100143 -1.494024
v 7.818775 13.886802 -1.360212
v 7.677827 14.079724 -1.458454
v 7.736659 13.893229 -1.334798
v 7.900927 14.016138 -1.182737
v 7.859588 13.986908 -1.167311
v 7.106781 13.948210 -0.342348
v 7.003352 14.039362 -0.423172
v 7.197420 14.211277 -0.312363
v 6.770392 14.093699 -0.429802
v 6.510428 14.111821 -0.420617
v 6.518586 14.361666 -0.492959
v 6.770859 14.342984 -0.503446
v 7.146595 14.356002 -0.500463
v 7.383213 14.409407 -0.601434
v 7.304429 14.407516 -0.878118
v 7.696401 14.386929 -0.944046
v 6.517559 14.440029 -0.822928
v 6.765309 14.419932 -0.781580
v 6.520075 14.358986 -1.075910
v 7.025193 14.421566 -0.806924
v 7.902225 14.367129 -0.708148
v 7.878047 14.317084 -0.455783
v 7.712976 14.310860 -0.432963
v 7.715003 14.406665 -0.658000
v 7.899912 14.351677 -0.958454
v 7.636932 14.270369 -1.208374
v 7.247146 14.286184 -1.130154
v 6.985314 14.310961 -1.067599
v 6.759857 14.330200 -1.062168
v 6.509129 14.110284 -1.197212
v 6.754219 14.097872 -1.195838
v 6.510807 13.927807 -1.119984
v 6.765162 13.934155 -1.113957
v 6.510541 13.885544 -0.920652
v 6.769195 13.902109 -0.975323
v 6.503760 13.958103 -0.625765
v 6.783640 13.925687 -0.668477
v 6.510428 14.111821 -0.420617
v 6.770392 14.093699 -0.429802
v 7.083723 13.848590 -0.762230
v 7.003352 14.039362 -0.423172
v 7.106781 13.948210 -0.342348
v 7.230482 13.810534 -0.514904
v 7.496542 13.810038 -0.637485
v 7.373040 13.886991 -0.819580
v 6.979364 13.878103 -0.993731
v 7.285808 13.816416 -1.029484
v 6.971769 13.928076 -1.129233
v 7.210076 13.909935 -1.224709
v 6.968246 14.088923 -1.192941
v 7.204736 14.082031 -1.270535
v 7.566228 14.070775 -1.435291
v 7.677827 14.079724 -1.458454
v 7.774393 14.266755 -1.235593
v 7.722196 14.027626 -0.467865
v 7.712976 14.310860 -0.432963
v 7.878047 14.317084 -0.455783
v 7.909888 14.057411 -0.472883
v 7.709592 13.964818 -0.662573
v 7.967785 14.037416 -0.706755
v 7.649813 13.954110 -0.864032
v 7.972326 14.025623 -0.937674
v 7.603220 13.875987 -1.094053
v 7.859588 13.986908 -1.167311
v 7.558451 13.873260 -1.313728
v 7.736659 13.893229 -1.334798
v 5.412251 14.260409 -0.196859
v 5.235363 13.683531 -0.297072
v 5.075438 14.058672 -0.192248
v 5.491467 13.755562 -0.298734
v 5.297569 13.454247 -0.771690
v 5.565822 13.799781 -0.339010
v 5.489684 14.268698 -0.245599
v 5.762582 13.859838 -0.382602
v 5.758914 14.288640 -0.298273
v 6.163468 14.295527 -0.382719
v 6.141521 13.912625 -0.383783
v 6.287510 13.914691 -0.439198
v 6.316386 14.279841 -0.366493
v 6.353179 14.269822 -0.399886
v 5.565822 13.779822 -1.219579
v 5.491467 13.733824 -1.257811
v 5.526772 13.483041 -0.772342
v 5.600114 13.540076 -0.773635
v 5.762555 13.841763 -1.178744
v 5.772710 13.614337 -0.775318
v 6.141557 13.894531 -1.179924
v 6.141469 13.698835 -0.777234
v 6.287566 13.899144 -1.124660
v 6.260734 13.698015 -0.777215
v 6.354522 13.750592 -0.778407
v 6.348222 13.948925 -0.467162
v 6.612163 13.730197 -0.777944
v 6.639643 13.927052 -0.419886
v 6.743966 13.859621 -0.450902
v 6.883236 14.129857 -0.379111
v 6.748459 14.210227 -0.425017
v 5.235363 13.661792 -1.256207
v 5.075438 14.031798 -1.377921
v 5.412251 14.233537 -1.382456
v 5.489684 14.244025 -1.334140
v 5.758864 14.266283 -1.282421
v 6.163542 14.275022 -1.282602
v 6.316499 14.260587 -1.213812
v 6.348184 13.934589 -1.098307
v 6.353115 14.252069 -1.180065
v 6.639667 13.910548 -1.144505
v 6.748491 14.191665 -1.236483
v 6.744080 13.844552 -1.110468
v 6.883431 14.111147 -1.194423
v 6.706296 13.668433 -0.776544
v -0.453065 15.447669 -0.191359
v -0.662896 15.620858 -0.503178
v -0.662875 15.686543 -0.396450
v -0.447126 15.372414 -0.291782
v -0.248007 15.320485 -0.013540
v -0.246270 15.241787 -0.110599
v 0.000000 15.265590 0.055196
v 0.000000 15.186891 -0.041860
v 0.248007 15.320485 -0.013540
v 0.246270 15.241787 -0.110599
v 0.453065 15.447669 -0.191359
v 0.447126 15.372414 -0.291782
v 0.662875 15.686543 -0.396450
v 0.662896 15.620858 -0.503178
v -0.003339 9.733895 -1.766105
v 0.890247 10.545222 -1.539533
v 0.000779 10.517704 -1.640612
v -0.888246 10.550906 -1.541117
v -0.872115 9.776154 -1.652342
v -1.718158 9.753912 -1.094324
v -1.496829 10.527561 -0.960331
v -1.987749 9.712557 -0.335945
v -1.747543 10.499315 -0.323512
v -1.675405 9.648639 0.307375
v -1.540974 10.528665 0.276291
v -1.034534 10.460260 0.633487
v -1.099630 9.584461 0.741266
v -0.501570 10.439204 0.792777
v -0.543280 9.580688 0.862457
v -0.231715 9.575994 0.925408
v -0.231646 10.430716 0.850742
v -0.231715 9.575994 0.925408
v -0.231646 10.430716 0.850742
v 0.004805 10.425431 0.848872
v -0.003723 9.568666 0.925914
v -0.270225 15.155840 -1.249836
v 0.002534 15.510751 -1.204345
v 0.002629 15.167018 -1.310493
v -0.274855 15.502001 -1.110683
v -0.513593 15.138779 -1.146868
v -0.446436 15.466107 -0.972733
v -0.660116 15.113399 -1.023885
v -0.811380 15.064187 -0.746199
v -0.544020 15.401803 -0.682705
v -0.482412 15.287757 -0.319813
v -0.596698 14.917416 -0.394631
v -0.496219 14.819564 -0.106790
v -0.224625 15.171434 -0.088703
v -0.285447 14.716866 0.077549
v 0.275483 15.155840 -1.249836
v 0.002629 15.167018 -1.310493
v 0.002534 15.510751 -1.204345
v 0.279544 15.502340 -1.110705
v 0.518851 15.138779 -1.146868
v 0.450212 15.465747 -0.972782
v 0.665374 15.113399 -1.023885
v 0.816477 15.064185 -0.746744
v 0.549109 15.401894 -0.682687
v 0.487502 15.290207 -0.311444
v 0.611279 14.918163 -0.411113
v 0.504673 14.818986 -0.124382
v 0.289511 14.716875 0.077551
v 0.233038 15.171467 -0.088162
vt 0.699200 0.960900
vt 0.699200 0.968700
vt 0.692900 0.960900
vt 0.675800 0.994100
vt 0.665000 0.994100
vt 0.665000 0.985300
vt 0.684100 0.985300
vt 0.684100 0.994000
vt 0.692900 0.994100
vt 0.692900 0.985300
vt 0.699200 0.994100
vt 0.699200 0.985300
vt 0.692900 0.976100
vt 0.699200 0.976100
vt 0.692900 0.968700
vt 0.684100 0.960900
vt 0.684100 0.968700
vt 0.675800 0.960900
vt 0.675800 0.968700
vt 0.665000 0.960900
vt 0.665000 0.968700
vt 0.684100 0.976100
vt 0.665000 0.976100
vt 0.699200 0.960900
vt 0.699200 0.968700
vt 0.692900 0.960900
vt 0.692900 0.968700
vt 0.684100 0.960900
vt 0.699200 0.976100
vt 0.699200 0.985300
vt 0.699200 0.994000
vt 0.692900 0.994100
vt 0.694800 0.985300
vt 0.695300 0.976100
vt 0.684100 0.968700
vt 0.675800 0.960900
vt 0.675800 0.968700
vt 0.665000 0.960900
vt 0.665000 0.968700
vt 0.684100 0.976100
vt 0.665000 0.976100
vt 0.684100 0.985300
vt 0.665000 0.985300
vt 0.675800 0.994100
vt 0.665000 0.994100
vt 0.684100 0.994100
vt 0.699200 0.968700
vt 0.699200 0.976100
vt 0.692900 0.968700
vt 0.692900 0.960900
vt 0.699200 0.960900
vt 0.684100 0.960900
vt 0.684100 0.968700
vt 0.675800 0.960900
vt 0.675800 0.968700
vt 0.665000 0.960900
vt 0.665000 0.968700
vt 0.684100 0.976100
vt 0.665000 0.976100
vt 0.665000 0.985300
vt 0.684100 0.985300
vt 0.665000 0.994100
vt 0.675800 0.994100
vt 0.684100 0.994100
vt 0.692900 0.994100
vt 0.692900 0.985300
vt 0.699200 0.994100
vt 0.699200 0.985300
vt 0.692900 0.976100
vt 0.692900 0.960900
vt 0.699200 0.960900
vt 0.699200 0.968700
vt 0.692900 0.968700
vt 0.684100 0.960900
vt 0.684100 0.968700
vt 0.675800 0.960900
vt 0.675800 0.968700
vt 0.665000 0.960900
vt 0.665000 0.968700
vt 0.684100 0.976100
vt 0.665000 0.976100
vt 0.665000 0.985300
vt 0.684100 0.985300
vt 0.665000 0.994100
vt 0.675800 0.994100
vt 0.684100 0.994100
vt 0.692900 0.994100
vt 0.692900 0.985300
vt 0.699200 0.994100
vt 0.699200 0.985300
vt 0.692900 0.976100
vt 0.699200 0.976100
vt 0.708500 0.946000
vt 0.724600 0.953200
vt 0.712900 0.952400
vt 0.699200 0.938800
vt 0.675300 0.924900
vt 0.703100 0.928200
vt 0.718800 0.940100
vt 0.743700 0.941200
vt 0.742700 0.953100
vt 0.756800 0.939900
vt 0.756300 0.953200
vt 0.756800 0.926600
vt 0.728000 0.930800
vt 0.744100 0.928800
vt 0.756800 0.917400
vt 0.660600 0.936600
vt 0.672900 0.952800
vt 0.661100 0.952700
vt 0.673800 0.937000
vt 0.663100 0.923000
vt 0.678200 0.916300
vt 0.705600 0.917700
vt 0.730500 0.918200
vt 0.744100 0.918100
vt 0.756800 0.904100
vt 0.744100 0.906600
vt 0.756800 0.893100
vt 0.743700 0.896900
vt 0.756800 0.879500
vt 0.743700 0.885600
vt 0.756800 0.866100
vt 0.741700 0.867900
vt 0.756300 0.852900
vt 0.742700 0.852700
vt 0.713400 0.871700
vt 0.724600 0.852400
vt 0.712900 0.852300
vt 0.706500 0.860500
vt 0.694300 0.862300
vt 0.696300 0.873900
vt 0.721700 0.890700
vt 0.703600 0.891600
vt 0.726600 0.900600
vt 0.708500 0.900000
vt 0.731000 0.908300
vt 0.708500 0.906700
vt 0.684100 0.904800
vt 0.675800 0.905100
vt 0.666000 0.916400
vt 0.673300 0.856000
vt 0.661100 0.851900
vt 0.672900 0.852200
vt 0.661600 0.856100
vt 0.676800 0.866200
vt 0.659700 0.868000
vt 0.678700 0.879300
vt 0.659700 0.882100
vt 0.681200 0.889900
vt 0.664600 0.893000
vt 0.684600 0.897900
vt 0.668000 0.901000
vt 0.280800 0.731400
vt 0.266100 0.729500
vt 0.283000 0.716600
vt 0.260700 0.687700
vt 0.272200 0.684600
vt 0.273200 0.684300
vt 0.275600 0.689700
vt 0.262700 0.693400
vt 0.263200 0.708000
vt 0.278600 0.704300
vt 0.281500 0.713400
vt 0.264600 0.715800
vt 0.265600 0.719000
vt 0.247700 0.729200
vt 0.230700 0.715600
vt 0.247700 0.720900
vt 0.229600 0.719000
vt 0.247700 0.717000
vt 0.232200 0.707800
vt 0.247700 0.709500
vt 0.232800 0.693100
vt 0.247800 0.694600
vt 0.235000 0.687500
vt 0.247900 0.689700
vt 0.247900 0.685100
vt 0.260500 0.685300
vt 0.248200 0.674800
vt 0.261500 0.673800
vt 0.259800 0.669400
vt 0.269000 0.664600
vt 0.271700 0.669900
vt 0.229100 0.729200
vt 0.214400 0.731000
vt 0.212500 0.716100
vt 0.213900 0.713100
vt 0.216800 0.704100
vt 0.220000 0.689500
vt 0.222700 0.684300
vt 0.235200 0.684800
vt 0.223500 0.684300
vt 0.234700 0.673300
vt 0.224400 0.669400
vt 0.236600 0.669200
vt 0.227100 0.664100
vt 0.248200 0.670200
vt 0.867700 0.602800
vt 0.854000 0.596400
vt 0.869600 0.596400
vt 0.851100 0.602800
vt 0.825700 0.596400
vt 0.823700 0.602800
vt 0.795400 0.596400
vt 0.795400 0.602800
vt 0.826200 0.596400
vt 0.823700 0.602800
vt 0.854000 0.596400
vt 0.851100 0.602800
vt 0.869600 0.596400
vt 0.867200 0.602800
vt 0.595700 0.970400
vt 0.612300 0.905300
vt 0.612300 0.970400
vt 0.595700 0.905300
vt 0.558100 0.905300
vt 0.558100 0.970400
vt 0.513700 0.905300
vt 0.513700 0.970400
vt 0.465800 0.970400
vt 0.465800 0.905300
vt 0.414800 0.970400
vt 0.414800 0.905300
vt 0.357900 0.970400
vt 0.357900 0.905300
vt 0.304900 0.905300
vt 0.304900 0.970400
vt 0.255100 0.970400
vt 0.001400 0.905300
vt 0.016900 0.905300
vt 0.016000 0.970400
vt 0.001400 0.970400
vt 0.750500 0.525400
vt 0.731400 0.517300
vt 0.750500 0.514200
vt 0.731400 0.540000
vt 0.750500 0.540000
vt 0.750500 0.560800
vt 0.731400 0.564900
vt 0.731400 0.580600
vt 0.750500 0.576200
vt 0.750500 0.584200
vt 0.731400 0.589400
vt 0.750500 0.593800
vt 0.731400 0.602800
vt 0.750500 0.603000
vt 0.772000 0.604000
vt 0.791500 0.603800
vt 0.791500 0.594500
vt 0.772000 0.590600
vt 0.791500 0.584700
vt 0.772000 0.581500
vt 0.791500 0.576900
vt 0.791500 0.561500
vt 0.772000 0.565900
vt 0.772000 0.540000
vt 0.791500 0.541700
vt 0.791500 0.526900
vt 0.791500 0.514200
vt 0.772000 0.517800
vt 0.692900 0.960900
vt 0.699200 0.968700
vt 0.699200 0.960900
vt 0.675800 0.994100
vt 0.665000 0.985300
vt 0.665000 0.994100
vt 0.684100 0.985300
vt 0.684100 0.994000
vt 0.692900 0.994100
vt 0.692900 0.985300
vt 0.699200 0.994100
vt 0.699200 0.985300
vt 0.692900 0.976100
vt 0.699200 0.976100
vt 0.692900 0.968700
vt 0.684100 0.960900
vt 0.684100 0.968700
vt 0.675800 0.960900
vt 0.675800 0.968700
vt 0.665000 0.960900
vt 0.665000 0.968700
vt 0.684100 0.976100
vt 0.665000 0.976100
vt 0.692900 0.960900
vt 0.699200 0.968700
vt 0.699200 0.960900
vt 0.692900 0.968700
vt 0.699200 0.976100
vt 0.684100 0.960900
vt 0.665000 0.985300
vt 0.665000 0.994100
vt 0.675800 0.994100
vt 0.684100 0.985300
vt 0.665000 0.976100
vt 0.684100 0.976100
vt 0.665000 0.968700
vt 0.675800 0.968700
vt 0.665000 0.960900
vt 0.675800 0.960900
vt 0.684100 0.968700
vt 0.695300 0.976100
vt 0.694800 0.985300
vt 0.699200 0.985300
vt 0.692900 0.994100
vt 0.699200 0.994000
vt 0.684100 0.994100
vt 0.692900 0.968700
vt 0.699200 0.976100
vt 0.699200 0.968700
vt 0.692900 0.960900
vt 0.699200 0.960900
vt 0.684100 0.960900
vt 0.684100 0.968700
vt 0.675800 0.960900
vt 0.675800 0.968700
vt 0.665000 0.960900
vt 0.665000 0.968700
vt 0.684100 0.976100
vt 0.665000 0.976100
vt 0.665000 0.985300
vt 0.684100 0.985300
vt 0.665000 0.994100
vt 0.675800 0.994100
vt 0.684100 0.994100
vt 0.692900 0.994100
vt 0.692900 0.985300
vt 0.699200 0.994100
vt 0.699200 0.985300
vt 0.692900 0.976100
vt 0.692900 0.960900
vt 0.699200 0.968700
vt 0.699200 0.960900
vt 0.692900 0.968700
vt 0.684100 0.960900
vt 0.684100 0.968700
vt 0.675800 0.960900
vt 0.675800 0.968700
vt 0.665000 0.960900
vt 0.665000 0.968700
vt 0.684100 0.976100
vt 0.665000 0.976100
vt 0.665000 0.985300
vt 0.684100 0.985300
vt 0.665000 0.994100
vt 0.675800 0.994100
vt 0.684100 0.994100
vt 0.692900 0.994100
vt 0.692900 0.985300
vt 0.699200 0.994100
vt 0.699200 0.985300
vt 0.692900 0.976100
vt 0.699200 0.976100
vt 0.712900 0.952400
vt 0.724600 0.953200
vt 0.708500 0.946000
vt 0.742700 0.953100
vt 0.756300 0.953200
vt 0.756800 0.939900
vt 0.743700 0.941200
vt 0.718800 0.940100
vt 0.699200 0.938800
vt 0.703100 0.928200
vt 0.675300 0.924900
vt 0.756800 0.926600
vt 0.744100 0.928800
vt 0.756800 0.917400
vt 0.728000 0.930800
vt 0.660600 0.936600
vt 0.661100 0.952700
vt 0.672900 0.952800
vt 0.673800 0.937000
vt 0.663100 0.923000
vt 0.678200 0.916300
vt 0.705600 0.917700
vt 0.730500 0.918200
vt 0.744100 0.918100
vt 0.756800 0.904100
vt 0.744100 0.906600
vt 0.756800 0.893100
vt 0.743700 0.896900
vt 0.756800 0.879500
vt 0.743700 0.885600
vt 0.756800 0.866100
vt 0.741700 0.867900
vt 0.756300 0.852900
vt 0.742700 0.852700
vt 0.713400 0.871700
vt 0.724600 0.852400
vt 0.712900 0.852300
vt 0.706500 0.860500
vt 0.694300 0.862300
vt 0.696300 0.873900
vt 0.721700 0.890700
vt 0.703600 0.891600
vt 0.726600 0.900600
vt 0.708500 0.900000
vt 0.731000 0.908300
vt 0.708500 0.906700
vt 0.684100 0.904800
vt 0.675800 0.905100
vt 0.666000 0.916400
vt 0.673300 0.856000
vt 0.672900 0.852200
vt 0.661100 0.851900
vt 0.661600 0.856100
vt 0.676800 0.866200
vt 0.659700 0.868000
vt 0.678700 0.879300
vt 0.659700 0.882100
vt 0.681200 0.889900
vt 0.664600 0.893000
vt 0.684600 0.897900
vt 0.668000 0.901000
vt 0.283000 0.716600
vt 0.266100 0.729500
vt 0.280800 0.731400
vt 0.265600 0.719000
vt 0.247700 0.729200
vt 0.264600 0.715800
vt 0.281500 0.713400
vt 0.263200 0.708000
vt 0.278600 0.704300
vt 0.275600 0.689700
vt 0.262700 0.693400
vt 0.260700 0.687700
vt 0.273200 0.684300
vt 0.272200 0.684600
vt 0.230700 0.715600
vt 0.229600 0.719000
vt 0.247700 0.720900
vt 0.247700 0.717000
vt 0.232200 0.707800
vt 0.247700 0.709500
vt 0.232800 0.693100
vt 0.247800 0.694600
vt 0.235000 0.687500
vt 0.247900 0.689700
vt 0.247900 0.685100
vt 0.260500 0.685300
vt 0.248200 0.674800
vt 0.261500 0.673800
vt 0.259800 0.669400
vt 0.269000 0.664600
vt 0.271700 0.669900
vt 0.229100 0.729200
vt 0.214400 0.731000
vt 0.212500 0.716100
vt 0.213900 0.713100
vt 0.216800 0.704100
vt 0.220000 0.689500
vt 0.222700 0.684300
vt 0.235200 0.684800
vt 0.223500 0.684300
vt 0.234700 0.673300
vt 0.224400 0.669400
vt 0.236600 0.669200
vt 0.227100 0.664100
vt 0.248200 0.670200
vt 0.851100 0.602800
vt 0.869600 0.596400
vt 0.867200 0.602800
vt 0.854000 0.596400
vt 0.823700 0.602800
vt 0.826200 0.596400
vt 0.795400 0.602800
vt 0.795400 0.596400
vt 0.823700 0.602800
vt 0.825700 0.596400
vt 0.851100 0.602800
vt 0.854000 0.596400
vt 0.867700 0.602800
vt 0.869600 0.596400
vt 0.304900 0.905300
vt 0.255100 0.970400
vt 0.304900 0.970400
vt 0.357900 0.970400
vt 0.357900 0.905300
vt 0.414800 0.905300
vt 0.414800 0.970400
vt 0.465800 0.905300
vt 0.465800 0.970400
vt 0.513700 0.905300
vt 0.513700 0.970400
vt 0.558100 0.970400
vt 0.558100 0.905300
vt 0.595700 0.970400
vt 0.595700 0.905300
vt 0.612300 0.905300
vt 0.612300 0.970400
vt 0.001400 0.905300
vt 0.001400 0.970400
vt 0.016000 0.970400
vt 0.016900 0.905300
vt 0.750500 0.593800
vt 0.731400 0.602800
vt 0.750500 0.603000
vt 0.731400 0.589400
vt 0.750500 0.584200
vt 0.731400 0.580600
vt 0.750500 0.576200
vt 0.750500 0.560800
vt 0.731400 0.564900
vt 0.731400 0.540000
vt 0.750500 0.540000
vt 0.750500 0.525400
vt 0.731400 0.517300
vt 0.750500 0.514200
vt 0.791500 0.594500
vt 0.791500 0.603800
vt 0.772000 0.604000
vt 0.772000 0.590600
vt 0.791500 0.584700
vt 0.772000 0.581500
vt 0.791500 0.576900
vt 0.791500 0.561500
vt 0.772000 0.565900
vt 0.772000 0.540000
vt 0.791500 0.541700
vt 0.791500 0.526900
vt 0.791500 0.514200
vt 0.772000 0.517800
vn 0.0932 0.9393 -0.3301
vn 0.5067 0.8429 0.1812
vn 0.0469 0.9636 -0.2634
vn -0.2669 -0.1356 -0.9541
vn -0.2164 -0.0915 -0.9720
vn -0.1513 -0.7763 -0.6120
vn -0.1355 -0.7954 -0.5908
vn -0.2692 -0.1545 -0.9506
vn -0.0287 -0.1009 -0.9945
vn -0.0560 -0.7454 -0.6643
vn 0.0780 -0.1140 -0.9904
vn -0.0522 -0.8233 -0.5652
vn 0.3485 -0.7398 0.5755
vn 0.7735 -0.3213 0.5464
vn 0.3323 0.7235 0.6051
vn -0.0918 0.9826 -0.1613
vn 0.1276 0.7782 0.6149
vn 0.0010 0.9831 -0.1831
vn 0.1970 0.8030 0.5625
vn 0.1075 0.9731 -0.2037
vn 0.2817 0.6812 0.6757
vn 0.2139 -0.6552 0.7245
vn 0.2337 -0.7121 0.6621
vn 0.3540 0.9105 0.2135
vn 0.0778 0.6845 0.7248
vn 0.1376 0.9824 0.1266
vn -0.0477 0.6484 0.7598
vn 0.0253 0.9958 0.0882
vn -0.0674 -0.6641 0.7446
vn 0.1465 -0.7267 -0.6711
vn 0.1465 0.0250 -0.9889
vn 0.0835 0.0204 -0.9963
vn 0.1181 -0.7345 -0.6683
vn -0.0710 -0.7128 0.6978
vn -0.0662 0.6411 0.7646
vn 0.0523 0.9943 0.0927
vn 0.0344 0.6025 0.7974
vn 0.0473 0.9950 0.0881
vn 0.0424 0.6417 0.7658
vn -0.0327 -0.7224 0.6907
vn 0.0097 -0.7525 0.6585
vn 0.0727 -0.7526 -0.6545
vn 0.0362 -0.7324 -0.6799
vn 0.0021 -0.0674 -0.9977
vn 0.0507 -0.0542 -0.9972
vn 0.0045 -0.0428 -0.9991
vn 0.1706 0.8144 0.5547
vn 0.3564 -0.6480 0.6731
vn 0.0983 0.6651 0.7402
vn 0.1069 0.9934 -0.0414
vn 0.1776 0.9821 -0.0622
vn 0.0127 0.9994 -0.0325
vn 0.0241 0.7174 0.6963
vn 0.0630 0.9975 -0.0313
vn 0.0844 0.6722 0.7355
vn 0.1027 0.9941 -0.0341
vn 0.1167 0.6548 0.7468
vn 0.0532 -0.7074 0.7049
vn 0.0513 -0.7461 0.6639
vn -0.0178 -0.7665 -0.6419
vn -0.0384 -0.7421 -0.6692
vn -0.0569 -0.0925 -0.9941
vn -0.0932 -0.0805 -0.9924
vn -0.1300 -0.0653 -0.9894
vn -0.0568 -0.0431 -0.9975
vn 0.0688 -0.6589 -0.7491
vn -0.0410 -0.0451 -0.9981
vn 0.3524 -0.7659 -0.5379
vn 0.2114 -0.6632 0.7180
vn -0.3546 0.8027 -0.4794
vn -0.4686 0.7664 -0.4393
vn 0.0824 0.9650 0.2490
vn 0.1778 0.9625 0.2049
vn -0.3022 0.8481 -0.4352
vn 0.1667 0.9568 0.2381
vn -0.3115 0.8751 -0.3703
vn 0.1768 0.9258 0.3342
vn -0.1981 0.9003 -0.3877
vn 0.3223 0.8820 0.3439
vn 0.4709 -0.2843 0.8351
vn 0.4192 -0.4856 0.7671
vn -0.1843 -0.9346 -0.3043
vn -0.0109 -0.9847 -0.1739
vn -0.3382 -0.5114 -0.7900
vn -0.2168 -0.5377 -0.8148
vn -0.2635 -0.5541 -0.7896
vn -0.3122 -0.5745 -0.7566
vn -0.0955 -0.9895 -0.1082
vn -0.2490 -0.5778 -0.7773
vn -0.1110 -0.9501 -0.2917
vn 0.4454 -0.2197 0.8680
vn 0.6118 -0.5779 0.5401
vn -0.5271 0.5143 0.6765
vn -0.3508 0.2631 0.8988
vn -0.5577 0.0982 0.8242
vn -0.0744 0.9877 0.1376
vn 0.0882 0.9582 -0.2720
vn -0.0223 0.9808 -0.1937
vn -0.1140 0.8351 0.5382
vn 0.0340 0.7126 0.7007
vn 0.0467 0.2816 0.9584
vn 0.0800 0.7234 0.6858
vn 0.0531 0.2763 0.9596
vn 0.0989 0.9935 -0.0556
vn -0.0008 0.9967 -0.0815
vn 0.0473 0.9989 -0.0080
vn 0.1264 0.7512 -0.6478
vn 0.1871 0.9780 0.0923
vn 0.1177 0.9541 0.2754
vn -0.0103 0.9812 0.1926
vn 0.2461 0.9513 0.1855
vn 0.1328 0.9666 -0.2190
vn -0.0563 0.8604 -0.5066
vn -0.1172 0.7860 -0.6070
vn -0.0382 0.7751 -0.6306
vn 0.0816 0.7703 -0.6324
vn 0.0285 0.0528 -0.9982
vn 0.0095 0.0432 -0.9990
vn 0.0189 -0.7781 -0.6279
vn -0.0205 -0.7912 -0.6112
vn 0.0764 -0.9960 0.0455
vn -0.0610 -0.9943 -0.0873
vn -0.0033 -0.9102 0.4142
vn -0.0907 -0.9293 0.3579
vn -0.0193 -0.8099 0.5863
vn -0.0835 -0.8370 0.5408
vn -0.1413 -0.9897 0.0237
vn -0.4759 -0.8100 0.3425
vn -0.6738 -0.7098 0.2054
vn -0.3457 -0.9364 0.0611
vn -0.0095 -0.9638 -0.2664
vn 0.1049 -0.9936 -0.0424
vn -0.1294 -0.9758 -0.1760
vn -0.0128 -0.9992 -0.0391
vn -0.2012 -0.7365 -0.6459
vn -0.2319 -0.6703 -0.7049
vn -0.1648 0.0859 -0.9826
vn -0.3166 0.1501 -0.9366
vn -0.2741 0.1240 -0.9537
vn -0.1751 0.1911 -0.9658
vn -0.0627 0.8979 -0.4357
vn 0.1429 -0.6499 0.7464
vn 0.1022 -0.0963 0.9901
vn 0.1403 -0.1167 0.9832
vn 0.1786 -0.6667 0.7236
vn 0.2519 -0.9635 0.0906
vn 0.2625 -0.9618 0.0771
vn 0.2548 -0.9510 0.1750
vn 0.2820 -0.9562 0.0784
vn 0.2269 -0.9724 0.0541
vn 0.3550 -0.9345 0.0262
vn -0.0729 -0.8822 -0.4651
vn 0.0941 -0.9855 -0.1413
vn 0.1394 -0.2107 0.9676
vn 0.1831 -0.5714 0.8000
vn 0.3499 -0.1404 0.9262
vn 0.4117 -0.5316 0.7402
vn 0.3493 -0.1685 0.9217
vn 0.2359 -0.2075 0.9494
vn 0.0552 -0.1263 0.9905
vn 0.1788 -0.4632 0.8680
vn 0.2408 -0.5279 0.8145
vn 0.2029 -0.1871 0.9612
vn 0.3975 -0.1258 0.9090
vn 0.4900 -0.4490 0.7472
vn 0.3718 -0.5044 0.7793
vn 0.1456 -0.9882 0.0472
vn 0.4887 -0.4869 -0.7240
vn 0.3772 -0.9256 0.0312
vn 0.3888 -0.5334 -0.7512
vn 0.5259 -0.8504 0.0141
vn 0.2089 -0.5788 -0.7883
vn 0.3103 -0.9502 0.0282
vn 0.1898 -0.5896 -0.7851
vn 0.1152 -0.9932 0.0191
vn 0.4105 -0.6074 -0.6801
vn 0.2379 -0.9712 0.0094
vn 0.2310 -0.9721 0.0414
vn 0.2419 -0.5523 0.7978
vn -0.3396 -0.9397 0.0402
vn -0.1311 -0.4735 0.8710
vn -0.2104 -0.6412 0.7380
vn -0.1745 0.0124 0.9846
vn -0.1016 0.0576 0.9932
vn 0.1494 -0.6153 -0.7740
vn 0.1056 -0.2410 -0.9648
vn 0.3542 -0.1705 -0.9195
vn 0.3975 -0.1669 -0.9023
vn 0.1090 -0.2409 -0.9644
vn 0.1870 -0.2616 -0.9469
vn 0.4870 -0.2340 -0.8415
vn 0.2452 -0.5769 -0.7791
vn 0.3104 -0.2418 -0.9193
vn -0.1343 -0.5607 -0.8171
vn -0.0419 -0.2959 -0.9543
vn -0.1860 -0.6664 -0.7220
vn 0.0885 -0.3407 -0.9360
vn -0.5359 -0.8436 0.0333
vn 0.8308 -0.4727 0.2937
vn 0.7829 -0.5199 0.3417
vn 0.8310 -0.4736 0.2917
vn 0.7746 -0.5237 0.3546
vn 0.5526 -0.6563 0.5137
vn 0.5202 -0.6674 0.5328
vn -0.0008 -0.7772 0.6293
vn -0.0007 -0.7772 0.6293
vn -0.5605 -0.6477 0.5160
vn -0.5246 -0.6697 0.5256
vn -0.7804 -0.5182 0.3499
vn -0.7688 -0.5333 0.3528
vn -0.8296 -0.4742 0.2949
vn -0.8289 -0.4763 0.2933
vn -0.2296 0.1032 0.9678
vn -0.1981 0.0880 0.9762
vn -0.2067 0.0851 0.9747
vn -0.2038 0.0890 0.9750
vn -0.4152 0.1265 0.9009
vn -0.4367 0.1336 0.8896
vn -0.7611 0.1783 0.6237
vn -0.7857 0.1413 0.6022
vn -0.9666 0.2555 0.0188
vn -0.9514 0.2981 0.0771
vn -0.7965 0.3088 -0.5198
vn -0.7946 0.2748 -0.5414
vn -0.3851 0.1790 -0.9053
vn -0.3335 0.1271 -0.9341
vn -0.0355 0.1525 -0.9877
vn 0.0015 0.1581 -0.9874
vn 0.1067 0.1566 -0.9819
vn 0.0022 0.0891 0.9960
vn 0.0007 0.0895 0.9960
vn 0.0083 0.0874 0.9961
vn 0.0098 0.0870 0.9962
vn 0.6495 -0.3256 -0.6872
vn 0.5204 -0.3632 -0.7729
vn 0.5112 -0.3556 -0.7825
vn 0.7663 -0.3395 -0.5455
vn 0.8641 -0.1743 -0.4722
vn 0.8600 -0.4940 -0.1279
vn 0.7873 -0.6111 -0.0811
vn 0.6971 -0.5319 0.4809
vn 0.7296 -0.5108 0.4547
vn 0.5455 -0.4312 0.7186
vn 0.4329 -0.3951 0.8103
vn 0.3208 -0.3295 0.8880
vn 0.2745 -0.3271 0.9042
vn 0.2190 -0.2880 0.9323
vn -0.2745 -0.3272 0.9042
vn -0.2190 -0.2881 0.9322
vn -0.3208 -0.3297 0.8879
vn -0.4328 -0.3954 0.8102
vn -0.5455 -0.4317 0.7183
vn -0.6969 -0.5322 0.4807
vn -0.7293 -0.5115 0.4544
vn -0.8629 -0.4894 -0.1263
vn -0.7873 -0.6118 -0.0758
vn -0.7685 -0.3275 -0.5497
vn -0.8620 -0.1581 -0.4816
vn -0.6825 -0.2911 -0.6705
vn -0.5433 -0.3348 -0.7699
vn -0.5171 -0.3511 -0.7806
vn -0.0477 -0.9634 0.2639
vn -0.5052 -0.8440 -0.1803
vn -0.0951 -0.9389 0.3308
vn 0.2667 0.1353 0.9542
vn 0.1515 0.7763 0.6118
vn 0.2164 0.0917 0.9720
vn 0.1355 0.7950 0.5912
vn 0.2692 0.1540 0.9507
vn 0.0308 0.1013 0.9944
vn 0.0599 0.7447 0.6647
vn -0.0734 0.1150 0.9906
vn 0.0540 0.8270 0.5596
vn -0.3500 0.7384 -0.5764
vn -0.7692 0.3256 -0.5497
vn -0.3296 -0.7234 -0.6067
vn 0.0917 -0.9826 0.1613
vn -0.1279 -0.7778 -0.6153
vn -0.0009 -0.9831 0.1832
vn -0.1968 -0.8042 -0.5608
vn -0.1084 -0.9730 0.2038
vn -0.2824 -0.6797 -0.6769
vn -0.2137 0.6548 -0.7250
vn -0.2334 0.7125 -0.6618
vn -0.1388 -0.9821 -0.1274
vn -0.0783 -0.6846 -0.7247
vn -0.3571 -0.9091 -0.2145
vn 0.0475 -0.6478 -0.7604
vn 0.0674 0.6635 -0.7451
vn -0.0252 -0.9958 -0.0882
vn -0.0365 0.7322 0.6801
vn -0.0535 0.0524 0.9972
vn -0.0031 0.0663 0.9978
vn -0.0727 0.7520 0.6551
vn -0.0096 0.7528 -0.6582
vn 0.0329 0.7221 -0.6910
vn -0.0441 -0.6398 -0.7673
vn -0.0336 -0.6045 -0.7959
vn -0.0467 -0.9950 -0.0880
vn -0.0512 -0.9944 -0.0921
vn 0.0662 -0.6411 -0.7646
vn 0.0709 0.7135 -0.6971
vn -0.1159 0.7335 0.6697
vn -0.1424 0.7310 0.6674
vn -0.0788 -0.0195 0.9967
vn -0.1390 -0.0235 0.9900
vn -0.0041 0.0422 0.9991
vn -0.0960 -0.6639 -0.7416
vn -0.3549 0.6508 -0.6712
vn -0.1699 -0.8154 -0.5533
vn -0.1077 -0.9933 0.0414
vn -0.1801 -0.9817 0.0623
vn -0.0127 -0.9994 0.0321
vn -0.0242 -0.7170 -0.6967
vn -0.0635 -0.9975 0.0312
vn -0.0841 -0.6740 -0.7339
vn -0.1044 -0.9940 0.0340
vn -0.1184 -0.6531 -0.7480
vn -0.0530 0.7070 -0.7052
vn -0.0511 0.7463 -0.6636
vn 0.0179 0.7665 0.6420
vn 0.0384 0.7416 0.6697
vn 0.0573 0.0916 0.9941
vn 0.0938 0.0791 0.9924
vn 0.1296 0.0642 0.9895
vn 0.0596 0.0431 0.9973
vn -0.0643 0.6582 0.7501
vn 0.0471 0.0460 0.9978
vn -0.3527 0.7690 0.5332
vn -0.2094 0.6620 -0.7197
vn 0.3554 -0.8024 0.4795
vn -0.0779 -0.9655 -0.2485
vn 0.4692 -0.7659 0.4395
vn -0.1767 -0.9625 -0.2060
vn 0.3026 -0.8481 0.4348
vn -0.1672 -0.9566 -0.2388
vn 0.3114 -0.8752 0.3702
vn -0.1763 -0.9267 -0.3320
vn 0.1964 -0.9003 0.3884
vn -0.3237 -0.8809 -0.3454
vn -0.4707 0.2837 -0.8354
vn -0.4189 0.4856 -0.7673
vn 0.1820 0.9353 0.3033
vn 0.0118 0.9845 0.1749
vn 0.3382 0.5110 0.7903
vn 0.2177 0.5366 0.8153
vn 0.2628 0.5530 0.7907
vn 0.3120 0.5740 0.7571
vn 0.0956 0.9896 0.1079
vn 0.2487 0.5776 0.7775
vn 0.1112 0.9498 0.2926
vn -0.4395 0.2180 -0.8714
vn -0.6119 0.5838 -0.5337
vn 0.5576 -0.0982 -0.8243
vn 0.3508 -0.2626 -0.8989
vn 0.5280 -0.5142 -0.6759
vn -0.0470 -0.2814 -0.9584
vn -0.0532 -0.2761 -0.9596
vn -0.0800 -0.7232 -0.6860
vn -0.0341 -0.7124 -0.7009
vn 0.1139 -0.8350 -0.5384
vn 0.0747 -0.9877 -0.1376
vn 0.0223 -0.9808 0.1936
vn -0.0882 -0.9582 0.2720
vn -0.0989 -0.9936 0.0555
vn -0.0473 -0.9989 0.0079
vn -0.1264 -0.7512 0.6479
vn 0.0007 -0.9967 0.0814
vn -0.1872 -0.9780 -0.0925
vn 0.0102 -0.9810 -0.1936
vn -0.1176 -0.9540 -0.2759
vn -0.2461 -0.9513 -0.1857
vn -0.1328 -0.9666 0.2190
vn 0.0563 -0.8602 0.5069
vn 0.1173 -0.7859 0.6072
vn 0.0382 -0.7751 0.6307
vn -0.0816 -0.7702 0.6325
vn -0.0284 -0.0527 0.9982
vn -0.0095 -0.0432 0.9990
vn -0.0190 0.7780 0.6280
vn 0.0205 0.7910 0.6115
vn -0.0765 0.9960 -0.0453
vn 0.0610 0.9943 0.0877
vn 0.0033 0.9101 -0.4145
vn 0.0905 0.9292 -0.3583
vn 0.0193 0.8096 -0.5867
vn 0.0835 0.8368 -0.5411
vn 0.1415 0.9896 -0.0240
vn 0.4761 0.8098 -0.3428
vn 0.6744 0.7092 -0.2053
vn 0.3457 0.9363 -0.0611
vn 0.0095 0.9638 0.2664
vn -0.1047 0.9936 0.0423
vn 0.1294 0.9758 0.1762
vn 0.0128 0.9992 0.0391
vn 0.2011 0.7363 0.6460
vn 0.2319 0.6704 0.7048
vn 0.1648 -0.0859 0.9826
vn 0.3166 -0.1498 0.9367
vn 0.2742 -0.1240 0.9537
vn 0.1750 -0.1910 0.9658
vn 0.0627 -0.8978 0.4358
vn -0.1427 0.6498 -0.7466
vn -0.1403 0.1166 -0.9832
vn -0.1021 0.0963 -0.9901
vn -0.1780 0.6658 -0.7246
vn -0.2521 0.9634 -0.0910
vn -0.2626 0.9618 -0.0777
vn -0.2548 0.9510 -0.1750
vn -0.2820 0.9562 -0.0784
vn -0.2268 0.9725 -0.0538
vn -0.3548 0.9346 -0.0258
vn 0.0730 0.8820 0.4656
vn -0.0937 0.9855 0.1413
vn -0.3499 0.1406 -0.9262
vn -0.1832 0.5715 -0.7999
vn -0.1395 0.2109 -0.9675
vn -0.3718 0.5045 -0.7793
vn -0.1458 0.9882 -0.0471
vn -0.4899 0.4492 -0.7472
vn -0.3974 0.1260 -0.9090
vn -0.2407 0.5280 -0.8144
vn -0.2029 0.1873 -0.9611
vn -0.0554 0.1266 -0.9904
vn -0.1788 0.4634 -0.8679
vn -0.4118 0.5317 -0.7400
vn -0.2362 0.2077 -0.9492
vn -0.3497 0.1686 -0.9216
vn -0.4886 0.4870 0.7239
vn -0.3888 0.5335 0.7511
vn -0.3772 0.9256 -0.0312
vn -0.5258 0.8505 -0.0141
vn -0.2089 0.5789 0.7882
vn -0.3102 0.9502 -0.0282
vn -0.1898 0.5897 0.7850
vn -0.1154 0.9931 -0.0191
vn -0.4108 0.6074 0.6799
vn -0.2382 0.9712 -0.0095
vn -0.2311 0.9721 -0.0414
vn -0.2420 0.5525 -0.7976
vn 0.3397 0.9397 -0.0402
vn 0.1312 0.4737 -0.8709
vn 0.2104 0.6413 -0.7379
vn 0.1749 -0.0122 -0.9845
vn 0.1018 -0.0571 -0.9932
vn -0.1496 0.6153 0.7740
vn -0.1058 0.2412 0.9647
vn -0.3542 0.1707 0.9195
vn -0.3974 0.1670 0.9023
vn -0.1090 0.2411 0.9644
vn -0.1870 0.2618 0.9468
vn -0.4875 0.2341 0.8412
vn -0.2455 0.5770 0.7790
vn -0.3116 0.2420 0.9189
vn 0.1345 0.5608 0.8170
vn 0.0421 0.2961 0.9542
vn 0.1861 0.6665 0.7219
vn -0.0883 0.3409 0.9359
vn 0.5361 0.8435 -0.0333
vn 0.7688 0.5334 -0.3529
vn 0.8296 0.4742 -0.2948
vn 0.8289 0.4763 -0.2933
vn 0.7804 0.5182 -0.3499
vn 0.5245 0.6698 -0.5256
vn 0.5604 0.6478 -0.5160
vn 0.0007 0.7772 -0.6293
vn 0.0008 0.7772 -0.6293
vn -0.5201 0.6675 -0.5328
vn -0.5525 0.6564 -0.5138
vn -0.7746 0.5237 -0.3547
vn -0.7829 0.5199 -0.3418
vn -0.8308 0.4728 -0.2937
vn -0.8311 0.4736 -0.2916
vn 0.0356 -0.1525 0.9877
vn -0.1067 -0.1566 0.9819
vn -0.0015 -0.1581 0.9874
vn 0.3852 -0.1790 0.9053
vn 0.3335 -0.1272 0.9341
vn 0.7946 -0.2748 0.5413
vn 0.7965 -0.3088 0.5198
vn 0.9514 -0.2982 -0.0771
vn 0.9666 -0.2555 -0.0188
vn 0.7611 -0.1783 -0.6236
vn 0.7858 -0.1413 -0.6021
vn 0.4368 -0.1336 -0.8896
vn 0.4152 -0.1265 -0.9009
vn 0.2296 -0.1032 -0.9678
vn 0.2038 -0.0890 -0.9750
vn 0.1981 -0.0881 -0.9762
vn 0.2066 -0.0852 -0.9747
vn -0.0022 -0.0891 -0.9960
vn -0.0098 -0.0870 -0.9962
vn -0.0083 -0.0874 -0.9961
vn -0.0007 -0.0896 -0.9960
vn -0.3202 0.3279 -0.8888
vn -0.2730 0.3258 -0.9052
vn -0.2190 0.2878 -0.9323
vn -0.4324 0.3932 -0.8114
vn -0.5460 0.4292 -0.7195
vn -0.6984 0.5302 -0.4808
vn -0.7302 0.5086 -0.4562
vn -0.8614 0.4918 0.1271
vn -0.7888 0.6092 0.0822
vn -0.7672 0.3371 0.5456
vn -0.8649 0.1716 0.4716
vn -0.6499 0.3241 0.6875
vn -0.5204 0.3619 0.7734
vn -0.5116 0.3547 0.7826
vn 0.3202 0.3280 -0.8887
vn 0.2190 0.2879 -0.9323
vn 0.2730 0.3259 -0.9051
vn 0.4332 0.3940 -0.8106
vn 0.5462 0.4309 -0.7183
vn 0.6983 0.5313 -0.4796
vn 0.7292 0.5113 -0.4548
vn 0.8635 0.4883 0.1258
vn 0.7887 0.6100 0.0760
vn 0.7693 0.3258 0.5495
vn 0.8621 0.1578 0.4816
vn 0.6824 0.2911 0.6705
vn 0.5448 0.3338 0.7693
vn 0.5209 0.3487 0.7791
usemtl Material-3670.000
s 1
f 5776/5776/5762 5777/5777/5763 5778/5778/5764
f 5779/5779/5765 5780/5780/5766 5781/5781/5767
f 5782/5782/5768 5779/5779/5765 5781/5781/5767
f 5783/5783/5769 5779/5779/5765 5782/5782/5768
f 5784/5784/5770 5783/5783/5769 5782/5782/5768
f 5785/5785/5771 5784/5784/5770 5782/5782/5768
f 5786/5786/5772 5784/5784/5770 5785/5785/5771
f 5787/5787/5773 5786/5786/5772 5785/5785/5771
f 5788/5788/5774 5787/5787/5773 5785/5785/5771
f 5789/5789/5775 5787/5787/5773 5788/5788/5774
f 5777/5777/5763 5789/5789/5775 5788/5788/5774
f 5790/5790/5776 5777/5777/5763 5788/5788/5774
f 5778/5778/5764 5777/5777/5763 5790/5790/5776
f 5791/5791/5777 5778/5778/5764 5790/5790/5776
f 5792/5792/5778 5791/5791/5777 5790/5790/5776
f 5793/5793/5779 5791/5791/5777 5792/5792/5778
f 5794/5794/5780 5793/5793/5779 5792/5792/5778
f 5795/5795/5781 5793/5793/5779 5794/5794/5780
f 5796/5796/5782 5795/5795/5781 5794/5794/5780
f 5797/5797/5783 5796/5796/5782 5794/5794/5780
f 5798/5798/5784 5796/5796/5782 5797/5797/5783
f 5781/5781/5767 5798/5798/5784 5797/5797/5783
f 5782/5782/5768 5781/5781/5767 5797/5797/5783
f 5785/5785/5771 5782/5782/5768 5797/5797/5783
f 5788/5788/5774 5785/5785/5771 5797/5797/5783
f 5792/5792/5778 5788/5788/5774 5797/5797/5783
f 5790/5790/5776 5788/5788/5774 5792/5792/5778
f 5797/5797/5783 5794/5794/5780 5792/5792/5778
f 5799/5799/5785 5800/5800/5786 5801/5801/5787
f 5802/5802/5788 5803/5803/5789 5801/5801/5787
f 5800/5800/5786 5802/5802/5788 5801/5801/5787
f 5804/5804/5790 5802/5802/5788 5800/5800/5786
f 5805/5805/5791 5806/5806/5792 5807/5807/5793
f 5808/5808/5794 5805/5805/5791 5807/5807/5793
f 5804/5804/5790 5805/5805/5791 5808/5808/5794
f 5809/5809/5795 5804/5804/5790 5808/5808/5794
f 5802/5802/5788 5804/5804/5790 5809/5809/5795
f 5810/5810/5796 5802/5802/5788 5809/5809/5795
f 5803/5803/5789 5802/5802/5788 5810/5810/5796
f 5811/5811/5797 5803/5803/5789 5810/5810/5796
f 5812/5812/5798 5811/5811/5797 5810/5810/5796
f 5813/5813/5799 5811/5811/5797 5812/5812/5798
f 5814/5814/5800 5813/5813/5799 5812/5812/5798
f 5815/5815/5801 5814/5814/5800 5812/5812/5798
f 5816/5816/5802 5814/5814/5800 5815/5815/5801
f 5817/5817/5803 5816/5816/5802 5815/5815/5801
f 5818/5818/5804 5816/5816/5802 5817/5817/5803
f 5819/5819/5805 5818/5818/5804 5817/5817/5803
f 5820/5820/5806 5818/5818/5804 5819/5819/5805
f 5808/5808/5794 5807/5807/5793 5821/5821/5807
f 5817/5817/5803 5808/5808/5794 5821/5821/5807
f 5809/5809/5795 5808/5808/5794 5817/5817/5803
f 5815/5815/5801 5809/5809/5795 5817/5817/5803
f 5810/5810/5796 5809/5809/5795 5815/5815/5801
f 5812/5812/5798 5810/5810/5796 5815/5815/5801
f 5817/5817/5803 5821/5821/5807 5819/5819/5805
f 5822/5822/5808 5823/5823/5809 5824/5824/5810
f 5825/5825/5811 5826/5826/5812 5822/5822/5808
f 5824/5824/5810 5825/5825/5811 5822/5822/5808
f 5827/5827/5813 5825/5825/5811 5824/5824/5810
f 5828/5828/5814 5827/5827/5813 5824/5824/5810
f 5829/5829/5815 5827/5827/5813 5828/5828/5814
f 5830/5830/5816 5829/5829/5815 5828/5828/5814
f 5831/5831/5817 5829/5829/5815 5830/5830/5816
f 5832/5832/5818 5831/5831/5817 5830/5830/5816
f 5833/5833/5819 5832/5832/5818 5830/5830/5816
f 5834/5834/5820 5832/5832/5818 5833/5833/5819
f 5835/5835/5821 5834/5834/5820 5833/5833/5819
f 5836/5836/5822 5835/5835/5821 5833/5833/5819
f 5837/5837/5823 5835/5835/5821 5836/5836/5822
f 5838/5838/5824 5837/5837/5823 5836/5836/5822
f 5839/5839/5825 5838/5838/5824 5836/5836/5822
f 5840/5840/5826 5839/5839/5825 5836/5836/5822
f 5841/5841/5827 5840/5840/5826 5836/5836/5822
f 5842/5842/5828 5840/5840/5826 5841/5841/5827
f 5843/5843/5829 5842/5842/5828 5841/5841/5827
f 5823/5823/5809 5843/5843/5829 5841/5841/5827
f 5844/5844/5830 5823/5823/5809 5841/5841/5827
f 5824/5824/5810 5823/5823/5809 5844/5844/5830
f 5828/5828/5814 5824/5824/5810 5844/5844/5830
f 5833/5833/5819 5828/5828/5814 5844/5844/5830
f 5830/5830/5816 5828/5828/5814 5833/5833/5819
f 5836/5836/5822 5844/5844/5830 5841/5841/5827
f 5833/5833/5819 5844/5844/5830 5836/5836/5822
f 5845/5845/5831 5846/5846/5832 5847/5847/5833
f 5848/5848/5834 5845/5845/5831 5847/5847/5833
f 5849/5849/5835 5845/5845/5831 5848/5848/5834
f 5850/5850/5836 5849/5849/5835 5848/5848/5834
f 5851/5851/5837 5849/5849/5835 5850/5850/5836
f 5852/5852/5838 5851/5851/5837 5850/5850/5836
f 5853/5853/5839 5851/5851/5837 5852/5852/5838
f 5854/5854/5840 5853/5853/5839 5852/5852/5838
f 5855/5855/5841 5854/5854/5840 5852/5852/5838
f 5856/5856/5842 5854/5854/5840 5855/5855/5841
f 5857/5857/5843 5856/5856/5842 5855/5855/5841
f 5858/5858/5844 5857/5857/5843 5855/5855/5841
f 5859/5859/5845 5857/5857/5843 5858/5858/5844
f 5860/5860/5846 5859/5859/5845 5858/5858/5844
f 5861/5861/5847 5860/5860/5846 5858/5858/5844
f 5862/5862/5848 5861/5861/5847 5858/5858/5844
f 5863/5863/5849 5862/5862/5848 5858/5858/5844
f 5864/5864/5850 5862/5862/5848 5863/5863/5849
f 5865/5865/5851 5864/5864/5850 5863/5863/5849
f 5866/5866/5852 5865/5865/5851 5863/5863/5849
f 5867/5867/5853 5865/5865/5851 5866/5866/5852
f 5847/5847/5833 5867/5867/5853 5866/5866/5852
f 5848/5848/5834 5847/5847/5833 5866/5866/5852
f 5850/5850/5836 5848/5848/5834 5866/5866/5852
f 5855/5855/5841 5850/5850/5836 5866/5866/5852
f 5852/5852/5838 5850/5850/5836 5855/5855/5841
f 5855/5855/5841 5863/5863/5849 5858/5858/5844
f 5866/5866/5852 5863/5863/5849 5855/5855/5841
f 5868/5868/5854 5869/5869/5855 5870/5870/5856
f 5871/5871/5857 5872/5872/5858 5873/5873/5859
f 5874/5874/5860 5871/5871/5857 5873/5873/5859
f 5868/5868/5854 5871/5871/5857 5874/5874/5860
f 5869/5869/5855 5868/5868/5854 5874/5874/5860
f 5875/5875/5861 5869/5869/5855 5874/5874/5860
f 5876/5876/5862 5869/5869/5855 5875/5875/5861
f 5877/5877/5863 5876/5876/5862 5875/5875/5861
f 5878/5878/5864 5876/5876/5862 5877/5877/5863
f 5875/5875/5861 5879/5879/5865 5877/5877/5863
f 5880/5880/5866 5874/5874/5860 5873/5873/5859
f 5875/5875/5861 5874/5874/5860 5880/5880/5866
f 5881/5881/5867 5875/5875/5861 5880/5880/5866
f 5879/5879/5865 5875/5875/5861 5881/5881/5867
f 5882/5882/5868 5879/5879/5865 5881/5881/5867
f 5883/5883/5869 5884/5884/5870 5885/5885/5871
f 5886/5886/5872 5884/5884/5870 5883/5883/5869
f 5887/5887/5873 5886/5886/5872 5883/5883/5869
f 5872/5872/5858 5886/5886/5872 5887/5887/5873
f 5888/5888/5874 5872/5872/5858 5887/5887/5873
f 5873/5873/5859 5872/5872/5858 5888/5888/5874
f 5889/5889/5875 5873/5873/5859 5888/5888/5874
f 5880/5880/5866 5873/5873/5859 5889/5889/5875
f 5890/5890/5876 5880/5880/5866 5889/5889/5875
f 5881/5881/5867 5880/5880/5866 5890/5890/5876
f 5891/5891/5877 5881/5881/5867 5890/5890/5876
f 5882/5882/5868 5881/5881/5867 5891/5891/5877
f 5892/5892/5878 5882/5882/5868 5891/5891/5877
f 5893/5893/5879 5892/5892/5878 5891/5891/5877
f 5894/5894/5880 5892/5892/5878 5893/5893/5879
f 5895/5895/5881 5894/5894/5880 5893/5893/5879
f 5896/5896/5882 5894/5894/5880 5895/5895/5881
f 5897/5897/5883 5896/5896/5882 5895/5895/5881
f 5898/5898/5884 5896/5896/5882 5897/5897/5883
f 5899/5899/5885 5898/5898/5884 5897/5897/5883
f 5900/5900/5886 5898/5898/5884 5899/5899/5885
f 5901/5901/5887 5900/5900/5886 5899/5899/5885
f 5902/5902/5888 5901/5901/5887 5899/5899/5885
f 5903/5903/5889 5901/5901/5887 5902/5902/5888
f 5904/5904/5890 5903/5903/5889 5902/5902/5888
f 5905/5905/5891 5904/5904/5890 5902/5902/5888
f 5906/5906/5892 5905/5905/5891 5902/5902/5888
f 5907/5907/5893 5906/5906/5892 5902/5902/5888
f 5908/5908/5894 5907/5907/5893 5902/5902/5888
f 5909/5909/5895 5907/5907/5893 5908/5908/5894
f 5910/5910/5896 5909/5909/5895 5908/5908/5894
f 5911/5911/5897 5909/5909/5895 5910/5910/5896
f 5912/5912/5898 5911/5911/5897 5910/5910/5896
f 5913/5913/5899 5911/5911/5897 5912/5912/5898
f 5890/5890/5876 5913/5913/5899 5912/5912/5898
f 5889/5889/5875 5913/5913/5899 5890/5890/5876
f 5914/5914/5900 5913/5913/5899 5889/5889/5875
f 5888/5888/5874 5914/5914/5900 5889/5889/5875
f 5915/5915/5901 5914/5914/5900 5888/5888/5874
f 5916/5916/5902 5915/5915/5901 5888/5888/5874
f 5887/5887/5873 5916/5916/5902 5888/5888/5874
f 5912/5912/5898 5891/5891/5877 5890/5890/5876
f 5893/5893/5879 5891/5891/5877 5912/5912/5898
f 5910/5910/5896 5893/5893/5879 5912/5912/5898
f 5895/5895/5881 5893/5893/5879 5910/5910/5896
f 5897/5897/5883 5895/5895/5881 5910/5910/5896
f 5908/5908/5894 5897/5897/5883 5910/5910/5896
f 5902/5902/5888 5897/5897/5883 5908/5908/5894
f 5899/5899/5885 5897/5897/5883 5902/5902/5888
f 5917/5917/5903 5918/5918/5904 5919/5919/5905
f 5920/5920/5906 5918/5918/5904 5917/5917/5903
f 5921/5921/5907 5920/5920/5906 5917/5917/5903
f 5922/5922/5908 5920/5920/5906 5921/5921/5907
f 5923/5923/5909 5922/5922/5908 5921/5921/5907
f 5924/5924/5910 5922/5922/5908 5923/5923/5909
f 5925/5925/5911 5924/5924/5910 5923/5923/5909
f 5926/5926/5912 5924/5924/5910 5925/5925/5911
f 5927/5927/5913 5926/5926/5912 5925/5925/5911
f 5928/5928/5914 5926/5926/5912 5927/5927/5913
f 5915/5915/5901 5928/5928/5914 5927/5927/5913
f 5914/5914/5900 5915/5915/5901 5927/5927/5913
f 5913/5913/5899 5914/5914/5900 5927/5927/5913
f 5911/5911/5897 5913/5913/5899 5927/5927/5913
f 5925/5925/5911 5911/5911/5897 5927/5927/5913
f 5909/5909/5895 5911/5911/5897 5925/5925/5911
f 5923/5923/5909 5909/5909/5895 5925/5925/5911
f 5907/5907/5893 5909/5909/5895 5923/5923/5909
f 5929/5929/5915 5930/5930/5916 5931/5931/5917
f 5932/5932/5918 5933/5933/5919 5934/5934/5920
f 5935/5935/5921 5932/5932/5918 5934/5934/5920
f 5936/5936/5922 5932/5932/5918 5935/5935/5921
f 5937/5937/5923 5936/5936/5922 5935/5935/5921
f 5938/5938/5924 5937/5937/5923 5935/5935/5921
f 5939/5939/5925 5937/5937/5923 5938/5938/5924
f 5940/5940/5926 5937/5937/5923 5939/5939/5925
f 5931/5931/5917 5940/5940/5926 5939/5939/5925
f 5941/5941/5927 5940/5940/5926 5931/5931/5917
f 5930/5930/5916 5941/5941/5927 5931/5931/5917
f 5942/5942/5928 5941/5941/5927 5930/5930/5916
f 5943/5943/5929 5944/5944/5930 5945/5945/5931
f 5946/5946/5932 5944/5944/5930 5943/5943/5929
f 5947/5947/5933 5946/5946/5932 5943/5943/5929
f 5948/5948/5934 5946/5946/5932 5947/5947/5933
f 5949/5949/5935 5948/5948/5934 5947/5947/5933
f 5950/5950/5936 5948/5948/5934 5949/5949/5935
f 5951/5951/5937 5950/5950/5936 5949/5949/5935
f 5952/5952/5938 5950/5950/5936 5951/5951/5937
f 5953/5953/5939 5952/5952/5938 5951/5951/5937
f 5954/5954/5940 5952/5952/5938 5953/5953/5939
f 5955/5955/5941 5954/5954/5940 5953/5953/5939
f 5956/5956/5942 5954/5954/5940 5955/5955/5941
f 5957/5957/5943 5956/5956/5942 5955/5955/5941
f 5958/5958/5944 5956/5956/5942 5957/5957/5943
f 5959/5959/5945 5956/5956/5942 5958/5958/5944
f 5933/5933/5919 5956/5956/5942 5959/5959/5945
f 5954/5954/5940 5956/5956/5942 5933/5933/5919
f 5932/5932/5918 5954/5954/5940 5933/5933/5919
f 5952/5952/5938 5954/5954/5940 5932/5932/5918
f 5936/5936/5922 5952/5952/5938 5932/5932/5918
f 5950/5950/5936 5952/5952/5938 5936/5936/5922
f 5937/5937/5923 5950/5950/5936 5936/5936/5922
f 5948/5948/5934 5950/5950/5936 5937/5937/5923
f 5940/5940/5926 5948/5948/5934 5937/5937/5923
f 5946/5946/5932 5948/5948/5934 5940/5940/5926
f 5941/5941/5927 5946/5946/5932 5940/5940/5926
f 5944/5944/5930 5946/5946/5932 5941/5941/5927
f 5942/5942/5928 5944/5944/5930 5941/5941/5927
f 5960/5960/5946 5944/5944/5930 5942/5942/5928
f 5945/5945/5931 5944/5944/5930 5960/5960/5946
f 5961/5961/5947 5945/5945/5931 5960/5960/5946
f 5962/5962/5948 5945/5945/5931 5961/5961/5947
f 5943/5943/5929 5945/5945/5931 5962/5962/5948
f 5963/5963/5949 5943/5943/5929 5962/5962/5948
f 5947/5947/5933 5943/5943/5929 5963/5963/5949
f 5964/5964/5950 5947/5947/5933 5963/5963/5949
f 5949/5949/5935 5947/5947/5933 5964/5964/5950
f 5965/5965/5951 5949/5949/5935 5964/5964/5950
f 5951/5951/5937 5949/5949/5935 5965/5965/5951
f 5966/5966/5952 5951/5951/5937 5965/5965/5951
f 5967/5967/5953 5951/5951/5937 5966/5966/5952
f 5968/5968/5954 5967/5967/5953 5966/5966/5952
f 5969/5969/5955 5967/5967/5953 5968/5968/5954
f 5970/5970/5956 5969/5969/5955 5968/5968/5954
f 5971/5971/5957 5969/5969/5955 5970/5970/5956
f 5972/5972/5958 5971/5971/5957 5970/5970/5956
f 5973/5973/5959 5969/5969/5955 5971/5971/5957
f 5953/5953/5939 5951/5951/5937 5967/5967/5953
f 5969/5969/5955 5953/5953/5939 5967/5967/5953
f 5955/5955/5941 5953/5953/5939 5969/5969/5955
f 5973/5973/5959 5955/5955/5941 5969/5969/5955
f 5957/5957/5943 5955/5955/5941 5973/5973/5959
f 5974/5974/5960 5975/5975/5961 5976/5976/5962
f 5977/5977/5963 5975/5975/5961 5974/5974/5960
f 5978/5978/5964 5975/5975/5961 5977/5977/5963
f 5979/5979/5965 5978/5978/5964 5977/5977/5963
f 5980/5980/5966 5978/5978/5964 5979/5979/5965
f 5981/5981/5967 5980/5980/5966 5979/5979/5965
f 5982/5982/5968 5980/5980/5966 5981/5981/5967
f 5983/5983/5969 5982/5982/5968 5981/5981/5967
f 5984/5984/5970 5982/5982/5968 5983/5983/5969
f 5985/5985/5971 5984/5984/5970 5983/5983/5969
f 5986/5986/5972 5984/5984/5970 5985/5985/5971
f 5987/5987/5973 5986/5986/5972 5985/5985/5971
f 5988/5988/5974 5989/5989/5975 5990/5990/5976
f 5991/5991/5977 5989/5989/5975 5988/5988/5974
f 5992/5992/5978 5991/5991/5977 5988/5988/5974
f 5993/5993/5979 5992/5992/5978 5988/5988/5974
f 5994/5994/5980 5992/5992/5978 5993/5993/5979
f 5995/5995/5981 5994/5994/5980 5993/5993/5979
f 5996/5996/5982 5994/5994/5980 5995/5995/5981
f 5997/5997/5983 5994/5994/5980 5996/5996/5982
f 5998/5998/5984 5997/5997/5983 5996/5996/5982
f 5999/5999/5985 5997/5997/5983 5998/5998/5984
f 6000/6000/5986 5999/5999/5985 5998/5998/5984
f 6001/6001/5987 5999/5999/5985 6000/6000/5986
f 6002/6002/5988 6001/6001/5987 6000/6000/5986
f 6003/6003/5989 6002/6002/5988 6000/6000/5986
f 6004/6004/5990 6002/6002/5988 6003/6003/5989
f 6005/6005/5991 6006/6006/5992 6007/6007/5993
f 6008/6008/5994 6005/6005/5991 6007/6007/5993
f 6009/6009/5995 6010/6010/5996 6011/6011/5997
f 6012/6012/5998 6010/6010/5996 6009/6009/5995
f 6013/6013/5999 6012/6012/5998 6009/6009/5995
f 6014/6014/6000 6012/6012/5998 6013/6013/5999
f 6015/6015/6001 6012/6012/5998 6014/6014/6000
f 6016/6016/6002 6015/6015/6001 6014/6014/6000
f 6017/6017/6003 6016/6016/6002 6014/6014/6000
f 6018/6018/6004 6016/6016/6002 6017/6017/6003
f 6019/6019/6005 6016/6016/6002 6018/6018/6004
f 6020/6020/6006 6019/6019/6005 6018/6018/6004
f 6021/6021/6007 6019/6019/6005 6020/6020/6006
f 6022/6022/6008 6021/6021/6007 6020/6020/6006
f 6023/6023/6009 6024/6024/6010 6025/6025/6011
f 6026/6026/6012 6023/6023/6009 6025/6025/6011
f 6027/6027/6013 6026/6026/6012 6025/6025/6011
f 6028/6028/6014 6026/6026/6012 6027/6027/6013
f 6029/6029/6015 6028/6028/6014 6027/6027/6013
f 6030/6030/6016 6028/6028/6014 6029/6029/6015
f 6031/6031/6017 6028/6028/6014 6030/6030/6016
f 6032/6032/6018 6031/6031/6017 6030/6030/6016
f 6033/6033/6019 6032/6032/6018 6030/6030/6016
f 6034/6034/6020 6032/6032/6018 6033/6033/6019
f 6035/6035/6021 6032/6032/6018 6034/6034/6020
f 6036/6036/6022 6032/6032/6018 6035/6035/6021
f 6037/6037/6023 6038/6038/6024 6039/6039/6025
f 6040/6040/6026 6041/6041/6027 6042/6042/6028
f 6043/6043/6029 6041/6041/6027 6040/6040/6026
f 6044/6044/6030 6043/6043/6029 6040/6040/6026
f 6045/6045/6031 6043/6043/6029 6044/6044/6030
f 6046/6046/6032 6043/6043/6029 6045/6045/6031
f 6047/6047/6033 6046/6046/6032 6045/6045/6031
f 6048/6048/6034 6046/6046/6032 6047/6047/6033
f 6049/6049/6035 6046/6046/6032 6048/6048/6034
f 6050/6050/6036 6049/6049/6035 6048/6048/6034
f 6038/6038/6024 6049/6049/6035 6050/6050/6036
f 6051/6051/6037 6049/6049/6035 6038/6038/6024
f 6037/6037/6023 6051/6051/6037 6038/6038/6024
f 6052/6052/6038 6051/6051/6037 6037/6037/6023
f 6053/6053/6039 6051/6051/6037 6052/6052/6038
f 6054/6054/6040 6053/6053/6039 6052/6052/6038
f 6055/6055/6041 6053/6053/6039 6054/6054/6040
f 6056/6056/6042 6055/6055/6041 6054/6054/6040
f 6057/6057/6043 6055/6055/6041 6056/6056/6042
f 6058/6058/6044 6055/6055/6041 6057/6057/6043
f 6059/6059/6045 6058/6058/6044 6057/6057/6043
f 6041/6041/6027 6058/6058/6044 6059/6059/6045
f 6043/6043/6029 6058/6058/6044 6041/6041/6027
f 6046/6046/6032 6058/6058/6044 6043/6043/6029
f 6049/6049/6035 6058/6058/6044 6046/6046/6032
f 6053/6053/6039 6058/6058/6044 6049/6049/6035
f 6051/6051/6037 6053/6053/6039 6049/6049/6035
f 6055/6055/6041 6058/6058/6044 6053/6053/6039
f 6060/6060/6046 6061/6061/6047 6062/6062/6048
f 6063/6063/6049 6064/6064/6050 6061/6061/6047
f 6060/6060/6046 6063/6063/6049 6061/6061/6047
f 6065/6065/6051 6063/6063/6049 6060/6060/6046
f 6066/6066/6052 6067/6067/6053 6068/6068/6054
f 6069/6069/6055 6066/6066/6052 6068/6068/6054
f 6070/6070/6056 6066/6066/6052 6069/6069/6055
f 6071/6071/6057 6070/6070/6056 6069/6069/6055
f 6072/6072/6058 6070/6070/6056 6071/6071/6057
f 6073/6073/6059 6072/6072/6058 6071/6071/6057
f 6074/6074/6060 6072/6072/6058 6073/6073/6059
f 6075/6075/6061 6074/6074/6060 6073/6073/6059
f 6076/6076/6062 6075/6075/6061 6073/6073/6059
f 6065/6065/6051 6075/6075/6061 6076/6076/6062
f 6063/6063/6049 6065/6065/6051 6076/6076/6062
f 6077/6077/6063 6063/6063/6049 6076/6076/6062
f 6064/6064/6050 6063/6063/6049 6077/6077/6063
f 6078/6078/6064 6064/6064/6050 6077/6077/6063
f 6079/6079/6065 6064/6064/6050 6078/6078/6064
f 6080/6080/6066 6079/6079/6065 6078/6078/6064
f 6081/6081/6067 6079/6079/6065 6080/6080/6066
f 6071/6071/6057 6076/6076/6062 6073/6073/6059
f 6077/6077/6063 6076/6076/6062 6071/6071/6057
f 6069/6069/6055 6077/6077/6063 6071/6071/6057
f 6078/6078/6064 6077/6077/6063 6069/6069/6055
f 6082/6082/6068 6078/6078/6064 6069/6069/6055
f 6068/6068/6054 6082/6082/6068 6069/6069/6055
f 6080/6080/6066 6078/6078/6064 6082/6082/6068
f 6083/6083/6069 6084/6084/6070 6085/6085/6071
f 6086/6086/6072 6085/6085/6071 6087/6087/6073
f 6083/6083/6069 6085/6085/6071 6086/6086/6072
f 6088/6088/6074 6083/6083/6069 6086/6086/6072
f 6089/6089/6075 6083/6083/6069 6088/6088/6074
f 6090/6090/6076 6089/6089/6075 6088/6088/6074
f 6091/6091/6077 6089/6089/6075 6090/6090/6076
f 6092/6092/6078 6091/6091/6077 6090/6090/6076
f 6093/6093/6079 6091/6091/6077 6092/6092/6078
f 6094/6094/6080 6091/6091/6077 6093/6093/6079
f 6095/6095/6081 6094/6094/6080 6093/6093/6079
f 6096/6096/6082 6094/6094/6080 6095/6095/6081
f 6097/6097/6083 6094/6094/6080 6096/6096/6082
f 6098/6098/6084 6097/6097/6083 6096/6096/6082
f 6099/6099/6085 6097/6097/6083 6098/6098/6084
f 6100/6100/6086 6097/6097/6083 6099/6099/6085
f 6101/6101/6087 6097/6097/6083 6100/6100/6086
f 6102/6102/6088 6097/6097/6083 6101/6101/6087
f 6103/6103/6089 6102/6102/6088 6101/6101/6087
f 6104/6104/6090 6102/6102/6088 6103/6103/6089
f 6084/6084/6070 6102/6102/6088 6104/6104/6090
f 6105/6105/6091 6102/6102/6088 6084/6084/6070
f 6083/6083/6069 6105/6105/6091 6084/6084/6070
f 6089/6089/6075 6105/6105/6091 6083/6083/6069
f 6094/6094/6080 6105/6105/6091 6089/6089/6075
f 6091/6091/6077 6094/6094/6080 6089/6089/6075
f 6105/6105/6091 6094/6094/6080 6097/6097/6083
f 6102/6102/6088 6105/6105/6091 6097/6097/6083
f 6106/6106/6092 6107/6107/6093 6108/6108/6094
f 6109/6109/6095 6107/6107/6093 6106/6106/6092
f 6110/6110/6096 6109/6109/6095 6106/6106/6092
f 6111/6111/6097 6109/6109/6095 6110/6110/6096
f 6112/6112/6098 6111/6111/6097 6110/6110/6096
f 6113/6113/6099 6111/6111/6097 6112/6112/6098
f 6114/6114/6100 6113/6113/6099 6112/6112/6098
f 6115/6115/6101 6113/6113/6099 6114/6114/6100
f 6116/6116/6102 6113/6113/6099 6115/6115/6101
f 6117/6117/6103 6116/6116/6102 6115/6115/6101
f 6118/6118/6104 6116/6116/6102 6117/6117/6103
f 6119/6119/6105 6116/6116/6102 6118/6118/6104
f 6120/6120/6106 6119/6119/6105 6118/6118/6104
f 6121/6121/6107 6119/6119/6105 6120/6120/6106
f 6122/6122/6108 6119/6119/6105 6121/6121/6107
f 6123/6123/6109 6119/6119/6105 6122/6122/6108
f 6124/6124/6110 6119/6119/6105 6123/6123/6109
f 6125/6125/6111 6124/6124/6110 6123/6123/6109
f 6126/6126/6112 6124/6124/6110 6125/6125/6111
f 6127/6127/6113 6124/6124/6110 6126/6126/6112
f 6128/6128/6114 6127/6127/6113 6126/6126/6112
f 6107/6107/6093 6127/6127/6113 6128/6128/6114
f 6109/6109/6095 6127/6127/6113 6107/6107/6093
f 6111/6111/6097 6127/6127/6113 6109/6109/6095
f 6116/6116/6102 6127/6127/6113 6111/6111/6097
f 6113/6113/6099 6116/6116/6102 6111/6111/6097
f 6124/6124/6110 6127/6127/6113 6116/6116/6102
f 6119/6119/6105 6124/6124/6110 6116/6116/6102
f 6129/6129/6115 6130/6130/6116 6131/6131/6117
f 6132/6132/6118 6133/6133/6119 6134/6134/6120
f 6135/6135/6121 6132/6132/6118 6134/6134/6120
f 6130/6130/6116 6132/6132/6118 6135/6135/6121
f 6136/6136/6122 6130/6130/6116 6135/6135/6121
f 6131/6131/6117 6130/6130/6116 6136/6136/6122
f 6137/6137/6123 6131/6131/6117 6136/6136/6122
f 6138/6138/6124 6137/6137/6123 6136/6136/6122
f 6139/6139/6125 6137/6137/6123 6138/6138/6124
f 6135/6135/6121 6134/6134/6120 6140/6140/6126
f 6141/6141/6127 6140/6140/6126 6142/6142/6128
f 6135/6135/6121 6140/6140/6126 6141/6141/6127
f 6143/6143/6129 6135/6135/6121 6141/6141/6127
f 6136/6136/6122 6135/6135/6121 6143/6143/6129
f 6138/6138/6124 6136/6136/6122 6143/6143/6129
f 6144/6144/6130 6145/6145/6131 6146/6146/6132
f 6147/6147/6133 6144/6144/6130 6146/6146/6132
f 6148/6148/6134 6144/6144/6130 6147/6147/6133
f 6139/6139/6125 6148/6148/6134 6147/6147/6133
f 6149/6149/6135 6148/6148/6134 6139/6139/6125
f 6138/6138/6124 6149/6149/6135 6139/6139/6125
f 6150/6150/6136 6149/6149/6135 6138/6138/6124
f 6143/6143/6129 6150/6150/6136 6138/6138/6124
f 6151/6151/6137 6150/6150/6136 6143/6143/6129
f 6141/6141/6127 6151/6151/6137 6143/6143/6129
f 6152/6152/6138 6151/6151/6137 6141/6141/6127
f 6142/6142/6128 6152/6152/6138 6141/6141/6127
f 6153/6153/6139 6152/6152/6138 6142/6142/6128
f 6154/6154/6140 6152/6152/6138 6153/6153/6139
f 6155/6155/6141 6154/6154/6140 6153/6153/6139
f 6156/6156/6142 6154/6154/6140 6155/6155/6141
f 6157/6157/6143 6156/6156/6142 6155/6155/6141
f 6158/6158/6144 6156/6156/6142 6157/6157/6143
f 6159/6159/6145 6158/6158/6144 6157/6157/6143
f 6160/6160/6146 6158/6158/6144 6159/6159/6145
f 6161/6161/6147 6160/6160/6146 6159/6159/6145
f 6162/6162/6148 6160/6160/6146 6161/6161/6147
f 6163/6163/6149 6160/6160/6146 6162/6162/6148
f 6164/6164/6150 6163/6163/6149 6162/6162/6148
f 6165/6165/6151 6163/6163/6149 6164/6164/6150
f 6166/6166/6152 6163/6163/6149 6165/6165/6151
f 6167/6167/6153 6163/6163/6149 6166/6166/6152
f 6168/6168/6154 6163/6163/6149 6167/6167/6153
f 6169/6169/6155 6163/6163/6149 6168/6168/6154
f 6170/6170/6156 6169/6169/6155 6168/6168/6154
f 6171/6171/6157 6169/6169/6155 6170/6170/6156
f 6172/6172/6158 6171/6171/6157 6170/6170/6156
f 6173/6173/6159 6171/6171/6157 6172/6172/6158
f 6174/6174/6160 6173/6173/6159 6172/6172/6158
f 6151/6151/6137 6173/6173/6159 6174/6174/6160
f 6150/6150/6136 6151/6151/6137 6174/6174/6160
f 6175/6175/6161 6150/6150/6136 6174/6174/6160
f 6149/6149/6135 6150/6150/6136 6175/6175/6161
f 6176/6176/6162 6149/6149/6135 6175/6175/6161
f 6177/6177/6163 6149/6149/6135 6176/6176/6162
f 6148/6148/6134 6149/6149/6135 6177/6177/6163
f 6158/6158/6144 6160/6160/6146 6163/6163/6149
f 6169/6169/6155 6158/6158/6144 6163/6163/6149
f 6171/6171/6157 6158/6158/6144 6169/6169/6155
f 6156/6156/6142 6158/6158/6144 6171/6171/6157
f 6154/6154/6140 6156/6156/6142 6171/6171/6157
f 6173/6173/6159 6154/6154/6140 6171/6171/6157
f 6152/6152/6138 6154/6154/6140 6173/6173/6159
f 6151/6151/6137 6152/6152/6138 6173/6173/6159
f 6178/6178/6164 6179/6179/6165 6180/6180/6166
f 6181/6181/6167 6178/6178/6164 6180/6180/6166
f 6182/6182/6168 6178/6178/6164 6181/6181/6167
f 6183/6183/6169 6182/6182/6168 6181/6181/6167
f 6184/6184/6170 6182/6182/6168 6183/6183/6169
f 6185/6185/6171 6184/6184/6170 6183/6183/6169
f 6186/6186/6172 6184/6184/6170 6185/6185/6171
f 6187/6187/6173 6186/6186/6172 6185/6185/6171
f 6188/6188/6174 6186/6186/6172 6187/6187/6173
f 6189/6189/6175 6188/6188/6174 6187/6187/6173
f 6176/6176/6162 6188/6188/6174 6189/6189/6175
f 6175/6175/6161 6188/6188/6174 6176/6176/6162
f 6174/6174/6160 6188/6188/6174 6175/6175/6161
f 6172/6172/6158 6188/6188/6174 6174/6174/6160
f 6186/6186/6172 6188/6188/6174 6172/6172/6158
f 6170/6170/6156 6186/6186/6172 6172/6172/6158
f 6184/6184/6170 6186/6186/6172 6170/6170/6156
f 6168/6168/6154 6184/6184/6170 6170/6170/6156
f 6190/6190/6176 6191/6191/6177 6192/6192/6178
f 6193/6193/6179 6194/6194/6180 6191/6191/6177
f 6190/6190/6176 6193/6193/6179 6191/6191/6177
f 6195/6195/6181 6193/6193/6179 6190/6190/6176
f 6196/6196/6182 6195/6195/6181 6190/6190/6176
f 6197/6197/6183 6195/6195/6181 6196/6196/6182
f 6198/6198/6184 6197/6197/6183 6196/6196/6182
f 6199/6199/6185 6197/6197/6183 6198/6198/6184
f 6200/6200/6186 6197/6197/6183 6199/6199/6185
f 6201/6201/6187 6200/6200/6186 6199/6199/6185
f 6202/6202/6188 6201/6201/6187 6199/6199/6185
f 6203/6203/6189 6201/6201/6187 6202/6202/6188
f 6204/6204/6190 6205/6205/6191 6206/6206/6192
f 6207/6207/6193 6204/6204/6190 6206/6206/6192
f 6208/6208/6194 6204/6204/6190 6207/6207/6193
f 6209/6209/6195 6208/6208/6194 6207/6207/6193
f 6210/6210/6196 6208/6208/6194 6209/6209/6195
f 6211/6211/6197 6210/6210/6196 6209/6209/6195
f 6212/6212/6198 6210/6210/6196 6211/6211/6197
f 6213/6213/6199 6212/6212/6198 6211/6211/6197
f 6214/6214/6200 6212/6212/6198 6213/6213/6199
f 6215/6215/6201 6214/6214/6200 6213/6213/6199
f 6216/6216/6202 6214/6214/6200 6215/6215/6201
f 6217/6217/6203 6216/6216/6202 6215/6215/6201
f 6218/6218/6204 6216/6216/6202 6217/6217/6203
f 6219/6219/6205 6218/6218/6204 6217/6217/6203
f 6220/6220/6206 6219/6219/6205 6217/6217/6203
f 6203/6203/6189 6220/6220/6206 6217/6217/6203
f 6215/6215/6201 6203/6203/6189 6217/6217/6203
f 6201/6201/6187 6203/6203/6189 6215/6215/6201
f 6213/6213/6199 6201/6201/6187 6215/6215/6201
f 6200/6200/6186 6201/6201/6187 6213/6213/6199
f 6211/6211/6197 6200/6200/6186 6213/6213/6199
f 6197/6197/6183 6200/6200/6186 6211/6211/6197
f 6209/6209/6195 6197/6197/6183 6211/6211/6197
f 6195/6195/6181 6197/6197/6183 6209/6209/6195
f 6207/6207/6193 6195/6195/6181 6209/6209/6195
f 6193/6193/6179 6195/6195/6181 6207/6207/6193
f 6206/6206/6192 6193/6193/6179 6207/6207/6193
f 6194/6194/6180 6193/6193/6179 6206/6206/6192
f 6221/6221/6207 6194/6194/6180 6206/6206/6192
f 6205/6205/6191 6221/6221/6207 6206/6206/6192
f 6222/6222/6208 6221/6221/6207 6205/6205/6191
f 6223/6223/6209 6222/6222/6208 6205/6205/6191
f 6204/6204/6190 6223/6223/6209 6205/6205/6191
f 6224/6224/6210 6223/6223/6209 6204/6204/6190
f 6208/6208/6194 6224/6224/6210 6204/6204/6190
f 6225/6225/6211 6224/6224/6210 6208/6208/6194
f 6210/6210/6196 6225/6225/6211 6208/6208/6194
f 6226/6226/6212 6225/6225/6211 6210/6210/6196
f 6212/6212/6198 6226/6226/6212 6210/6210/6196
f 6227/6227/6213 6226/6226/6212 6212/6212/6198
f 6228/6228/6214 6227/6227/6213 6212/6212/6198
f 6229/6229/6215 6227/6227/6213 6228/6228/6214
f 6230/6230/6216 6229/6229/6215 6228/6228/6214
f 6231/6231/6217 6229/6229/6215 6230/6230/6216
f 6232/6232/6218 6231/6231/6217 6230/6230/6216
f 6233/6233/6219 6231/6231/6217 6232/6232/6218
f 6230/6230/6216 6234/6234/6220 6232/6232/6218
f 6216/6216/6202 6218/6218/6204 6234/6234/6220
f 6230/6230/6216 6216/6216/6202 6234/6234/6220
f 6214/6214/6200 6216/6216/6202 6230/6230/6216
f 6228/6228/6214 6214/6214/6200 6230/6230/6216
f 6212/6212/6198 6214/6214/6200 6228/6228/6214
f 6235/6235/6221 6236/6236/6222 6237/6237/6223
f 6238/6238/6224 6236/6236/6222 6235/6235/6221
f 6239/6239/6225 6238/6238/6224 6235/6235/6221
f 6240/6240/6226 6238/6238/6224 6239/6239/6225
f 6241/6241/6227 6240/6240/6226 6239/6239/6225
f 6242/6242/6228 6240/6240/6226 6241/6241/6227
f 6243/6243/6229 6242/6242/6228 6241/6241/6227
f 6244/6244/6230 6242/6242/6228 6243/6243/6229
f 6245/6245/6231 6244/6244/6230 6243/6243/6229
f 6246/6246/6232 6244/6244/6230 6245/6245/6231
f 6247/6247/6233 6246/6246/6232 6245/6245/6231
f 6248/6248/6234 6246/6246/6232 6247/6247/6233
f 6249/6249/6235 6250/6250/6236 6251/6251/6237
f 6252/6252/6238 6249/6249/6235 6251/6251/6237
f 6253/6253/6239 6249/6249/6235 6252/6252/6238
f 6254/6254/6240 6253/6253/6239 6252/6252/6238
f 6255/6255/6241 6254/6254/6240 6252/6252/6238
f 6256/6256/6242 6254/6254/6240 6255/6255/6241
f 6257/6257/6243 6256/6256/6242 6255/6255/6241
f 6258/6258/6244 6256/6256/6242 6257/6257/6243
f 6259/6259/6245 6258/6258/6244 6257/6257/6243
f 6260/6260/6246 6258/6258/6244 6259/6259/6245
f 6261/6261/6247 6258/6258/6244 6260/6260/6246
f 6262/6262/6248 6261/6261/6247 6260/6260/6246
f 6263/6263/6249 6261/6261/6247 6262/6262/6248
f 6264/6264/6250 6263/6263/6249 6262/6262/6248
f 6265/6265/6251 6264/6264/6250 6262/6262/6248
f 6266/6266/6252 6267/6267/6253 6268/6268/6254
f 6269/6269/6255 6266/6266/6252 6268/6268/6254
f 6270/6270/6256 6271/6271/6257 6272/6272/6258
f 6273/6273/6259 6271/6271/6257 6270/6270/6256
f 6274/6274/6260 6273/6273/6259 6270/6270/6256
f 6275/6275/6261 6273/6273/6259 6274/6274/6260
f 6276/6276/6262 6275/6275/6261 6274/6274/6260
f 6277/6277/6263 6275/6275/6261 6276/6276/6262
f 6278/6278/6264 6275/6275/6261 6277/6277/6263
f 6279/6279/6265 6278/6278/6264 6277/6277/6263
f 6280/6280/6266 6279/6279/6265 6277/6277/6263
f 6281/6281/6267 6279/6279/6265 6280/6280/6266
f 6282/6282/6268 6279/6279/6265 6281/6281/6267
f 6283/6283/6269 6282/6282/6268 6281/6281/6267
f 6284/6284/6270 6285/6285/6271 6286/6286/6272
f 6287/6287/6273 6284/6284/6270 6286/6286/6272
f 6288/6288/6274 6284/6284/6270 6287/6287/6273
f 6289/6289/6275 6288/6288/6274 6287/6287/6273
f 6290/6290/6276 6288/6288/6274 6289/6289/6275
f 6291/6291/6277 6290/6290/6276 6289/6289/6275
f 6292/6292/6278 6291/6291/6277 6289/6289/6275
f 6293/6293/6279 6291/6291/6277 6292/6292/6278
f 6294/6294/6280 6291/6291/6277 6293/6293/6279
f 6295/6295/6281 6294/6294/6280 6293/6293/6279
f 6296/6296/6282 6295/6295/6281 6293/6293/6279
f 6297/6297/6283 6296/6296/6282 6293/6293/6279
o Mesh-002_MeshData-002.001
v -7.664730 14.082995 -1.402519
v -7.713813 13.955913 -1.362347
v -7.855464 13.954473 -1.378299
v -7.745582 14.098041 -1.442578
v -7.752017 14.220538 -1.199997
v -7.642396 14.256647 -1.186329
v -7.593113 14.092335 -1.353597
v -7.292598 14.280581 -1.065527
v -7.255881 14.102283 -1.239915
v -6.997816 14.307429 -1.041181
v -6.989052 14.117696 -1.152182
v -6.737886 14.326080 -1.038253
v -6.738522 14.130449 -1.154336
v -6.526723 14.143650 -1.155803
v -6.526723 14.143650 -1.155803
v -6.526433 14.005572 -1.099387
v -6.752827 14.013974 -1.094996
v -6.526433 14.005572 -1.099387
v -6.523427 13.975890 -0.932778
v -6.758630 13.993640 -0.985106
v -6.523427 13.975890 -0.932778
v -6.523427 13.975890 -0.932778
v -6.779242 14.014716 -0.684080
v -6.525071 14.047361 -0.644534
v -6.525071 14.047361 -0.644534
v -6.761274 14.151686 -0.472502
v -7.114196 13.935448 -0.766042
v -7.047909 14.092813 -0.457812
v -7.173778 14.001405 -0.356545
v -7.276847 13.893175 -0.505348
v -7.290779 13.900872 -0.245622
v -7.452461 13.818070 -0.361262
v -7.522380 13.891795 -0.619198
v -7.617113 13.980534 -0.428706
v -7.697211 14.098981 -0.478742
v -7.543753 14.206495 -0.360181
v -7.702988 14.319570 -0.509476
v -7.894380 14.264108 -0.486911
v -7.916848 14.075146 -0.483515
v -7.682949 14.053500 -0.643287
v -7.851743 14.101166 -0.711551
v -7.633184 14.047008 -0.862247
v -7.936478 14.080861 -0.913718
v -7.818584 14.059649 -1.169146
v -7.578562 13.962121 -1.107824
v -7.558677 13.955359 -1.302027
v -7.257568 13.977605 -1.206183
v -6.996521 14.001982 -1.106883
v -7.003598 13.965892 -0.996611
v -7.319271 13.902181 -1.043134
v -7.399402 13.976274 -0.814855
v -7.173778 14.001405 -0.356545
v -7.047909 14.092813 -0.457812
v -7.253654 14.214274 -0.330717
v -7.300610 14.053628 -0.200313
v -7.290779 13.900872 -0.245622
v -7.392683 14.145051 -0.272686
v -7.431190 14.281815 -0.416650
v -7.543753 14.206495 -0.360181
v -7.702988 14.319570 -0.509476
v -7.421676 14.396704 -0.635100
v -7.181328 14.352592 -0.523008
v -6.755143 14.343404 -0.533423
v -6.761274 14.151686 -0.472502
v -6.527964 14.170797 -0.462938
v -6.527964 14.170797 -0.462938
v -6.530900 14.363011 -0.521434
v -6.530900 14.363011 -0.521434
v -6.748115 14.406366 -0.780305
v -6.529313 14.428153 -0.823497
v -7.039459 14.408423 -0.801661
v -7.337635 14.394890 -0.869148
v -6.528747 14.358745 -1.051210
v -6.529313 14.428153 -0.823497
v -7.693835 14.373963 -0.921713
v -7.710741 14.393858 -0.643729
v -7.848723 14.308576 -0.695781
v -7.894380 14.264108 -0.486911
v -6.529313 14.428153 -0.823497
v -7.887339 14.292990 -0.956354
v -7.617113 13.980534 -0.428706
v -7.452461 13.818070 -0.361262
v -7.571076 13.924911 -0.367703
v -7.543753 14.206495 -0.360181
v -7.558609 14.049213 -0.283857
v -8.840896 14.222526 -0.854656
v -8.777463 14.287590 -0.794721
v -8.836789 14.219953 -0.914336
v -7.936478 14.080861 -0.913718
v -7.887339 14.292990 -0.956354
v -7.985403 14.080536 -0.985787
v -8.253052 14.122342 -0.918598
v -8.477671 14.281169 -0.956708
v -8.318106 14.298738 -0.947215
v -8.231506 14.308176 -0.936869
v -7.991687 14.305716 -0.933678
v -8.022624 14.100060 -0.920099
v -7.851743 14.101166 -0.711551
v -8.035661 14.102689 -0.755195
v -8.013370 14.316487 -0.728984
v -7.848723 14.308576 -0.695781
v -7.991687 14.305716 -0.933678
v -8.840896 14.222526 -0.854656
v -8.755576 14.143586 -0.808321
v -8.572845 14.278577 -0.764777
v -8.756907 14.281916 -0.958138
v -8.550936 14.274667 -0.954483
v -8.501901 14.291869 -0.753782
v -8.477671 14.281169 -0.956708
v -8.342377 14.297935 -0.736449
v -8.318106 14.298738 -0.947215
v -8.258759 14.310825 -0.736126
v -8.231506 14.308176 -0.936869
v -8.262606 14.126420 -0.754579
v -8.547617 14.111356 -0.941655
v -8.550936 14.274667 -0.954483
v -8.738512 14.136781 -0.933789
v -8.756907 14.281916 -0.958138
v -8.836789 14.219953 -0.914336
v -8.777463 14.287590 -0.794721
v -8.561063 14.118756 -0.798335
v -8.372527 14.071872 -1.260329
v -8.334114 14.237020 -1.290102
v -8.188247 14.233258 -1.258800
v -8.398996 14.219189 -1.295724
v -8.572067 14.215475 -1.320921
v -8.591219 14.107042 -1.163213
v -8.411266 14.089079 -1.115503
v -8.566447 14.091945 -1.267947
v -8.635559 14.191161 -1.273607
v -8.572067 14.215475 -1.320921
v -8.237693 14.277321 -1.072050
v -8.191353 14.084062 -1.058819
v -8.158185 14.280183 -1.048613
v -8.378620 14.273088 -1.110528
v -8.334114 14.237020 -1.290102
v -8.398996 14.219189 -1.295724
v -8.433867 14.258475 -1.123745
v -8.601396 14.244846 -1.172955
v -8.646989 14.194638 -1.217325
v -8.159232 14.068511 -1.226390
v -8.116008 14.238743 -1.241040
v -7.911108 14.247215 -1.183706
v -7.914712 14.055941 -1.176917
v -7.752017 14.220538 -1.199997
v -7.818584 14.059649 -1.169146
v -7.985403 14.080536 -0.985787
v -7.970832 14.293054 -0.990107
v -8.116008 14.238743 -1.241040
v -7.911108 14.247215 -1.183706
v -7.887339 14.292990 -0.956354
v -8.188247 14.233258 -1.258800
v -7.894380 14.264108 -0.486911
v -7.848723 14.308576 -0.695781
v -7.994596 14.309932 -0.668619
v -7.968424 14.282554 -0.469208
v -8.208656 14.300086 -0.686831
v -7.916848 14.075146 -0.483515
v -8.735541 14.216798 -0.595836
v -8.650422 14.117374 -0.511072
v -8.732275 14.217993 -0.543979
v -8.658299 14.110217 -0.631303
v -8.669173 14.265795 -0.655700
v -8.491794 14.270101 -0.670066
v -8.494361 14.078424 -0.650037
v -8.416975 14.279372 -0.671374
v -8.283201 14.287796 -0.686719
v -8.213409 14.086820 -0.666230
v -8.208656 14.300086 -0.686831
v -8.020930 14.088391 -0.678086
v -7.994596 14.309932 -0.668619
v -7.851743 14.101166 -0.711551
v -7.981330 14.100742 -0.480427
v -8.188603 14.277833 -0.478902
v -8.283201 14.287796 -0.686719
v -8.256368 14.277947 -0.485762
v -8.200830 14.093659 -0.503042
v -8.405344 14.266738 -0.475473
v -8.477934 14.080954 -0.502276
v -8.479748 14.252913 -0.472460
v -8.655203 14.268559 -0.494044
v -8.732275 14.217993 -0.543979
v -8.735541 14.216798 -0.595836
v -8.669173 14.265795 -0.655700
v -8.491794 14.270101 -0.670066
v -8.416975 14.279372 -0.671374
v -8.366163 14.069877 -1.571337
v -8.320499 14.152618 -1.560740
v -8.340721 14.038722 -1.621952
v -7.908167 14.097655 -1.518824
v -7.745582 14.098041 -1.442578
v -7.943951 13.970667 -1.442279
v -7.954565 14.086872 -1.534325
v -8.151844 13.963061 -1.515621
v -8.072498 14.078958 -1.576744
v -8.129704 14.074054 -1.595364
v -8.256350 14.067199 -1.648470
v -8.275052 13.976890 -1.585169
v -8.328113 14.029363 -1.495175
v -8.320499 14.152618 -1.560740
v -8.179573 14.167224 -1.475935
v -8.129704 14.074054 -1.595364
v -8.130594 14.187203 -1.465151
v -8.072498 14.078958 -1.576744
v -8.011179 14.199384 -1.410150
v -7.954565 14.086872 -1.534325
v -7.973976 14.204767 -1.388408
v -7.908167 14.097655 -1.518824
v -7.827858 14.227363 -1.284690
v -7.745582 14.098041 -1.442578
v -7.752017 14.220538 -1.199997
v -7.873520 14.036681 -1.236714
v -7.818584 14.059649 -1.169146
v -7.713813 13.955913 -1.362347
v -7.855464 13.954473 -1.378299
v -7.999117 14.016851 -1.346874
v -8.210119 14.016162 -1.435442
v -7.664730 14.082995 -1.402519
v -8.256350 14.067199 -1.648470
v -8.340721 14.038722 -1.621952
v -8.013370 14.316487 -0.728984
v -8.256368 14.277947 -0.485762
v -7.936478 14.080861 -0.913718
v -7.543753 14.206495 -0.360181
v -7.558609 14.049213 -0.283857
v -7.501315 14.061919 -0.189325
v -7.392683 14.145051 -0.272686
v 7.856196 13.744020 0.007637
v 7.906718 13.823166 -0.036705
v 7.835198 13.795561 0.055590
v 7.765682 13.751431 0.005393
v 7.607557 13.859465 -0.034117
v 7.614165 13.761333 -0.096097
v 7.712616 13.745102 -0.047906
v 7.667760 13.831116 -0.017415
v 7.683921 13.987803 -0.083708
v 7.748307 13.956763 -0.075415
v 7.735955 13.974400 -0.188766
v 7.816737 13.915584 -0.135391
v 7.840693 13.912665 -0.014794
v 7.859100 13.895765 -0.081248
v 7.876959 13.866074 0.022270
v 7.765229 13.799553 0.040214
v 7.856196 13.744020 0.007637
v 7.791224 13.721105 -0.104899
v 7.906718 13.823166 -0.036705
v 7.847942 13.806581 -0.159030
v 7.859100 13.895765 -0.081248
v 7.816737 13.915584 -0.135391
v 7.724039 13.856994 -0.267029
v 7.735955 13.974400 -0.188766
v 7.643684 13.894011 -0.295057
v 7.643272 14.008519 -0.232860
v 7.579275 13.918323 -0.349066
v 7.586312 14.038444 -0.264754
v 7.558609 14.049213 -0.283856
v 7.571077 13.924911 -0.367703
v 7.543754 14.206494 -0.360181
v 7.617113 13.980533 -0.428706
v 7.452463 13.818070 -0.361262
v 7.481112 13.828241 -0.306202
v 7.420824 13.844330 -0.215065
v 7.462189 13.839154 -0.192749
v 7.466209 13.932566 -0.128472
v 7.534660 13.811926 -0.152674
v 7.529729 13.898913 -0.090164
v 7.598510 14.012185 -0.134615
v 7.643272 14.008519 -0.232860
v 7.586312 14.038444 -0.264754
v 7.546370 14.035459 -0.164335
v 7.558609 14.049213 -0.283856
v 7.501316 14.061919 -0.189324
v 7.543754 14.206494 -0.360181
v 7.392684 14.145051 -0.272686
v 7.300611 14.053628 -0.200312
v 7.425466 13.957296 -0.153367
v 7.290781 13.900872 -0.245621
v 7.653484 13.752322 -0.203339
v 7.574353 13.796466 -0.240303
v 7.510210 13.817154 -0.289172
v 7.697211 14.098978 -0.478742
v 7.702988 14.319566 -0.509476
v 7.543754 14.206494 -0.360181
v 7.617113 13.980533 -0.428706
v 7.522381 13.891794 -0.619197
v 7.682949 14.053498 -0.643287
v 7.399402 13.976271 -0.814855
v 7.633184 14.047005 -0.862247
v 7.452463 13.818070 -0.361262
v 7.319271 13.902178 -1.043134
v 7.578562 13.962118 -1.107824
v 7.114196 13.935445 -0.766042
v 7.276848 13.893174 -0.505347
v 7.290781 13.900872 -0.245621
v 7.173779 14.001404 -0.356545
v 7.047909 14.092812 -0.457812
v 6.761276 14.151687 -0.472502
v 7.003599 13.965891 -0.996611
v 7.558677 13.955356 -1.302028
v 7.300611 14.053628 -0.200312
v 7.173779 14.001404 -0.356545
v 7.290781 13.900872 -0.245621
v 7.253654 14.214272 -0.330716
v 7.392684 14.145051 -0.272686
v 7.431191 14.281814 -0.416650
v 7.543754 14.206494 -0.360181
v 7.702988 14.319566 -0.509476
v 7.421676 14.396701 -0.635100
v 7.710741 14.393855 -0.643729
v 7.693835 14.373960 -0.921713
v 7.337635 14.394887 -0.869147
v 7.642397 14.256644 -1.186329
v 7.292598 14.280578 -1.065527
v 7.593113 14.092332 -1.353597
v 7.255881 14.102280 -1.239915
v 7.257568 13.977602 -1.206184
v 6.996522 14.001981 -1.106883
v 6.758632 13.993641 -0.985106
v 6.779243 14.014717 -0.684080
v 6.525072 14.047362 -0.644534
v 6.525072 14.047362 -0.644534
v 6.523428 13.975891 -0.932777
v 6.523428 13.975891 -0.932777
v 6.523428 13.975891 -0.932777
v 6.752828 14.013975 -1.094995
v 6.526435 14.005573 -1.099387
v 6.526435 14.005573 -1.099387
v 6.738523 14.130450 -1.154336
v 6.526725 14.143651 -1.155803
v 6.526725 14.143651 -1.155803
v 6.737888 14.326081 -1.038253
v 6.528748 14.358746 -1.051210
v 6.529314 14.428155 -0.823498
v 6.748116 14.406367 -0.780304
v 6.529314 14.428155 -0.823498
v 6.989053 14.117695 -1.152182
v 6.997817 14.307428 -1.041181
v 7.039460 14.408422 -0.801661
v 6.755144 14.343406 -0.533423
v 7.181329 14.352590 -0.523008
v 7.047909 14.092812 -0.457812
v 6.761276 14.151687 -0.472502
v 6.527965 14.170797 -0.462938
v 6.527965 14.170797 -0.462938
v 6.530901 14.363012 -0.521434
v 6.530901 14.363012 -0.521434
v 6.529314 14.428155 -0.823498
vt 0.369100 0.931600
vt 0.366200 0.928600
vt 0.366200 0.928600
vt 0.369100 0.931700
vt 0.364300 0.937500
vt 0.369400 0.937800
vt 0.372600 0.931800
vt 0.385300 0.938500
vt 0.386700 0.932700
vt 0.399700 0.939100
vt 0.399700 0.933700
vt 0.411900 0.938100
vt 0.411600 0.932000
vt 0.418200 0.930300
vt 0.418200 0.930300
vt 0.418200 0.924000
vt 0.411100 0.926500
vt 0.418200 0.924000
vt 0.418000 0.915100
vt 0.411100 0.918900
vt 0.418000 0.915100
vt 0.418000 0.915100
vt 0.410200 0.908200
vt 0.418000 0.907000
vt 0.418000 0.907000
vt 0.410600 0.899700
vt 0.390400 0.910900
vt 0.397900 0.899500
vt 0.390900 0.899400
vt 0.386700 0.904000
vt 0.384500 0.899200
vt 0.380100 0.900900
vt 0.380600 0.905000
vt 0.376500 0.901200
vt 0.367200 0.901200
vt 0.375700 0.899200
vt 0.366900 0.899300
vt 0.361300 0.899500
vt 0.361600 0.901200
vt 0.368400 0.907300
vt 0.360600 0.908600
vt 0.369900 0.915000
vt 0.360600 0.916100
vt 0.363800 0.924300
vt 0.371300 0.921500
vt 0.373000 0.926900
vt 0.387700 0.928100
vt 0.397900 0.928500
vt 0.395500 0.922200
vt 0.384000 0.921900
vt 0.379900 0.912500
vt 0.391400 0.958700
vt 0.397900 0.959000
vt 0.387200 0.955300
vt 0.386000 0.959100
vt 0.388400 0.959100
vt 0.383500 0.958600
vt 0.381100 0.955500
vt 0.376500 0.959100
vt 0.366900 0.958900
vt 0.381300 0.950400
vt 0.392300 0.951300
vt 0.411400 0.950400
vt 0.410600 0.958200
vt 0.418200 0.956100
vt 0.418200 0.956100
vt 0.418200 0.949900
vt 0.418200 0.949900
vt 0.411400 0.943900
vt 0.418200 0.942100
vt 0.398200 0.945900
vt 0.384000 0.944500
vt 0.418200 0.936800
vt 0.418200 0.942100
vt 0.368200 0.942700
vt 0.367400 0.949700
vt 0.361300 0.950100
vt 0.361600 0.958800
vt 0.418200 0.942100
vt 0.362500 0.941800
vt 0.717300 0.843500
vt 0.717800 0.839200
vt 0.713900 0.842500
vt 0.717800 0.846300
vt 0.712400 0.846300
vt 0.731900 0.831500
vt 0.731900 0.831500
vt 0.731900 0.838900
vt 0.754900 0.837200
vt 0.755400 0.828500
vt 0.754900 0.839000
vt 0.749000 0.837300
vt 0.741200 0.839000
vt 0.746100 0.839000
vt 0.749500 0.839000
vt 0.752900 0.839000
vt 0.752400 0.836700
vt 0.755900 0.833300
vt 0.752400 0.833100
vt 0.754900 0.828200
vt 0.755400 0.831800
vt 0.752900 0.828200
vt 0.731900 0.834100
vt 0.733400 0.834500
vt 0.737300 0.831900
vt 0.733900 0.828200
vt 0.737800 0.828200
vt 0.741200 0.831800
vt 0.741200 0.828200
vt 0.746100 0.831800
vt 0.746100 0.828200
vt 0.749000 0.831700
vt 0.749500 0.828200
vt 0.749000 0.833300
vt 0.739700 0.836800
vt 0.737800 0.839000
vt 0.733900 0.836500
vt 0.733900 0.839000
vt 0.731900 0.836500
vt 0.731900 0.839600
vt 0.739300 0.834100
vt 0.738800 0.836300
vt 0.739700 0.839000
vt 0.745100 0.839000
vt 0.736800 0.839000
vt 0.732900 0.829200
vt 0.733400 0.833600
vt 0.738800 0.833400
vt 0.732900 0.835100
vt 0.731900 0.830400
vt 0.732900 0.834800
vt 0.745600 0.831300
vt 0.748500 0.833300
vt 0.749000 0.831300
vt 0.740700 0.831400
vt 0.739700 0.828200
vt 0.736800 0.828200
vt 0.737300 0.831800
vt 0.733400 0.831500
vt 0.732400 0.831700
vt 0.748000 0.837600
vt 0.748500 0.839000
vt 0.753400 0.839000
vt 0.754400 0.838300
vt 0.755400 0.828400
vt 0.754900 0.837600
vt 0.755900 0.833300
vt 0.753400 0.831400
vt 0.748500 0.828200
vt 0.753400 0.828200
vt 0.755400 0.831700
vt 0.745100 0.828200
vt 0.755400 0.831900
vt 0.755400 0.828600
vt 0.752900 0.829100
vt 0.752900 0.831500
vt 0.748000 0.828200
vt 0.755400 0.833000
vt 0.731900 0.836300
vt 0.732900 0.834100
vt 0.731400 0.833700
vt 0.733900 0.836700
vt 0.734400 0.838900
vt 0.738800 0.839000
vt 0.739700 0.836500
vt 0.741200 0.839000
vt 0.744600 0.839000
vt 0.749000 0.836900
vt 0.748000 0.839000
vt 0.752400 0.837300
vt 0.752900 0.839000
vt 0.754900 0.837400
vt 0.752900 0.833100
vt 0.748000 0.831700
vt 0.744600 0.828200
vt 0.744600 0.828200
vt 0.748500 0.833600
vt 0.741700 0.831800
vt 0.739700 0.834400
vt 0.739300 0.832000
vt 0.733900 0.831200
vt 0.731900 0.831800
vt 0.731400 0.828700
vt 0.733900 0.828200
vt 0.738800 0.828200
vt 0.741200 0.828200
vt 0.732400 0.832400
vt 0.731400 0.833700
vt 0.731900 0.836500
vt 0.751000 0.839000
vt 0.754400 0.839000
vt 0.750000 0.837900
vt 0.749500 0.839000
vt 0.738800 0.836100
vt 0.740200 0.839000
vt 0.736800 0.839000
vt 0.732900 0.839100
vt 0.732900 0.835900
vt 0.732900 0.834200
vt 0.731900 0.831500
vt 0.738300 0.831300
vt 0.736800 0.828200
vt 0.742200 0.830600
vt 0.740200 0.828200
vt 0.747600 0.830900
vt 0.749500 0.828200
vt 0.749000 0.831200
vt 0.751000 0.828200
vt 0.754400 0.830900
vt 0.755400 0.828900
vt 0.755400 0.831800
vt 0.752900 0.833700
vt 0.755400 0.834000
vt 0.754900 0.837900
vt 0.754900 0.837900
vt 0.749500 0.834500
vt 0.738300 0.833700
vt 0.755400 0.839000
vt 0.732900 0.828500
vt 0.731900 0.831400
vt 0.752900 0.831800
vt 0.745100 0.838600
vt 0.755900 0.833300
vt 0.717800 0.826000
vt 0.711900 0.826000
vt 0.712400 0.827900
vt 0.720700 0.828400
vt 0.694300 0.834500
vt 0.693800 0.829300
vt 0.694800 0.833400
vt 0.697300 0.835900
vt 0.703600 0.834100
vt 0.703600 0.836400
vt 0.699200 0.836500
vt 0.700200 0.834100
vt 0.703600 0.828600
vt 0.700200 0.828500
vt 0.703100 0.826000
vt 0.699200 0.826200
vt 0.696800 0.829100
vt 0.696800 0.827100
vt 0.694800 0.829800
vt 0.696800 0.833900
vt 0.694300 0.838500
vt 0.698200 0.839000
vt 0.693800 0.841900
vt 0.698700 0.842800
vt 0.695300 0.846100
vt 0.699200 0.846400
vt 0.704600 0.842800
vt 0.703100 0.846400
vt 0.708500 0.842800
vt 0.710000 0.846300
vt 0.712900 0.842700
vt 0.711400 0.846300
vt 0.712400 0.846300
vt 0.713900 0.842500
vt 0.717800 0.846300
vt 0.717300 0.843500
vt 0.717800 0.839200
vt 0.712900 0.839200
vt 0.712900 0.836400
vt 0.711400 0.836500
vt 0.710900 0.833600
vt 0.709000 0.836500
vt 0.709000 0.834200
vt 0.709500 0.828200
vt 0.709500 0.826000
vt 0.710900 0.826000
vt 0.710900 0.828000
vt 0.711900 0.826000
vt 0.712400 0.827900
vt 0.717800 0.826000
vt 0.720700 0.828400
vt 0.720200 0.834100
vt 0.712400 0.833100
vt 0.717800 0.835800
vt 0.704100 0.839100
vt 0.708500 0.838900
vt 0.712400 0.839100
vt 0.367200 0.901200
vt 0.366900 0.899300
vt 0.375700 0.899200
vt 0.376500 0.901200
vt 0.380600 0.905000
vt 0.368400 0.907300
vt 0.379900 0.912500
vt 0.369900 0.915000
vt 0.380100 0.900900
vt 0.384000 0.921900
vt 0.371300 0.921500
vt 0.390400 0.910900
vt 0.386700 0.904000
vt 0.384500 0.899200
vt 0.390900 0.899400
vt 0.397900 0.899500
vt 0.410600 0.899700
vt 0.395500 0.922200
vt 0.373000 0.926900
vt 0.386000 0.959100
vt 0.391400 0.958700
vt 0.388400 0.959100
vt 0.387200 0.955300
vt 0.383500 0.958600
vt 0.381100 0.955500
vt 0.376500 0.959100
vt 0.366900 0.958900
vt 0.381300 0.950400
vt 0.367400 0.949700
vt 0.368200 0.942700
vt 0.384000 0.944500
vt 0.369400 0.937800
vt 0.385300 0.938500
vt 0.372600 0.931800
vt 0.386700 0.932700
vt 0.387700 0.928100
vt 0.397900 0.928500
vt 0.411100 0.918900
vt 0.410200 0.908200
vt 0.418000 0.907000
vt 0.418000 0.907000
vt 0.418000 0.915100
vt 0.418000 0.915100
vt 0.418000 0.915100
vt 0.411100 0.926500
vt 0.418200 0.924000
vt 0.418200 0.924000
vt 0.411600 0.932000
vt 0.418200 0.930300
vt 0.418200 0.930300
vt 0.411900 0.938100
vt 0.418200 0.936800
vt 0.418200 0.942100
vt 0.411400 0.943900
vt 0.418200 0.942100
vt 0.399700 0.933700
vt 0.399700 0.939100
vt 0.398200 0.945900
vt 0.411400 0.950400
vt 0.392300 0.951300
vt 0.397900 0.959000
vt 0.410600 0.958200
vt 0.418200 0.956100
vt 0.418200 0.956100
vt 0.418200 0.949900
vt 0.418200 0.949900
vt 0.418200 0.942100
vn 0.3904 0.3686 -0.8436
vn 0.0541 -0.7244 -0.6873
vn 0.1087 -0.3376 -0.9350
vn 0.3602 0.8365 -0.4129
vn -0.1642 0.8538 -0.4940
vn -0.0304 0.8374 -0.5457
vn 0.4163 0.3207 -0.8508
vn 0.0775 0.8100 -0.5813
vn 0.2685 0.2336 -0.9345
vn 0.0087 0.7815 -0.6238
vn 0.1619 0.0899 -0.9827
vn -0.0923 0.7729 -0.6278
vn -0.0124 0.0451 -0.9989
vn -0.1601 0.9679 0.1940
vn 0.0434 -0.9573 0.2859
vn -0.0023 -0.9685 0.2488
vn 0.0160 -0.8029 -0.5959
vn -0.0311 -0.7670 0.6409
vn -0.0269 -0.6980 0.7156
vn 0.0331 -0.9957 -0.0861
vn 0.0000 0.0000 1.0000
vn -0.0076 -0.6915 0.7223
vn 0.0768 -0.9336 0.3500
vn 0.0518 -0.5773 0.8149
vn 0.0100 -0.2600 0.9656
vn 0.0930 -0.8597 0.5022
vn 0.1734 -0.9805 0.0925
vn 0.4523 -0.8300 0.3265
vn 0.6513 -0.7449 0.1443
vn 0.3653 -0.9308 -0.0135
vn 0.5537 -0.8309 0.0543
vn 0.0155 -0.9944 -0.1042
vn -0.4091 -0.8614 -0.3011
vn -0.8122 -0.5565 0.1748
vn -0.4823 -0.4461 0.7539
vn -0.6249 0.0318 0.7800
vn -0.2533 0.1270 0.9590
vn 0.0260 0.0803 0.9964
vn -0.0606 -0.6741 0.7361
vn -0.3865 -0.9214 -0.0415
vn -0.1960 -0.9805 -0.0168
vn -0.2631 -0.9604 0.0921
vn -0.1247 -0.9886 0.0847
vn -0.3235 -0.9312 0.1680
vn -0.2962 -0.9417 0.1597
vn 0.1916 -0.8043 -0.5625
vn 0.2878 -0.6536 -0.6999
vn 0.2030 -0.7469 -0.6332
vn 0.1639 -0.9707 -0.1756
vn -0.0151 -0.9988 -0.0470
vn -0.2509 -0.9630 -0.0980
vn 0.6982 0.0863 0.7107
vn 0.3392 0.2998 0.8917
vn 0.3485 0.6024 0.7182
vn 0.6235 0.2441 0.7428
vn 0.7437 -0.1457 0.6524
vn -0.0443 0.6770 0.7346
vn -0.0226 0.8136 0.5810
vn -0.1279 0.7102 0.6923
vn -0.2079 0.8786 0.4300
vn 0.0212 0.9752 0.2201
vn 0.1009 0.8440 0.5268
vn -0.0444 0.7236 0.6887
vn -0.0233 0.0975 0.9950
vn -0.0363 0.1523 0.9877
vn 0.0247 -0.4571 0.8891
vn 0.0186 -0.9491 0.3143
vn -0.0379 0.1438 0.9889
vn -0.0497 0.6134 0.7882
vn -0.0629 0.9978 -0.0223
vn -0.0557 0.9761 0.2102
vn -0.0047 0.9952 -0.0976
vn 0.0313 0.9739 -0.2248
vn -0.1576 0.7576 -0.6335
vn -0.1392 0.8299 0.5403
vn -0.1784 0.9525 -0.2468
vn -0.2895 0.9291 0.2300
vn -0.4864 0.8631 0.1361
vn -0.2593 0.9546 0.1466
vn -0.3530 0.9011 -0.2518
vn -0.8380 -0.1067 0.5352
vn -0.6532 -0.7359 -0.1780
vn -0.8653 -0.4973 0.0620
vn -0.9564 0.0853 0.2792
vn -0.9953 0.0964 0.0050
vn -0.9952 0.0670 -0.0713
vn -0.3428 0.5537 0.7589
vn -0.6769 0.7319 -0.0781
vn -0.6690 -0.7314 -0.1323
vn -0.1793 0.7356 -0.6532
vn -0.7921 0.2913 0.5364
vn 0.0105 -0.7463 -0.6655
vn 0.0437 -0.1096 -0.9930
vn 0.0972 -0.1244 -0.9875
vn 0.0651 -0.1051 -0.9923
vn -0.1159 -0.0546 -0.9918
vn -0.0935 -0.7396 -0.6665
vn -0.2132 -0.5408 0.8137
vn -0.1145 -0.7690 0.6290
vn -0.0864 0.5748 0.8137
vn -0.1228 0.5945 0.7946
vn 0.0545 0.9968 -0.0591
vn -0.3428 0.5537 0.7588
vn -0.5835 -0.1638 0.7954
vn -0.4205 -0.6909 0.5881
vn -0.1445 0.6079 0.7808
vn 0.0422 0.9988 -0.0229
vn -0.0421 0.9983 -0.0392
vn -0.1604 0.6530 0.7402
vn -0.0833 0.9955 -0.0447
vn -0.1368 0.6249 0.7686
vn -0.1130 0.9935 -0.0165
vn -0.0691 0.6913 0.7193
vn -0.0544 0.9981 -0.0297
vn -0.0596 -0.7118 0.6998
vn -0.0318 -0.7564 -0.6534
vn -0.0243 -0.0966 -0.9950
vn -0.3233 -0.7327 -0.5989
vn -0.3881 0.1454 -0.9101
vn -0.8551 -0.2006 -0.4782
vn -0.6455 0.7562 -0.1074
vn -0.0965 -0.7790 0.6195
vn -0.9952 0.0670 -0.0714
vn 0.0393 -0.8107 -0.5841
vn 0.1767 -0.2143 -0.9607
vn 0.2055 -0.1691 -0.9640
vn 0.1432 -0.2068 -0.9679
vn 0.1453 -0.2064 -0.9676
vn -0.5691 -0.5988 0.5635
vn -0.2256 -0.6668 0.7103
vn -0.3723 -0.7980 -0.4739
vn -0.8626 0.1000 -0.4960
vn -0.3318 0.5372 -0.7754
vn -0.1868 0.7807 0.5963
vn -0.2306 -0.6767 0.6992
vn -0.2327 0.7786 0.5828
vn -0.2580 0.7923 0.5529
vn -0.0875 0.9700 -0.2269
vn -0.1130 0.9649 -0.2369
vn -0.2806 0.7481 0.6013
vn -0.5048 0.7204 0.4757
vn -0.9869 0.1049 0.1229
vn 0.1087 -0.7742 -0.6235
vn 0.2617 -0.1485 -0.9537
vn 0.0656 -0.0591 -0.9961
vn 0.0575 -0.7973 -0.6009
vn 0.0376 0.4618 -0.8862
vn 0.0874 -0.5993 -0.7958
vn -0.1956 -0.8422 0.5024
vn -0.2200 0.8076 0.5471
vn -0.0057 0.9763 -0.2162
vn 0.0827 0.9730 -0.2156
vn -0.1329 0.9175 0.3748
vn 0.0304 0.9763 -0.2143
vn 0.2705 0.6736 0.6878
vn -0.1320 0.6935 -0.7083
vn 0.0174 0.9858 0.1668
vn 0.1258 0.6463 0.7526
vn -0.1063 0.9867 0.1228
vn -0.1109 -0.8007 0.5888
vn -0.8059 -0.4768 -0.3509
vn -0.4548 -0.6451 0.6140
vn -0.7842 -0.6172 0.0637
vn -0.4920 -0.6865 -0.5353
vn -0.2924 -0.1681 -0.9414
vn -0.0520 -0.1162 -0.9919
vn -0.1177 -0.7596 -0.6396
vn -0.0731 -0.0774 -0.9943
vn -0.0366 -0.0972 -0.9946
vn -0.0128 -0.7551 -0.6555
vn 0.0162 -0.0582 -0.9982
vn -0.0611 -0.7265 -0.6844
vn -0.0615 0.0499 -0.9969
vn -0.1320 0.6934 -0.7083
vn -0.1345 -0.4841 -0.8646
vn -0.1317 -0.6226 0.7714
vn -0.0855 0.6228 0.7777
vn -0.0914 0.9926 0.0803
vn -0.0167 0.6054 0.7957
vn -0.0023 -0.7449 0.6672
vn -0.0534 0.6352 0.7705
vn -0.0642 -0.7642 0.6418
vn -0.0520 0.5520 0.8322
vn -0.3386 0.6474 0.6828
vn -0.6745 0.5902 0.4435
vn -0.5672 0.8231 0.0291
vn -0.2521 0.9677 0.0052
vn -0.0528 0.9970 0.0564
vn -0.0915 0.9936 0.0661
vn -0.9978 0.0513 -0.0430
vn -0.6617 0.4427 -0.6051
vn -0.6557 -0.5673 -0.4983
vn 0.3648 -0.5539 -0.7484
vn 0.3159 -0.5689 -0.7593
vn 0.1025 -0.9390 -0.3283
vn 0.3328 -0.5718 -0.7499
vn 0.0445 -0.9810 -0.1889
vn 0.3019 -0.5982 -0.7423
vn 0.3165 -0.5943 -0.7393
vn 0.1878 -0.5916 -0.7840
vn -0.1856 -0.9215 -0.3412
vn -0.7044 -0.3324 0.6272
vn -0.4428 0.8961 0.0314
vn -0.3183 0.8972 0.3060
vn 0.1567 0.7765 -0.6103
vn -0.2637 0.9568 0.1221
vn 0.1676 0.7553 -0.6336
vn -0.2052 0.9582 0.1993
vn 0.1158 0.7751 -0.6211
vn -0.2900 0.9425 0.1661
vn 0.1407 0.7995 -0.5839
vn -0.1649 0.9732 0.1600
vn 0.3032 0.8086 -0.5043
vn -0.4202 0.8237 0.3808
vn -0.5452 -0.4091 0.7317
vn -0.7380 -0.2347 0.6326
vn -0.0730 -0.8786 0.4720
vn 0.0295 -0.9996 -0.0031
vn -0.4706 -0.4545 0.7563
vn -0.4148 -0.3885 0.8228
vn 0.2805 -0.5628 -0.7775
vn -0.0391 0.7015 -0.7116
vn -0.4073 0.4874 -0.7724
vn 0.0109 0.9986 -0.0514
vn -0.0563 0.9968 0.0564
vn -0.7380 -0.2347 0.6327
vn -0.0686 -0.9963 0.0511
vn -0.4127 0.6422 0.6459
vn -0.8324 0.3036 0.4637
vn -0.4866 0.6036 0.6316
vn -0.0732 0.7523 0.6548
vn 0.4634 -0.4951 0.7350
vn 0.9165 0.1930 0.3504
vn 0.2172 -0.1351 0.9667
vn -0.2861 -0.7858 0.5483
vn -0.4465 -0.0054 0.8948
vn -0.5025 -0.7864 0.3591
vn -0.3505 -0.8342 0.4258
vn -0.3807 -0.0398 0.9238
vn 0.1019 0.8022 0.5883
vn 0.2610 0.8289 0.4947
vn 0.4179 0.9065 0.0607
vn 0.5131 0.8582 -0.0158
vn 0.3193 0.8188 0.4771
vn 0.6455 0.7636 -0.0154
vn 0.5933 0.4562 0.6632
vn -0.3705 -0.0362 0.9281
vn 0.4587 -0.8838 -0.0922
vn 0.2584 -0.9408 -0.2196
vn 0.8664 -0.3198 -0.3834
vn 0.7455 -0.2520 -0.6170
vn 0.8254 0.3089 -0.4725
vn 0.7314 0.3435 -0.5891
vn 0.4538 -0.1259 -0.8822
vn 0.5904 0.3964 -0.7030
vn 0.4717 -0.0997 -0.8761
vn 0.5754 0.4109 -0.7071
vn 0.7445 -0.2069 -0.6347
vn 0.6113 0.4303 -0.6641
vn 0.9231 0.2535 -0.2893
vn 0.8896 -0.4257 -0.1654
vn 0.9564 0.0853 0.2791
vn 0.8380 -0.1067 0.5352
vn 0.2484 -0.9678 -0.0410
vn 0.1341 -0.9770 -0.1659
vn -0.3864 -0.8119 0.4377
vn -0.4417 -0.7837 0.4367
vn -0.4845 0.0251 0.8744
vn -0.5818 -0.7426 0.3318
vn -0.5504 0.0096 0.8348
vn -0.0059 0.8394 0.5435
vn 0.3424 0.9340 0.1017
vn 0.3183 0.9371 0.1434
vn 0.0696 0.8066 0.5870
vn 0.6645 0.6609 0.3486
vn 0.1723 0.6799 0.7128
vn 0.4127 0.6422 0.6459
vn 0.0030 0.7100 0.7042
vn -0.2659 0.2501 0.9310
vn -0.3816 0.0299 0.9238
vn -0.4838 -0.5490 0.6815
vn -0.0737 -0.8769 -0.4749
vn -0.1195 -0.8825 -0.4548
vn -0.0382 -0.9121 -0.4082
vn 0.7791 -0.2845 0.5586
vn 0.6471 0.0886 0.7572
vn 0.6249 0.0318 0.7800
vn 0.8122 -0.5565 0.1748
vn 0.4091 -0.8614 -0.3011
vn 0.6045 -0.7912 -0.0926
vn 0.2509 -0.9630 -0.0980
vn 0.2925 -0.9520 0.0899
vn -0.0155 -0.9944 -0.1042
vn 0.0151 -0.9988 -0.0470
vn 0.2544 -0.9580 0.1322
vn -0.1734 -0.9805 0.0925
vn -0.3653 -0.9308 -0.0135
vn -0.5537 -0.8309 0.0543
vn -0.6513 -0.7449 0.1443
vn -0.4523 -0.8300 0.3265
vn -0.0930 -0.8597 0.5022
vn -0.1639 -0.9707 -0.1756
vn -0.1804 -0.6905 -0.7004
vn -0.6235 0.2441 0.7428
vn -0.6982 0.0863 0.7107
vn -0.7437 -0.1457 0.6524
vn -0.3485 0.6024 0.7182
vn 0.0443 0.6770 0.7346
vn 0.0226 0.8136 0.5810
vn 0.1279 0.7102 0.6923
vn 0.0513 0.8500 0.5242
vn -0.0212 0.9752 0.2201
vn 0.0159 0.9772 0.2116
vn 0.0112 0.9716 -0.2362
vn -0.0313 0.9739 -0.2248
vn -0.1176 0.8176 -0.5636
vn -0.0775 0.8100 -0.5813
vn -0.2864 0.3173 -0.9040
vn -0.2685 0.2336 -0.9345
vn -0.2878 -0.6536 -0.6999
vn -0.2030 -0.7469 -0.6332
vn -0.0332 -0.9958 -0.0858
vn -0.0768 -0.9336 0.3500
vn -0.0097 -0.3455 0.9384
vn -0.0518 -0.5773 0.8149
vn 0.0076 -0.6915 0.7223
vn 0.0269 -0.6980 0.7156
vn -0.0160 -0.8029 -0.5959
vn 0.0311 -0.7670 0.6409
vn 0.0023 -0.9685 0.2488
vn 0.0124 0.0451 -0.9989
vn -0.0434 -0.9573 0.2859
vn 0.1601 0.9679 0.1940
vn 0.0923 0.7729 -0.6278
vn 0.1576 0.7575 -0.6335
vn 0.1392 0.8299 0.5403
vn 0.0629 0.9978 -0.0223
vn -0.1619 0.0899 -0.9827
vn -0.0087 0.7815 -0.6238
vn 0.0047 0.9952 -0.0976
vn 0.0444 0.7236 0.6888
vn -0.1009 0.8440 0.5268
vn -0.3392 0.2998 0.8917
vn 0.0233 0.0975 0.9950
vn -0.0247 -0.4571 0.8891
vn -0.0186 -0.9491 0.3143
vn 0.0363 0.1523 0.9877
vn 0.0379 0.1438 0.9889
vn 0.0497 0.6134 0.7882
vn 0.0557 0.9761 0.2102
usemtl Material-3670.000
s 1
f 6298/6298/6284 6299/6299/6285 6300/6300/6286
f 6298/6298/6284 6301/6301/6287 6302/6302/6288
f 6303/6303/6289 6298/6298/6284 6302/6302/6288
f 6304/6304/6290 6298/6298/6284 6303/6303/6289
f 6305/6305/6291 6304/6304/6290 6303/6303/6289
f 6306/6306/6292 6304/6304/6290 6305/6305/6291
f 6307/6307/6293 6306/6306/6292 6305/6305/6291
f 6308/6308/6294 6306/6306/6292 6307/6307/6293
f 6309/6309/6295 6308/6308/6294 6307/6307/6293
f 6310/6310/6296 6308/6308/6294 6309/6309/6295
f 6311/6311/6297 6310/6310/6296 6309/6309/6295
f 6312/6312/6298 6310/6310/6296 6311/6311/6297
f 6313/6313/6299 6310/6310/6296 6312/6312/6298
f 6314/6314/6300 6310/6310/6296 6313/6313/6299
f 6315/6315/6301 6314/6314/6300 6313/6313/6299
f 6316/6316/6302 6314/6314/6300 6315/6315/6301
f 6317/6317/6303 6314/6314/6300 6316/6316/6302
f 6318/6318/6304 6317/6317/6303 6316/6316/6302
f 6319/6319/6305 6317/6317/6303 6318/6318/6304
f 6320/6320/6306 6317/6317/6303 6319/6319/6305
f 6321/6321/6307 6320/6320/6306 6319/6319/6305
f 6322/6322/6308 6320/6320/6306 6321/6321/6307
f 6323/6323/6309 6320/6320/6306 6322/6322/6308
f 6324/6324/6310 6320/6320/6306 6323/6323/6309
f 6325/6325/6311 6324/6324/6310 6323/6323/6309
f 6326/6326/6312 6324/6324/6310 6325/6325/6311
f 6327/6327/6313 6324/6324/6310 6326/6326/6312
f 6328/6328/6314 6327/6327/6313 6326/6326/6312
f 6329/6329/6315 6327/6327/6313 6328/6328/6314
f 6330/6330/6316 6327/6327/6313 6329/6329/6315
f 6331/6331/6317 6330/6330/6316 6329/6329/6315
f 6332/6332/6318 6330/6330/6316 6331/6331/6317
f 6333/6333/6319 6332/6332/6318 6331/6331/6317
f 6334/6334/6320 6332/6332/6318 6333/6333/6319
f 6335/6335/6321 6332/6332/6318 6334/6334/6320
f 6336/6336/6322 6332/6332/6318 6335/6335/6321
f 6337/6337/6323 6332/6332/6318 6336/6336/6322
f 6338/6338/6324 6337/6337/6323 6336/6336/6322
f 6339/6339/6325 6337/6337/6323 6338/6338/6324
f 6340/6340/6326 6339/6339/6325 6338/6338/6324
f 6341/6341/6327 6339/6339/6325 6340/6340/6326
f 6342/6342/6328 6339/6339/6325 6341/6341/6327
f 6299/6299/6285 6342/6342/6328 6341/6341/6327
f 6343/6343/6329 6342/6342/6328 6299/6299/6285
f 6298/6298/6284 6343/6343/6329 6299/6299/6285
f 6304/6304/6290 6343/6343/6329 6298/6298/6284
f 6306/6306/6292 6343/6343/6329 6304/6304/6290
f 6344/6344/6330 6343/6343/6329 6306/6306/6292
f 6308/6308/6294 6344/6344/6330 6306/6306/6292
f 6345/6345/6331 6344/6344/6330 6308/6308/6294
f 6310/6310/6296 6345/6345/6331 6308/6308/6294
f 6314/6314/6300 6345/6345/6331 6310/6310/6296
f 6317/6317/6303 6345/6345/6331 6314/6314/6300
f 6346/6346/6332 6345/6345/6331 6317/6317/6303
f 6324/6324/6310 6346/6346/6332 6317/6317/6303
f 6347/6347/6333 6346/6346/6332 6324/6324/6310
f 6348/6348/6334 6347/6347/6333 6324/6324/6310
f 6339/6339/6325 6347/6347/6333 6348/6348/6334
f 6337/6337/6323 6339/6339/6325 6348/6348/6334
f 6330/6330/6316 6337/6337/6323 6348/6348/6334
f 6332/6332/6318 6337/6337/6323 6330/6330/6316
f 6347/6347/6333 6339/6339/6325 6342/6342/6328
f 6343/6343/6329 6347/6347/6333 6342/6342/6328
f 6344/6344/6330 6347/6347/6333 6343/6343/6329
f 6345/6345/6331 6347/6347/6333 6344/6344/6330
f 6346/6346/6332 6347/6347/6333 6345/6345/6331
f 6330/6330/6316 6324/6324/6310 6327/6327/6313
f 6348/6348/6334 6324/6324/6310 6330/6330/6316
f 6320/6320/6306 6324/6324/6310 6317/6317/6303
f 6349/6349/6335 6350/6350/6336 6351/6351/6337
f 6352/6352/6338 6353/6353/6339 6349/6349/6335
f 6351/6351/6337 6352/6352/6338 6349/6349/6335
f 6354/6354/6340 6352/6352/6338 6351/6351/6337
f 6355/6355/6341 6354/6354/6340 6351/6351/6337
f 6356/6356/6342 6354/6354/6340 6355/6355/6341
f 6357/6357/6343 6356/6356/6342 6355/6355/6341
f 6358/6358/6344 6357/6357/6343 6355/6355/6341
f 6351/6351/6337 6358/6358/6344 6355/6355/6341
f 6359/6359/6345 6358/6358/6344 6351/6351/6337
f 6350/6350/6336 6359/6359/6345 6351/6351/6337
f 6360/6360/6346 6359/6359/6345 6350/6350/6336
f 6361/6361/6347 6360/6360/6346 6350/6350/6336
f 6362/6362/6348 6360/6360/6346 6361/6361/6347
f 6363/6363/6349 6362/6362/6348 6361/6361/6347
f 6322/6322/6350 6363/6363/6349 6361/6361/6347
f 6360/6360/6346 6362/6362/6348 6364/6364/6351
f 6365/6365/6352 6360/6360/6346 6364/6364/6351
f 6366/6366/6353 6365/6365/6352 6367/6367/6354
f 6360/6360/6346 6365/6365/6352 6366/6366/6353
f 6368/6368/6355 6360/6360/6346 6366/6366/6353
f 6359/6359/6345 6360/6360/6346 6368/6368/6355
f 6369/6369/6356 6359/6359/6345 6368/6368/6355
f 6358/6358/6344 6359/6359/6345 6369/6369/6356
f 6309/6309/6295 6370/6370/6357 6311/6311/6297
f 6371/6371/6358 6370/6370/6357 6309/6309/6295
f 6366/6366/6353 6371/6371/6358 6309/6309/6295
f 6307/6307/6293 6366/6366/6353 6309/6309/6295
f 6368/6368/6355 6366/6366/6353 6307/6307/6293
f 6305/6305/6291 6368/6368/6355 6307/6307/6293
f 6369/6369/6356 6368/6368/6355 6305/6305/6291
f 6303/6303/6289 6369/6369/6356 6305/6305/6291
f 6372/6372/6359 6369/6369/6356 6303/6303/6289
f 6358/6358/6344 6369/6369/6356 6372/6372/6359
f 6373/6373/6360 6358/6358/6344 6372/6372/6359
f 6357/6357/6343 6358/6358/6344 6373/6373/6360
f 6374/6374/6361 6357/6357/6343 6373/6373/6360
f 6375/6375/6362 6357/6357/6343 6374/6374/6361
f 6371/6371/6358 6366/6366/6353 6376/6376/6304
f 6303/6303/6289 6302/6302/6288 6377/6377/6363
f 6372/6372/6359 6303/6303/6289 6377/6377/6363
f 6373/6373/6360 6372/6372/6359 6377/6377/6363
f 6374/6374/6361 6373/6373/6360 6377/6377/6363
f 6378/6378/6364 6379/6379/6365 6380/6380/6366
f 6381/6381/6367 6378/6378/6364 6380/6380/6366
f 6382/6382/6368 6381/6381/6367 6380/6380/6366
f 6383/6383/6369 6384/6384/6370 6385/6385/6371
f 6386/6386/6372 6387/6387/6373 6388/6388/6374
f 6389/6389/6375 6390/6390/6376 6391/6391/6377
f 6392/6392/6378 6389/6389/6375 6391/6391/6377
f 6393/6393/6379 6389/6389/6375 6392/6392/6378
f 6394/6394/6380 6389/6389/6375 6393/6393/6379
f 6387/6387/6373 6394/6394/6380 6393/6393/6379
f 6386/6386/6372 6394/6394/6380 6387/6387/6373
f 6395/6395/6381 6394/6394/6380 6386/6386/6372
f 6396/6396/6382 6394/6394/6380 6395/6395/6381
f 6397/6397/6383 6396/6396/6382 6395/6395/6381
f 6398/6398/6384 6397/6397/6383 6395/6395/6381
f 6399/6399/6385 6397/6397/6383 6398/6398/6384
f 6387/6387/6373 6399/6399/6385 6398/6398/6384
f 6394/6394/6380 6396/6396/6382 6389/6389/6375
f 6384/6384/6386 6400/6400/6387 6401/6401/6388
f 6402/6402/6389 6384/6384/6386 6401/6401/6388
f 6403/6403/6390 6384/6384/6386 6402/6402/6389
f 6404/6404/6391 6403/6403/6390 6402/6402/6389
f 6405/6405/6392 6404/6404/6391 6402/6402/6389
f 6406/6406/6393 6404/6404/6391 6405/6405/6392
f 6407/6407/6394 6406/6406/6393 6405/6405/6392
f 6408/6408/6395 6406/6406/6393 6407/6407/6394
f 6409/6409/6396 6408/6408/6395 6407/6407/6394
f 6410/6410/6397 6408/6408/6395 6409/6409/6396
f 6397/6397/6383 6410/6410/6397 6409/6409/6396
f 6396/6396/6382 6397/6397/6383 6409/6409/6396
f 6411/6411/6398 6396/6396/6382 6409/6409/6396
f 6389/6389/6375 6396/6396/6382 6411/6411/6398
f 6412/6412/6399 6389/6389/6375 6411/6411/6398
f 6390/6390/6376 6389/6389/6375 6412/6412/6399
f 6413/6413/6400 6390/6390/6376 6412/6412/6399
f 6414/6414/6401 6413/6413/6400 6412/6412/6399
f 6415/6415/6402 6413/6413/6400 6414/6414/6401
f 6416/6416/6403 6415/6415/6402 6414/6414/6401
f 6417/6417/6404 6415/6415/6402 6416/6416/6403
f 6412/6412/6399 6418/6418/6405 6414/6414/6401
f 6411/6411/6398 6418/6418/6405 6412/6412/6399
f 6401/6401/6388 6383/6383/6406 6416/6416/6403
f 6414/6414/6401 6401/6401/6388 6416/6416/6403
f 6418/6418/6405 6401/6401/6388 6414/6414/6401
f 6402/6402/6389 6401/6401/6388 6418/6418/6405
f 6405/6405/6392 6402/6402/6389 6418/6418/6405
f 6407/6407/6394 6405/6405/6392 6418/6418/6405
f 6411/6411/6398 6407/6407/6394 6418/6418/6405
f 6409/6409/6396 6407/6407/6394 6411/6411/6398
f 6419/6419/6407 6420/6420/6408 6421/6421/6409
f 6422/6422/6410 6420/6420/6408 6419/6419/6407
f 6423/6423/6411 6422/6422/6410 6419/6419/6407
f 6424/6424/6412 6419/6419/6407 6425/6425/6413
f 6426/6426/6414 6419/6419/6407 6424/6424/6412
f 6427/6427/6415 6426/6426/6414 6424/6424/6412
f 6428/6428/6416 6426/6426/6414 6427/6427/6415
f 6419/6419/6407 6426/6426/6414 6428/6428/6416
f 6429/6429/6417 6430/6430/6418 6431/6431/6419
f 6432/6432/6420 6430/6430/6418 6429/6429/6417
f 6433/6433/6421 6432/6432/6420 6429/6429/6417
f 6434/6434/6422 6432/6432/6420 6433/6433/6421
f 6435/6435/6423 6432/6432/6420 6434/6434/6422
f 6428/6428/6416 6435/6435/6423 6434/6434/6422
f 6436/6436/6424 6435/6435/6423 6428/6428/6416
f 6427/6427/6415 6436/6436/6424 6428/6428/6416
f 6437/6437/6425 6436/6436/6424 6427/6427/6415
f 6424/6424/6412 6437/6437/6425 6427/6427/6415
f 6436/6436/6424 6437/6437/6425 6424/6424/6412
f 6435/6435/6423 6436/6436/6424 6424/6424/6412
f 6425/6425/6413 6435/6435/6423 6424/6424/6412
f 6432/6432/6420 6435/6435/6423 6425/6425/6413
f 6430/6430/6418 6432/6432/6420 6425/6425/6413
f 6419/6419/6407 6430/6430/6418 6425/6425/6413
f 6438/6438/6426 6430/6430/6418 6419/6419/6407
f 6421/6421/6409 6438/6438/6426 6419/6419/6407
f 6439/6439/6427 6438/6438/6426 6421/6421/6409
f 6440/6440/6428 6438/6438/6426 6439/6439/6427
f 6441/6441/6429 6438/6438/6426 6440/6440/6428
f 6442/6442/6430 6441/6441/6429 6440/6440/6428
f 6443/6443/6431 6441/6441/6429 6442/6442/6430
f 6444/6444/6432 6441/6441/6429 6443/6443/6431
f 6430/6430/6418 6441/6441/6429 6444/6444/6432
f 6431/6431/6419 6430/6430/6418 6444/6444/6432
f 6445/6445/6433 6431/6431/6419 6444/6444/6432
f 6446/6446/6434 6431/6431/6419 6445/6445/6433
f 6447/6447/6435 6446/6446/6434 6445/6445/6433
f 6448/6448/6436 6447/6447/6435 6445/6445/6433
f 6442/6442/6430 6447/6447/6435 6448/6448/6436
f 6445/6445/6433 6444/6444/6432 6448/6448/6436
f 6438/6438/6426 6441/6441/6429 6430/6430/6418
f 6431/6431/6419 6446/6446/6434 6449/6449/6437
f 6429/6429/6417 6431/6431/6419 6449/6449/6437
f 6433/6433/6421 6429/6429/6417 6449/6449/6437
f 6450/6450/6438 6451/6451/6439 6452/6452/6440
f 6453/6453/6441 6452/6452/6440 6454/6454/6442
f 6450/6450/6438 6452/6452/6440 6453/6453/6441
f 6455/6455/6443 6450/6450/6438 6453/6453/6441
f 6456/6456/6444 6457/6457/6445 6458/6458/6446
f 6459/6459/6447 6457/6457/6445 6456/6456/6444
f 6460/6460/6448 6459/6459/6447 6456/6456/6444
f 6461/6461/6449 6459/6459/6447 6460/6460/6448
f 6462/6462/6450 6459/6459/6447 6461/6461/6449
f 6463/6463/6451 6462/6462/6450 6461/6461/6449
f 6464/6464/6452 6462/6462/6450 6463/6463/6451
f 6465/6465/6453 6462/6462/6450 6464/6464/6452
f 6466/6466/6454 6465/6465/6453 6464/6464/6452
f 6467/6467/6455 6465/6465/6453 6466/6466/6454
f 6468/6468/6456 6467/6467/6455 6466/6466/6454
f 6451/6451/6457 6467/6467/6455 6468/6468/6456
f 6469/6469/6458 6467/6467/6455 6451/6451/6457
f 6455/6455/6443 6467/6467/6455 6469/6469/6458
f 6470/6470/6459 6467/6467/6455 6455/6455/6443
f 6453/6453/6441 6470/6470/6459 6455/6455/6443
f 6471/6471/6460 6470/6470/6459 6453/6453/6441
f 6454/6454/6442 6471/6471/6460 6453/6453/6441
f 6472/6472/6461 6471/6471/6460 6454/6454/6442
f 6473/6473/6462 6471/6471/6460 6472/6472/6461
f 6474/6474/6463 6471/6471/6460 6473/6473/6462
f 6475/6475/6464 6474/6474/6463 6473/6473/6462
f 6476/6476/6465 6474/6474/6463 6475/6475/6464
f 6477/6477/6466 6476/6476/6465 6475/6475/6464
f 6457/6457/6445 6476/6476/6465 6477/6477/6466
f 6478/6478/6467 6457/6457/6445 6477/6477/6466
f 6479/6479/6468 6457/6457/6445 6478/6478/6467
f 6480/6480/6469 6479/6479/6468 6478/6478/6467
f 6481/6481/6470 6480/6480/6469 6478/6478/6467
f 6482/6482/6471 6481/6481/6470 6478/6478/6467
f 6477/6477/6466 6482/6482/6471 6478/6478/6467
f 6475/6475/6464 6482/6482/6471 6477/6477/6466
f 6483/6483/6472 6482/6482/6471 6475/6475/6464
f 6473/6473/6462 6483/6483/6472 6475/6475/6464
f 6476/6476/6465 6457/6457/6445 6459/6459/6447
f 6462/6462/6450 6476/6476/6465 6459/6459/6447
f 6465/6465/6453 6476/6476/6465 6462/6462/6450
f 6474/6474/6463 6476/6476/6465 6465/6465/6453
f 6470/6470/6459 6474/6474/6463 6465/6465/6453
f 6471/6471/6460 6474/6474/6463 6470/6470/6459
f 6470/6470/6459 6465/6465/6453 6467/6467/6455
f 6484/6484/6473 6485/6485/6474 6486/6486/6475
f 6487/6487/6476 6488/6488/6477 6489/6489/6478
f 6490/6490/6479 6487/6487/6476 6489/6489/6478
f 6491/6491/6480 6490/6490/6479 6489/6489/6478
f 6492/6492/6481 6490/6490/6479 6491/6491/6480
f 6493/6493/6482 6492/6492/6481 6491/6491/6480
f 6494/6494/6483 6493/6493/6482 6491/6491/6480
f 6495/6495/6484 6494/6494/6483 6491/6491/6480
f 6486/6486/6475 6494/6494/6483 6495/6495/6484
f 6496/6496/6485 6486/6486/6475 6495/6495/6484
f 6484/6484/6473 6486/6486/6475 6496/6496/6485
f 6497/6497/6486 6484/6484/6473 6496/6496/6485
f 6498/6498/6487 6497/6497/6486 6496/6496/6485
f 6499/6499/6488 6497/6497/6486 6498/6498/6487
f 6500/6500/6489 6499/6499/6488 6498/6498/6487
f 6501/6501/6490 6499/6499/6488 6500/6500/6489
f 6502/6502/6491 6501/6501/6490 6500/6500/6489
f 6503/6503/6492 6501/6501/6490 6502/6502/6491
f 6504/6504/6493 6503/6503/6492 6502/6502/6491
f 6505/6505/6494 6503/6503/6492 6504/6504/6493
f 6506/6506/6495 6505/6505/6494 6504/6504/6493
f 6507/6507/6496 6505/6505/6494 6506/6506/6495
f 6508/6508/6497 6507/6507/6496 6506/6506/6495
f 6509/6509/6498 6508/6508/6497 6506/6506/6495
f 6510/6510/6499 6508/6508/6497 6509/6509/6498
f 6511/6511/6500 6510/6510/6499 6509/6509/6498
f 6512/6512/6501 6511/6511/6500 6509/6509/6498
f 6513/6513/6502 6512/6512/6501 6509/6509/6498
f 6489/6489/6478 6512/6512/6501 6513/6513/6502
f 6491/6491/6480 6489/6489/6478 6513/6513/6502
f 6514/6514/6503 6491/6491/6480 6513/6513/6502
f 6495/6495/6484 6491/6491/6480 6514/6514/6503
f 6496/6496/6485 6495/6495/6484 6514/6514/6503
f 6498/6498/6487 6496/6496/6485 6514/6514/6503
f 6500/6500/6489 6498/6498/6487 6514/6514/6503
f 6502/6502/6491 6500/6500/6489 6514/6514/6503
f 6513/6513/6502 6502/6502/6491 6514/6514/6503
f 6504/6504/6493 6502/6502/6491 6513/6513/6502
f 6509/6509/6498 6504/6504/6493 6513/6513/6502
f 6506/6506/6495 6504/6504/6493 6509/6509/6498
f 6488/6488/6477 6512/6512/6501 6489/6489/6478
f 6515/6515/6504 6512/6512/6501 6488/6488/6477
f 6497/6497/6486 6516/6516/6505 6517/6517/6506
f 6499/6499/6488 6516/6516/6505 6497/6497/6486
f 6518/6518/6507 6399/6399/6385 6410/6410/6397
f 6519/6519/6508 6472/6472/6461 6483/6483/6472
f 6510/6510/6509 6520/6520/6510 6444/6444/6432
f 6521/6521/6511 6522/6522/6512 6523/6523/6513
f 6524/6524/6514 6521/6521/6511 6523/6523/6513
f 6525/6525/6515 6526/6526/6516 6527/6527/6517
f 6528/6528/6518 6525/6525/6515 6527/6527/6517
f 6529/6529/6519 6530/6530/6520 6531/6531/6521
f 6532/6532/6522 6529/6529/6519 6531/6531/6521
f 6533/6533/6523 6529/6529/6519 6532/6532/6522
f 6534/6534/6524 6533/6533/6523 6532/6532/6522
f 6535/6535/6525 6533/6533/6523 6534/6534/6524
f 6536/6536/6526 6535/6535/6525 6534/6534/6524
f 6537/6537/6527 6536/6536/6526 6534/6534/6524
f 6538/6538/6528 6536/6536/6526 6537/6537/6527
f 6526/6526/6516 6538/6538/6528 6537/6537/6527
f 6539/6539/6529 6526/6526/6516 6537/6537/6527
f 6527/6527/6517 6526/6526/6516 6539/6539/6529
f 6540/6540/6530 6527/6527/6517 6539/6539/6529
f 6528/6528/6518 6527/6527/6517 6540/6540/6530
f 6532/6532/6522 6528/6528/6518 6540/6540/6530
f 6531/6531/6521 6528/6528/6518 6532/6532/6522
f 6541/6541/6531 6528/6528/6518 6531/6531/6521
f 6542/6542/6532 6541/6541/6531 6531/6531/6521
f 6543/6543/6533 6541/6541/6531 6542/6542/6532
f 6544/6544/6534 6543/6543/6533 6542/6542/6532
f 6545/6545/6535 6543/6543/6533 6544/6544/6534
f 6546/6546/6536 6545/6545/6535 6544/6544/6534
f 6547/6547/6537 6546/6546/6536 6544/6544/6534
f 6548/6548/6538 6546/6546/6536 6547/6547/6537
f 6549/6549/6539 6548/6548/6538 6547/6547/6537
f 6550/6550/6540 6548/6548/6538 6549/6549/6539
f 6551/6551/6541 6550/6550/6540 6549/6549/6539
f 6552/6552/6542 6550/6550/6540 6551/6551/6541
f 6553/6553/6543 6552/6552/6542 6551/6551/6541
f 6554/6554/6544 6553/6553/6543 6551/6551/6541
f 6555/6555/6545 6553/6553/6543 6554/6554/6544
f 6556/6556/6546 6555/6555/6545 6554/6554/6544
f 6557/6557/6547 6556/6556/6546 6554/6554/6544
f 6558/6558/6548 6557/6557/6547 6554/6554/6544
f 6559/6559/6549 6557/6557/6547 6558/6558/6548
f 6560/6560/6550 6559/6559/6549 6558/6558/6548
f 6561/6561/6551 6559/6559/6549 6560/6560/6550
f 6562/6562/6552 6561/6561/6551 6560/6560/6550
f 6563/6563/6553 6561/6561/6551 6562/6562/6552
f 6529/6529/6519 6563/6563/6553 6562/6562/6552
f 6533/6533/6523 6563/6563/6553 6529/6529/6519
f 6564/6564/6554 6563/6563/6553 6533/6533/6523
f 6565/6565/6555 6564/6564/6554 6533/6533/6523
f 6566/6566/6556 6564/6564/6554 6565/6565/6555
f 6567/6567/6557 6564/6564/6554 6566/6566/6556
f 6568/6568/6558 6567/6567/6557 6566/6566/6556
f 6569/6569/6559 6567/6567/6557 6568/6568/6558
f 6570/6570/6560 6569/6569/6559 6568/6568/6558
f 6571/6571/6561 6569/6569/6559 6570/6570/6560
f 6572/6572/6562 6569/6569/6559 6571/6571/6561
f 6573/6573/6563 6569/6569/6559 6572/6572/6562
f 6574/6574/6564 6573/6573/6563 6572/6572/6562
f 6559/6559/6549 6573/6573/6563 6574/6574/6564
f 6557/6557/6547 6559/6559/6549 6574/6574/6564
f 6573/6573/6563 6559/6559/6549 6561/6561/6551
f 6567/6567/6557 6573/6573/6563 6561/6561/6551
f 6569/6569/6559 6573/6573/6563 6567/6567/6557
f 6563/6563/6553 6567/6567/6557 6561/6561/6551
f 6564/6564/6554 6567/6567/6557 6563/6563/6553
f 6565/6565/6555 6533/6533/6523 6535/6535/6525
f 6562/6562/6552 6530/6530/6520 6529/6529/6519
f 6530/6530/6520 6542/6542/6532 6531/6531/6521
f 6530/6530/6520 6575/6575/6565 6542/6542/6532
f 6576/6576/6566 6575/6575/6565 6530/6530/6520
f 6562/6562/6552 6576/6576/6566 6530/6530/6520
f 6577/6577/6567 6576/6576/6566 6562/6562/6552
f 6560/6560/6550 6577/6577/6567 6562/6562/6552
f 6558/6558/6548 6577/6577/6567 6560/6560/6550
f 6554/6554/6544 6577/6577/6567 6558/6558/6548
f 6551/6551/6541 6577/6577/6567 6554/6554/6544
f 6576/6576/6566 6577/6577/6567 6551/6551/6541
f 6549/6549/6539 6576/6576/6566 6551/6551/6541
f 6575/6575/6565 6576/6576/6566 6549/6549/6539
f 6547/6547/6537 6575/6575/6565 6549/6549/6539
f 6542/6542/6532 6575/6575/6565 6547/6547/6537
f 6544/6544/6534 6542/6542/6532 6547/6547/6537
f 6537/6537/6527 6540/6540/6530 6539/6539/6529
f 6532/6532/6522 6540/6540/6530 6537/6537/6527
f 6534/6534/6524 6532/6532/6522 6537/6537/6527
f 6578/6578/6568 6579/6579/6569 6580/6580/6570
f 6578/6578/6568 6580/6580/6570 6581/6581/6571
f 6582/6582/6572 6578/6578/6568 6581/6581/6571
f 6583/6583/6573 6578/6578/6568 6582/6582/6572
f 6584/6584/6574 6583/6583/6573 6582/6582/6572
f 6585/6585/6575 6583/6583/6573 6584/6584/6574
f 6581/6581/6571 6586/6586/6576 6582/6582/6572
f 6587/6587/6577 6588/6588/6578 6585/6585/6575
f 6584/6584/6574 6587/6587/6577 6585/6585/6575
f 6589/6589/6579 6587/6587/6577 6584/6584/6574
f 6582/6582/6572 6589/6589/6579 6584/6584/6574
f 6590/6590/6580 6589/6589/6579 6582/6582/6572
f 6586/6586/6576 6590/6590/6580 6582/6582/6572
f 6591/6591/6581 6590/6590/6580 6586/6586/6576
f 6592/6592/6582 6590/6590/6580 6591/6591/6581
f 6589/6589/6579 6590/6590/6580 6592/6592/6582
f 6593/6593/6583 6589/6589/6579 6592/6592/6582
f 6594/6594/6584 6589/6589/6579 6593/6593/6583
f 6595/6595/6585 6587/6587/6577 6589/6589/6579
f 6596/6596/6586 6588/6588/6578 6587/6587/6577
f 6597/6597/6587 6598/6598/6588 6599/6599/6589
f 6600/6600/6590 6598/6598/6588 6597/6597/6587
f 6601/6601/6591 6600/6600/6590 6597/6597/6587
f 6602/6602/6592 6600/6600/6590 6601/6601/6591
f 6603/6603/6593 6602/6602/6592 6601/6601/6591
f 6604/6604/6594 6602/6602/6592 6603/6603/6593
f 6605/6605/6595 6602/6602/6592 6604/6604/6594
f 6606/6606/6596 6605/6605/6595 6604/6604/6594
f 6607/6607/6597 6605/6605/6595 6606/6606/6596
f 6608/6608/6598 6605/6605/6595 6607/6607/6597
f 6609/6609/6599 6608/6608/6598 6607/6607/6597
f 6610/6610/6600 6608/6608/6598 6609/6609/6599
f 6611/6611/6601 6610/6610/6600 6609/6609/6599
f 6612/6612/6602 6610/6610/6600 6611/6611/6601
f 6596/6596/6586 6612/6612/6602 6611/6611/6601
f 6613/6613/6603 6612/6612/6602 6596/6596/6586
f 6587/6587/6577 6613/6613/6603 6596/6596/6586
f 6614/6614/6604 6613/6613/6603 6587/6587/6577
f 6595/6595/6585 6614/6614/6604 6587/6587/6577
f 6615/6615/6605 6614/6614/6604 6595/6595/6585
f 6589/6589/6579 6615/6615/6605 6595/6595/6585
f 6616/6616/6606 6615/6615/6605 6589/6589/6579
f 6594/6594/6584 6616/6616/6606 6589/6589/6579
f 6617/6617/6607 6616/6616/6606 6594/6594/6584
f 6618/6618/6608 6616/6616/6606 6617/6617/6607
f 6619/6619/6609 6616/6616/6606 6618/6618/6608
f 6615/6615/6605 6616/6616/6606 6619/6619/6609
f 6620/6620/6304 6615/6615/6605 6619/6619/6609
f 6621/6621/6610 6615/6615/6605 6620/6620/6304
f 6622/6622/6611 6615/6615/6605 6621/6621/6610
f 6623/6623/6612 6622/6622/6611 6621/6621/6610
f 6624/6624/6613 6622/6622/6611 6623/6623/6612
f 6625/6625/6614 6622/6622/6611 6624/6624/6613
f 6626/6626/6615 6625/6625/6614 6624/6624/6613
f 6627/6627/6616 6625/6625/6614 6626/6626/6615
f 6628/6628/6617 6625/6625/6614 6627/6627/6616
f 6629/6629/6618 6628/6628/6617 6627/6627/6616
f 6630/6630/6619 6628/6628/6617 6629/6629/6618
f 6631/6631/6620 6628/6628/6617 6630/6630/6619
f 6632/6632/6304 6631/6631/6620 6630/6630/6619
f 6625/6625/6614 6628/6628/6617 6633/6633/6621
f 6614/6614/6604 6615/6615/6605 6622/6622/6611
f 6625/6625/6614 6614/6614/6604 6622/6622/6611
f 6633/6633/6621 6614/6614/6604 6625/6625/6614
f 6613/6613/6603 6614/6614/6604 6633/6633/6621
f 6612/6612/6602 6613/6613/6603 6633/6633/6621
f 6634/6634/6622 6612/6612/6602 6633/6633/6621
f 6628/6628/6617 6634/6634/6622 6633/6633/6621
f 6631/6631/6620 6634/6634/6622 6628/6628/6617
f 6635/6635/6623 6634/6634/6622 6631/6631/6620
f 6636/6636/6624 6635/6635/6623 6631/6631/6620
f 6637/6637/6625 6635/6635/6623 6636/6636/6624
f 6638/6638/6626 6637/6637/6625 6636/6636/6624
f 6600/6600/6590 6637/6637/6625 6638/6638/6626
f 6598/6598/6588 6600/6600/6590 6638/6638/6626
f 6639/6639/6627 6638/6638/6626 6636/6636/6624
f 6610/6610/6600 6612/6612/6602 6634/6634/6622
f 6635/6635/6623 6610/6610/6600 6634/6634/6622
f 6608/6608/6598 6610/6610/6600 6635/6635/6623
f 6637/6637/6625 6608/6608/6598 6635/6635/6623
f 6605/6605/6595 6608/6608/6598 6637/6637/6625
f 6600/6600/6590 6605/6605/6595 6637/6637/6625
f 6602/6602/6592 6605/6605/6595 6600/6600/6590
f 6639/6639/6627 6640/6640/6628 6617/6617/6629
f 6641/6641/6630 6640/6640/6628 6639/6639/6627
f 6636/6636/6624 6641/6641/6630 6639/6639/6627
f 6642/6642/6631 6641/6641/6630 6636/6636/6624
f 6643/6643/6632 6642/6642/6631 6636/6636/6624
f 6631/6631/6620 6643/6643/6632 6636/6636/6624
f 6644/6644/6633 6643/6643/6632 6631/6631/6620
o Mesh-007_MeshData-007.001
v -1.452401 10.816402 -0.306452
v -1.561199 10.712943 -0.277886
v -1.508980 10.710175 -0.100807
v -1.401204 10.813694 -0.132867
v -1.359813 10.811369 0.009458
v -1.468611 10.707910 0.038024
v -1.416392 10.705141 0.215103
v -1.308617 10.808661 0.183043
v -1.509628 10.710909 -0.100604
v -1.453047 10.817136 -0.306249
v -1.401851 10.814429 -0.132664
v -1.561847 10.713676 -0.277683
v -1.417041 10.705875 0.215306
v -1.360460 10.812104 0.009661
v -1.309263 10.809396 0.183246
v -1.469260 10.708635 0.038227
v -0.654291 16.137199 -0.117149
v -0.651985 16.001858 -0.127537
v -0.678659 15.997309 -0.113783
v -0.680348 16.135559 -0.101664
v -0.494787 16.045588 0.338411
v -0.543129 16.002197 0.411671
v -0.275865 15.976602 0.530460
v -0.340045 15.906588 0.607418
v 0.000000 15.910208 0.703576
v 0.000000 15.783425 0.839059
v 0.275865 15.976602 0.530460
v 0.340045 15.906588 0.607418
v 0.494787 16.045588 0.338411
v 0.543129 16.002197 0.411671
v 0.654291 16.137199 -0.117149
v 0.680348 16.135559 -0.101664
v 0.651985 16.001858 -0.127537
v 0.678652 15.997602 -0.113675
v 0.596471 15.549432 -0.295266
v 0.623091 15.545981 -0.282881
v 0.675136 15.310678 -0.388025
v 0.699299 15.325735 -0.371969
v 0.823508 15.167163 -0.362791
v 0.838652 15.186102 -0.344534
v 0.684577 14.996155 -0.035049
v 0.697986 15.011943 -0.012855
v 0.357998 14.819643 0.311474
v 0.370400 14.826214 0.338389
v 0.000000 14.751805 0.492424
v 0.000000 14.756656 0.522389
v -0.357998 14.819643 0.311474
v -0.370400 14.826214 0.338389
v -0.684577 14.996155 -0.035049
v -0.697986 15.011943 -0.012855
v -0.823508 15.167163 -0.362791
v -0.838652 15.186102 -0.344534
v -0.675139 15.310678 -0.388025
v -0.699107 15.325956 -0.371942
v -0.585096 15.549432 -0.295263
v -0.611714 15.546082 -0.282844
v -0.529889 15.906618 0.339610
v -0.301151 15.828589 0.543515
v 0.000009 15.760339 0.737105
v 0.301138 15.828802 0.543580
v 0.529871 15.906891 0.339698
v 0.521398 15.475524 0.124986
v 0.586480 15.245382 0.044926
v 0.324930 15.139719 0.294463
v 0.000013 15.073784 0.469744
v -0.324867 15.139878 0.294474
v -0.586333 15.245582 0.044940
v -0.510021 15.475585 0.125008
v -0.272838 15.396495 0.340766
v 0.005709 15.332875 0.508336
v 0.284214 15.396464 0.340755
v -1.610991 10.611097 -0.070442
v -1.714073 10.490553 -0.240490
v -1.659809 10.487683 -0.056423
v -1.664233 10.613916 -0.251015
v -2.033216 10.545103 0.125632
v -2.300835 10.618756 -0.375946
v -2.563437 9.961763 -0.306917
v -2.236827 9.943672 0.754738
v -1.987077 10.602502 0.693791
v -2.712353 9.637986 -0.306196
v -2.379317 9.620741 0.829408
v -2.796010 9.294048 -0.298753
v -2.456548 9.276475 0.858809
v -2.698632 9.056033 -0.331071
v -2.359246 9.038486 0.826513
v -2.529993 8.945464 -0.382292
v -2.190609 8.927917 0.775291
v -2.329944 8.940995 -0.441370
v -1.990560 8.923448 0.716215
v -1.518404 10.606064 0.245468
v -1.621486 10.485520 0.075420
v -1.567222 10.482651 0.259486
v -1.571646 10.608883 0.064895
v -2.298224 9.923732 0.821263
v -2.300835 10.618756 -0.375946
v -2.637179 9.941279 -0.334561
v -1.987077 10.602502 0.693791
v -1.793011 10.738597 0.556973
v -2.062546 10.752543 -0.362128
v -1.812014 10.674889 -0.437375
v -1.542480 10.660932 0.481726
v -1.412850 10.423828 0.521775
v -1.726609 10.440082 -0.547962
v -1.796214 9.070426 0.661319
v -2.135678 9.088000 -0.496243
v -1.990560 8.923448 0.716215
v -2.329944 8.940995 -0.441370
v -2.520720 9.647295 0.352628
v -2.636659 9.473963 0.176482
v -2.579602 9.470892 0.369168
v -2.576726 9.650309 0.163532
v -2.472888 9.899932 0.341026
v -2.527843 9.902894 0.155522
v -2.401046 10.074120 0.320573
v -2.454950 10.077027 0.138660
v -2.395016 10.253381 0.125710
v -2.342164 10.250521 0.304034
v -1.732802 10.398061 0.929905
v -1.792750 10.481956 0.708143
v -1.906550 10.433596 0.740875
v -1.558017 10.409249 0.637613
v -1.531500 10.335792 0.869352
v -1.489235 10.303917 0.615748
v -1.676301 9.829279 0.995423
v -1.785594 9.292071 0.687290
v -1.890795 9.205502 1.012905
v -1.968374 9.068491 0.737894
v -2.253268 9.157387 0.823106
v -2.106370 9.272771 1.077381
v -2.295852 9.451296 0.839871
v -1.931211 9.908820 1.071666
v -2.253265 10.451398 -0.443722
v -2.139436 10.499762 -0.476356
v -2.209183 10.422524 -0.697710
v -2.456788 9.935810 -0.724037
v -2.642577 9.469102 -0.344758
v -2.612398 9.298758 -0.651528
v -2.599967 9.175192 -0.361430
v -2.314971 9.086289 -0.446302
v -2.396749 9.231485 -0.715753
v -2.132164 9.309869 -0.496803
v -2.201789 9.856266 -0.799978
v -1.835794 10.321711 -0.568315
v -2.007779 10.360255 -0.757921
v -1.904604 10.427052 -0.546545
v -2.184747 10.588663 -0.516516
v -2.300835 10.618756 -0.375946
v -2.062546 10.752543 -0.362128
v -2.563437 9.961763 -0.306917
v -2.712353 9.637986 -0.306196
v -2.655489 9.235143 -0.461567
v -2.796010 9.294048 -0.298753
v -2.698632 9.056033 -0.331071
v -2.529993 8.945464 -0.382292
v -2.344812 9.138202 -0.554483
v -2.329944 8.940995 -0.441370
v -2.135678 9.088000 -0.496243
v -1.914698 10.504786 -0.597551
v -1.726609 10.440082 -0.547962
v -1.812014 10.674889 -0.437375
v -2.456548 9.276475 0.858809
v -2.250950 9.214201 0.917902
v -2.379317 9.620741 0.829408
v -2.359246 9.038486 0.826513
v -2.190609 8.927917 0.775291
v -1.940274 9.117258 0.824987
v -1.990560 8.923448 0.716215
v -1.796214 9.070426 0.661319
v -1.412850 10.423828 0.521775
v -1.543914 10.485619 0.667158
v -1.542480 10.660932 0.481726
v -1.813962 10.569495 0.748193
v -1.793011 10.738597 0.556973
v -1.987077 10.602502 0.693791
v -2.236827 9.943672 0.754738
v -0.654847 16.137684 -0.117822
v -0.679577 15.997300 -0.114180
v -0.652461 16.002020 -0.128403
v -0.681226 16.136005 -0.101842
v -0.494976 16.046476 0.338818
v -0.543863 16.002590 0.412232
v -0.276035 15.977395 0.531040
v -0.340560 15.906897 0.608217
v 0.000000 15.910972 0.704224
v 0.000000 15.783298 0.840051
v 0.276035 15.977395 0.531040
v 0.340678 15.906505 0.608187
v 0.494976 16.046476 0.338818
v 0.543863 16.002590 0.412232
v 0.654724 16.138086 -0.117288
v 0.681226 16.136005 -0.101841
v 0.652462 16.002029 -0.128401
v 0.679571 15.997602 -0.114071
v 0.596880 15.549782 -0.296106
v 0.623985 15.546223 -0.283260
v 0.675546 15.311059 -0.388855
v 0.700126 15.326208 -0.372281
v 0.824317 15.166950 -0.363339
v 0.839629 15.186176 -0.344735
v 0.685248 14.995416 -0.035006
v 0.698867 15.011682 -0.012459
v 0.358405 14.818735 0.311588
v 0.371027 14.825728 0.339002
v 0.000000 14.750817 0.492566
v 0.000000 14.756042 0.523180
v -0.358405 14.818735 0.311588
v -0.371027 14.825728 0.339002
v -0.685248 14.995416 -0.035006
v -0.698867 15.011682 -0.012459
v -0.824317 15.166950 -0.363339
v -0.839629 15.186187 -0.344735
v -0.675545 15.311069 -0.388853
v -0.699926 15.326439 -0.372249
v -0.585503 15.549791 -0.296103
v -0.612605 15.546332 -0.283224
v -0.530738 15.906288 0.340025
v -0.301767 15.828042 0.544087
v 0.000009 15.759614 0.737791
v 0.301756 15.828264 0.544157
v 0.530721 15.906569 0.340117
v 0.522261 15.475427 0.125484
v 0.587279 15.245594 0.045490
v 0.325511 15.139766 0.295275
v 0.000013 15.073827 0.470742
v -0.325444 15.139948 0.295289
v -0.587126 15.245815 0.045505
v -0.510883 15.475496 0.125508
v -0.273458 15.396281 0.341521
v 0.005710 15.332587 0.509293
v 0.284834 15.396241 0.341509
v -1.665020 10.614481 -0.250774
v -1.611778 10.611663 -0.070201
v -1.714960 10.490930 -0.240223
v -1.660694 10.488059 -0.056156
v -2.564339 9.962195 -0.306920
v -2.301610 10.619385 -0.376005
v -2.034080 10.545527 0.125895
v -2.190654 8.927154 0.775938
v -1.990166 8.922610 0.716593
v -2.329824 8.940173 -0.441925
v -2.530386 8.944721 -0.382832
v -2.359761 9.037914 0.827152
v -2.699414 9.055478 -0.331347
v -2.457252 9.276390 0.859513
v -2.796984 9.293977 -0.298967
v -2.379948 9.621055 0.830118
v -2.713259 9.638301 -0.306476
v -2.237596 9.944098 0.755215
v -1.987697 10.603113 0.694279
v -1.572433 10.609448 0.065135
v -1.519190 10.606629 0.245708
v -1.622371 10.485896 0.075687
v -1.568107 10.483027 0.259754
v -2.135134 9.087500 -0.496918
v -2.329824 8.940173 -0.441925
v -1.990166 8.922610 0.716593
v -1.795396 9.069914 0.661579
v -1.725891 10.440247 -0.548641
v -1.411879 10.423983 0.521962
v -1.811579 10.675628 -0.437895
v -1.541827 10.661658 0.481949
v -1.792977 10.739516 0.557365
v -2.062721 10.753476 -0.362450
v -2.301610 10.619385 -0.376005
v -1.987697 10.603113 0.694279
v -2.299083 9.924175 0.821522
v -2.638037 9.941721 -0.334303
v -2.401938 10.074485 0.320844
v -2.395921 10.253706 0.125984
v -2.343067 10.250847 0.304307
v -2.455843 10.077394 0.138929
v -2.528759 9.903189 0.155797
v -2.473803 9.900227 0.341302
v -2.577652 9.650569 0.163810
v -2.521644 9.647553 0.352905
v -2.637564 9.474290 0.176754
v -2.580508 9.471219 0.369441
v -1.792700 10.482895 0.708484
v -1.732863 10.398786 0.930591
v -1.907135 10.434189 0.741428
v -1.557387 10.410014 0.637780
v -1.530718 10.336211 0.869807
v -1.488245 10.303930 0.615890
v -1.675498 9.829106 0.995993
v -1.784693 9.291664 0.687440
v -1.890209 9.204907 1.013458
v -1.967996 9.067624 0.738218
v -2.253821 9.156796 0.823694
v -2.106810 9.272487 1.078234
v -2.296638 9.451434 0.840474
v -1.931568 9.909075 1.072564
v -2.254051 10.452005 -0.443856
v -2.209599 10.423264 -0.698234
v -2.139571 10.500705 -0.476644
v -2.457572 9.936089 -0.724592
v -2.643563 9.469252 -0.344838
v -2.613230 9.298492 -0.652016
v -2.600754 9.174613 -0.361643
v -2.314837 9.085436 -0.446804
v -2.396559 9.230912 -0.716551
v -2.131487 9.309473 -0.497425
v -2.201422 9.856115 -0.800896
v -1.835037 10.321736 -0.568968
v -2.007365 10.360696 -0.758715
v -1.904158 10.427822 -0.547005
v -2.301610 10.619385 -0.376005
v -2.185282 10.589096 -0.517245
v -2.062721 10.753476 -0.362450
v -2.564339 9.962195 -0.306920
v -2.713259 9.638301 -0.306476
v -2.656071 9.235029 -0.462371
v -2.796984 9.293977 -0.298967
v -2.699414 9.055478 -0.331347
v -2.530386 8.944721 -0.382832
v -2.344929 9.137898 -0.555430
v -2.329824 8.940173 -0.441925
v -2.135134 9.087500 -0.496918
v -1.914606 10.505104 -0.598497
v -1.725891 10.440247 -0.548641
v -1.811579 10.675628 -0.437895
v -2.251005 9.214059 0.918890
v -2.457252 9.276390 0.859513
v -2.379948 9.621055 0.830118
v -2.359761 9.037914 0.827152
v -2.190654 8.927154 0.775938
v -1.939861 9.116928 0.825835
v -1.990166 8.922610 0.716593
v -1.795396 9.069914 0.661579
v -1.411879 10.423983 0.521962
v -1.543322 10.485905 0.667910
v -1.541827 10.661658 0.481949
v -1.814036 10.569917 0.749099
v -1.792977 10.739516 0.557365
v -1.987697 10.603113 0.694279
v -2.237596 9.944098 0.755215
vt 0.886200 0.477500
vt 0.885700 0.453600
vt 0.942900 0.453600
vt 0.942400 0.477500
vt 0.807600 0.478500
vt 0.807100 0.455100
vt 0.864300 0.454600
vt 0.863800 0.478500
vt 0.942900 0.453600
vt 0.886200 0.477500
vt 0.942400 0.477500
vt 0.885700 0.453600
vt 0.864300 0.454600
vt 0.807600 0.478500
vt 0.863800 0.478500
vt 0.807100 0.455100
vt 0.067600 0.990600
vt 0.076400 0.960500
vt 0.108200 0.952100
vt 0.100000 0.979900
vt 0.215200 0.982200
vt 0.236300 0.965600
vt 0.359100 0.976500
vt 0.369400 0.956200
vt 0.494100 0.970500
vt 0.494100 0.947600
vt 0.629400 0.976500
vt 0.619100 0.956200
vt 0.773400 0.982200
vt 0.752000 0.965600
vt 0.920900 0.990600
vt 0.888200 0.979900
vt 0.912100 0.960500
vt 0.880400 0.952100
vt 0.939900 0.853500
vt 0.906200 0.853100
vt 0.947800 0.768600
vt 0.913100 0.774800
vt 0.931200 0.736600
vt 0.897900 0.745400
vt 0.807100 0.715800
vt 0.783200 0.726100
vt 0.650900 0.692900
vt 0.639200 0.704800
vt 0.494100 0.677000
vt 0.494100 0.690200
vt 0.337400 0.692900
vt 0.349400 0.704800
vt 0.181300 0.715800
vt 0.205100 0.726100
vt 0.057300 0.736600
vt 0.090500 0.745400
vt 0.040900 0.768600
vt 0.075400 0.774800
vt 0.048700 0.853500
vt 0.082600 0.853100
vt 0.238000 0.944300
vt 0.371100 0.937800
vt 0.494100 0.932600
vt 0.617200 0.937800
vt 0.750500 0.944300
vt 0.796900 0.847500
vt 0.804200 0.768200
vt 0.638700 0.757600
vt 0.494100 0.752400
vt 0.349900 0.757600
vt 0.184400 0.768200
vt 0.194200 0.847500
vt 0.356900 0.841400
vt 0.496600 0.836400
vt 0.636200 0.841400
vt 0.943400 0.431200
vt 0.883800 0.410200
vt 0.943400 0.410200
vt 0.884800 0.431200
vt 0.871100 0.692100
vt 0.755900 0.693600
vt 0.753400 0.622600
vt 0.989300 0.622800
vt 0.985800 0.693800
vt 0.752000 0.587200
vt 0.990700 0.587400
vt 0.750500 0.551800
vt 0.992200 0.552000
vt 0.750500 0.525600
vt 0.992700 0.525900
vt 0.751000 0.505600
vt 0.992700 0.505900
vt 0.751000 0.485400
vt 0.992700 0.485800
vt 0.864700 0.432100
vt 0.805200 0.411600
vt 0.864700 0.411600
vt 0.806200 0.432100
vt 0.031900 0.689700
vt 0.286600 0.606900
vt 0.295400 0.689700
vt 0.042600 0.606900
vt 0.059100 0.578400
vt 0.268300 0.578400
vt 0.268600 0.548600
vt 0.056900 0.548600
vt 0.023300 0.532500
vt 0.302200 0.532500
vt 0.011700 0.444300
vt 0.313500 0.444300
vt 0.031200 0.426800
vt 0.298800 0.426800
vt 0.990700 0.418000
vt 0.953600 0.400900
vt 0.990700 0.400900
vt 0.954100 0.418000
vt 0.990200 0.442400
vt 0.955100 0.442400
vt 0.990200 0.459500
vt 0.955600 0.460000
vt 0.956100 0.477100
vt 0.989700 0.477100
vt 0.621600 0.631300
vt 0.607900 0.650900
vt 0.576700 0.635300
vt 0.676300 0.652300
vt 0.665500 0.632600
vt 0.709500 0.637200
vt 0.666000 0.578600
vt 0.723600 0.523200
vt 0.666000 0.525900
vt 0.687500 0.500700
vt 0.605500 0.498500
vt 0.619600 0.524700
vt 0.563500 0.520000
vt 0.610800 0.577400
vt 0.576700 0.635300
vt 0.607900 0.650900
vt 0.621600 0.631300
vt 0.610800 0.577400
vt 0.563500 0.520000
vt 0.619600 0.524700
vt 0.605500 0.498500
vt 0.687000 0.500700
vt 0.666000 0.525600
vt 0.723100 0.523200
vt 0.666000 0.578600
vt 0.709500 0.637200
vt 0.665500 0.632600
vt 0.675800 0.652300
vt 0.469000 0.640600
vt 0.502900 0.639400
vt 0.464100 0.657000
vt 0.512700 0.575400
vt 0.517600 0.543500
vt 0.480200 0.510700
vt 0.522500 0.511200
vt 0.485400 0.493700
vt 0.441200 0.493700
vt 0.405800 0.511000
vt 0.397000 0.493700
vt 0.363800 0.511700
vt 0.404100 0.640900
vt 0.365000 0.639900
vt 0.404100 0.657200
vt 0.522900 0.511500
vt 0.481000 0.511200
vt 0.518100 0.543700
vt 0.486100 0.493700
vt 0.441700 0.493700
vt 0.406200 0.511200
vt 0.397500 0.494100
vt 0.364300 0.512000
vt 0.365200 0.639900
vt 0.404500 0.641100
vt 0.404300 0.657500
vt 0.469500 0.640900
vt 0.464600 0.657200
vt 0.503400 0.639600
vt 0.513200 0.575700
vt 0.067600 0.990600
vt 0.108200 0.952100
vt 0.076400 0.960500
vt 0.100000 0.979900
vt 0.215200 0.982200
vt 0.236300 0.965600
vt 0.359100 0.976500
vt 0.369400 0.956200
vt 0.494100 0.970500
vt 0.494100 0.947600
vt 0.629400 0.976500
vt 0.619100 0.956200
vt 0.773400 0.982200
vt 0.752000 0.965600
vt 0.920900 0.990600
vt 0.888200 0.979900
vt 0.912100 0.960500
vt 0.880400 0.952100
vt 0.939900 0.853500
vt 0.906200 0.853100
vt 0.947800 0.768600
vt 0.913100 0.774800
vt 0.931200 0.736600
vt 0.897900 0.745400
vt 0.807100 0.715800
vt 0.783200 0.726100
vt 0.650900 0.692900
vt 0.639200 0.704800
vt 0.494100 0.677000
vt 0.494100 0.690200
vt 0.337400 0.692900
vt 0.349400 0.704800
vt 0.181300 0.715800
vt 0.205100 0.726100
vt 0.057300 0.736600
vt 0.090500 0.745400
vt 0.040900 0.768600
vt 0.075400 0.774800
vt 0.048700 0.853500
vt 0.082600 0.853100
vt 0.238000 0.944300
vt 0.371100 0.937800
vt 0.494100 0.932600
vt 0.617200 0.937800
vt 0.750500 0.944300
vt 0.796900 0.847500
vt 0.804200 0.768200
vt 0.638700 0.757600
vt 0.494100 0.752400
vt 0.349900 0.757600
vt 0.184400 0.768200
vt 0.194200 0.847500
vt 0.356900 0.841400
vt 0.496600 0.836400
vt 0.636200 0.841400
vt 0.884800 0.431200
vt 0.943400 0.431200
vt 0.883800 0.410200
vt 0.943400 0.410200
vt 0.753400 0.622600
vt 0.755900 0.693600
vt 0.871100 0.692100
vt 0.992700 0.505900
vt 0.992700 0.485800
vt 0.751000 0.485400
vt 0.751000 0.505600
vt 0.992700 0.525900
vt 0.750500 0.525600
vt 0.992200 0.552000
vt 0.750500 0.551800
vt 0.990700 0.587400
vt 0.752000 0.587200
vt 0.989300 0.622800
vt 0.985800 0.693800
vt 0.806200 0.432100
vt 0.864700 0.432100
vt 0.805200 0.411600
vt 0.864700 0.411600
vt 0.313500 0.444300
vt 0.298800 0.426800
vt 0.031200 0.426800
vt 0.011700 0.444300
vt 0.302200 0.532500
vt 0.023300 0.532500
vt 0.268600 0.548600
vt 0.056900 0.548600
vt 0.059100 0.578400
vt 0.268300 0.578400
vt 0.286600 0.606900
vt 0.042600 0.606900
vt 0.031900 0.689700
vt 0.295400 0.689700
vt 0.990200 0.459500
vt 0.956100 0.477100
vt 0.989700 0.477100
vt 0.955600 0.460000
vt 0.955100 0.442400
vt 0.990200 0.442400
vt 0.954100 0.418000
vt 0.990700 0.418000
vt 0.953600 0.400900
vt 0.990700 0.400900
vt 0.607900 0.650900
vt 0.621600 0.631300
vt 0.576700 0.635300
vt 0.676300 0.652300
vt 0.665500 0.632600
vt 0.709500 0.637200
vt 0.666000 0.578600
vt 0.723600 0.523200
vt 0.666000 0.525900
vt 0.687500 0.500700
vt 0.605500 0.498500
vt 0.619600 0.524700
vt 0.563500 0.520000
vt 0.610800 0.577400
vt 0.576700 0.635300
vt 0.621600 0.631300
vt 0.607900 0.650900
vt 0.610800 0.577400
vt 0.563500 0.520000
vt 0.619600 0.524700
vt 0.605500 0.498500
vt 0.687000 0.500700
vt 0.666000 0.525600
vt 0.723100 0.523200
vt 0.666000 0.578600
vt 0.709500 0.637200
vt 0.665500 0.632600
vt 0.675800 0.652300
vt 0.502900 0.639400
vt 0.469000 0.640600
vt 0.464100 0.657000
vt 0.512700 0.575400
vt 0.517600 0.543500
vt 0.480200 0.510700
vt 0.522500 0.511200
vt 0.485400 0.493700
vt 0.441200 0.493700
vt 0.405800 0.511000
vt 0.397000 0.493700
vt 0.363800 0.511700
vt 0.404100 0.640900
vt 0.365000 0.639900
vt 0.404100 0.657200
vt 0.481000 0.511200
vt 0.522900 0.511500
vt 0.518100 0.543700
vt 0.486100 0.493700
vt 0.441700 0.493700
vt 0.406200 0.511200
vt 0.397500 0.494100
vt 0.364300 0.512000
vt 0.365200 0.639900
vt 0.404500 0.641100
vt 0.404300 0.657500
vt 0.469500 0.640900
vt 0.464600 0.657200
vt 0.503400 0.639600
vt 0.513200 0.575700
vn -0.6465 0.7357 0.2021
vn -0.6465 0.7357 0.2022
vn 0.6465 -0.7357 -0.2021
vn 0.6465 -0.7357 -0.2022
vn 0.6465 -0.7356 -0.2021
vn -0.3736 0.7378 -0.5622
vn -0.4727 0.1546 -0.8675
vn -0.9463 -0.0042 -0.3231
vn -0.7424 0.6381 -0.2039
vn -0.2386 0.8989 0.3675
vn -0.7396 0.3088 0.5980
vn -0.1699 0.8068 0.5659
vn -0.6203 0.0873 0.7795
vn 0.0267 0.7369 0.6755
vn 0.0375 -0.2961 0.9544
vn 0.1922 0.7899 0.5824
vn 0.5747 0.0900 0.8134
vn 0.2556 0.8889 0.3801
vn 0.7166 0.3409 0.6085
vn 0.3991 0.7444 -0.5353
vn 0.7227 0.6602 -0.2047
vn 0.4784 0.1629 -0.8629
vn 0.9393 0.0125 -0.3428
vn 0.4327 0.3558 -0.8283
vn 0.8761 0.2645 -0.4031
vn 0.3595 0.3557 -0.8627
vn 0.7407 0.5055 -0.4426
vn 0.8322 -0.1738 -0.5266
vn 0.9736 0.2121 -0.0843
vn 0.7026 -0.7072 0.0793
vn 0.8826 -0.2527 0.3964
vn 0.3805 -0.9231 0.0549
vn 0.5991 -0.5108 0.6166
vn -0.0017 -0.9872 0.1592
vn 0.0043 -0.5461 0.8377
vn -0.3705 -0.9271 0.0564
vn -0.6042 -0.5098 0.6124
vn -0.7033 -0.7072 0.0722
vn -0.8582 -0.2908 0.4230
vn -0.8341 -0.1590 -0.5281
vn -0.9712 0.1653 -0.1715
vn -0.3653 0.3519 -0.8618
vn -0.7014 0.5347 -0.4712
vn -0.4253 0.3645 -0.8284
vn -0.8769 0.2826 -0.3888
vn -0.8483 -0.3303 0.4139
vn -0.6273 -0.5273 0.5730
vn 0.0435 -0.8385 0.5431
vn 0.5987 -0.5288 0.6016
vn 0.8393 -0.3436 0.4213
vn 0.8589 -0.1111 0.4999
vn 0.8300 0.1659 0.5325
vn 0.5737 0.0731 0.8158
vn 0.0093 0.0401 0.9992
vn -0.5872 0.0756 0.8059
vn -0.8026 0.1941 0.5640
vn -0.8662 -0.0873 0.4919
vn -0.6202 -0.2005 0.7583
vn 0.0175 -0.3002 0.9537
vn 0.6176 -0.2131 0.7570
vn -0.7870 0.5681 0.2409
vn -0.8854 0.3805 0.2670
vn -0.8854 0.3806 0.2669
vn -0.7872 0.5677 0.2410
vn -0.6484 0.7338 0.2026
vn -0.8553 0.4464 0.2631
vn -0.7965 0.3687 0.4791
vn -0.8430 0.4358 0.3153
vn -0.8671 0.4495 0.2146
vn -0.9331 0.3574 0.0397
vn -0.9068 0.3189 0.2758
vn -0.9032 0.3336 0.2699
vn -0.9561 -0.0893 0.2790
vn -0.9561 -0.0891 0.2790
vn -0.7312 -0.6508 0.2045
vn -0.7314 -0.6505 0.2046
vn -0.2790 -0.9579 0.0673
vn -0.2793 -0.9578 0.0674
vn -0.0247 -0.9997 -0.0079
vn -0.7869 0.5681 0.2409
vn -0.8854 0.3806 0.2670
vn -0.6485 0.7338 0.2026
vn -0.8588 0.4422 0.2586
vn -0.7258 0.6508 0.2227
vn -0.7259 0.6507 0.2228
vn -0.1524 0.9865 0.0597
vn -0.1516 0.9866 0.0594
vn 0.6531 0.7355 -0.1804
vn 0.6526 0.7360 -0.1802
vn 0.9592 0.0339 -0.2808
vn 0.9592 0.0337 -0.2808
vn 0.7783 -0.5814 -0.2371
vn 0.7785 -0.5812 -0.2371
vn 0.5614 -0.8084 -0.1769
vn 0.5616 -0.8082 -0.1769
vn -0.9247 0.2602 0.2780
vn -0.9045 0.3275 0.2731
vn -0.9246 0.2603 0.2780
vn -0.9153 0.2937 0.2758
vn -0.9153 0.2935 0.2759
vn -0.8925 0.3612 0.2702
vn -0.9045 0.3275 0.2733
vn -0.9044 0.3275 0.2733
vn -0.0014 0.6605 0.7508
vn 0.0583 0.9388 0.3394
vn -0.5275 0.6476 0.5500
vn 0.6243 0.7624 0.1703
vn 0.7594 0.3804 0.5279
vn 0.9852 0.1024 0.1377
vn 0.7279 -0.1316 0.6729
vn 0.8962 -0.4145 0.1585
vn 0.4814 -0.6004 0.6386
vn 0.3375 -0.8771 0.3418
vn -0.5153 -0.6283 0.5828
vn -0.3303 -0.3493 0.8769
vn -0.7716 0.1115 0.6262
vn -0.2790 0.2324 0.9318
vn -0.7356 0.6582 -0.1603
vn -0.1277 0.9483 -0.2905
vn -0.4018 0.6817 -0.6115
vn -0.7359 0.2560 -0.6268
vn -0.9866 0.1222 -0.1081
vn -0.7542 -0.3277 -0.5690
vn -0.7536 -0.6158 -0.2300
vn 0.0911 -0.8649 -0.4937
vn 0.0551 -0.5787 -0.8137
vn 0.6652 -0.4030 -0.6285
vn 0.2480 -0.1069 -0.9628
vn 0.7561 0.1145 -0.6443
vn 0.3564 0.4015 -0.8437
vn 0.4390 0.7727 -0.4585
vn -0.3862 0.4618 -0.7985
vn -0.6325 0.4625 -0.6213
vn -0.1268 0.7285 -0.6732
vn -0.8399 0.3767 -0.3907
vn -0.6759 0.2026 -0.7086
vn -0.5602 -0.1101 -0.8210
vn -0.7544 0.0141 -0.6562
vn -0.6127 -0.3637 -0.7017
vn -0.3787 -0.4350 -0.8169
vn -0.0858 -0.2486 -0.9648
vn -0.1167 -0.5007 -0.8577
vn 0.2002 -0.2569 -0.9455
vn 0.0717 0.3051 -0.9496
vn 0.2997 0.1492 -0.9423
vn 0.1265 0.6385 -0.7592
vn -0.2792 -0.0105 0.9602
vn -0.0277 -0.1379 0.9901
vn -0.1891 0.1795 0.9654
vn -0.1387 -0.3883 0.9110
vn 0.1206 -0.4609 0.8792
vn 0.4475 -0.2771 0.8503
vn 0.3628 -0.5259 0.7693
vn 0.6779 -0.2841 0.6780
vn 0.7639 0.1264 0.6329
vn 0.5768 0.2792 0.7677
vn 0.5238 0.6170 0.5873
vn 0.1097 0.4343 0.8941
vn 0.2652 0.7077 0.6549
vn -0.1936 0.4346 0.8796
vn -0.5980 0.4113 0.6880
vn 0.3798 -0.7351 0.5616
vn 0.9473 0.0046 0.3203
vn 0.4791 -0.1537 0.8642
vn 0.7430 -0.6385 0.2005
vn 0.2410 -0.8978 -0.3686
vn 0.7397 -0.3089 -0.5978
vn 0.1710 -0.8059 -0.5669
vn 0.6197 -0.0889 -0.7798
vn -0.0269 -0.7355 -0.6770
vn -0.0373 0.2951 -0.9547
vn -0.1947 -0.7876 -0.5846
vn -0.5751 -0.0889 -0.8133
vn -0.2577 -0.8877 -0.3816
vn -0.7167 -0.3412 -0.6083
vn -0.4000 -0.7490 0.5283
vn -0.7267 -0.6553 0.2062
vn -0.4839 -0.1626 0.8599
vn -0.9403 -0.0123 0.3400
vn -0.4390 -0.3554 0.8252
vn -0.8779 -0.2633 0.4000
vn -0.3659 -0.3588 0.8587
vn -0.7431 -0.5054 0.4385
vn -0.8336 0.1717 0.5250
vn -0.9736 -0.2125 0.0832
vn -0.7051 0.7042 -0.0827
vn -0.8827 0.2506 -0.3974
vn -0.3851 0.9208 -0.0624
vn -0.5997 0.5075 -0.6187
vn 0.0017 0.9859 -0.1676
vn -0.0043 0.5436 -0.8393
vn 0.3751 0.9248 -0.0640
vn 0.6047 0.5065 -0.6146
vn 0.7060 0.7041 -0.0756
vn 0.8585 0.2887 -0.4238
vn 0.8357 0.1572 0.5262
vn 0.9714 -0.1656 0.1702
vn 0.3714 -0.3552 0.8579
vn 0.7040 -0.5349 0.4671
vn 0.4316 -0.3642 0.8253
vn 0.8787 -0.2814 0.3856
vn 0.8485 0.3291 -0.4144
vn 0.6276 0.5254 -0.5745
vn -0.0431 0.8366 -0.5462
vn -0.5987 0.5281 -0.6022
vn -0.8397 0.3422 -0.4216
vn -0.8590 0.1110 -0.4997
vn -0.8302 -0.1657 -0.5322
vn -0.5737 -0.0727 -0.8158
vn -0.0093 -0.0395 -0.9992
vn 0.5872 -0.0753 -0.8059
vn 0.8028 -0.1940 -0.5638
vn 0.8664 0.0872 -0.4917
vn 0.6201 0.2006 -0.7585
vn -0.0175 0.3002 -0.9537
vn -0.6175 0.2131 -0.7572
vn 0.7872 -0.5677 -0.2410
vn 0.6485 -0.7337 -0.2027
vn 0.7869 -0.5681 -0.2409
vn 0.8853 -0.3807 -0.2670
vn 0.8853 -0.3807 -0.2669
vn 0.8431 -0.4356 -0.3152
vn 0.7966 -0.3688 -0.4789
vn 0.8552 -0.4465 -0.2631
vn 0.2793 0.9578 -0.0674
vn 0.0250 0.9997 0.0078
vn 0.2790 0.9579 -0.0673
vn 0.7313 0.6507 -0.2045
vn 0.7311 0.6509 -0.2045
vn 0.9561 0.0891 -0.2790
vn 0.9561 0.0892 -0.2790
vn 0.9033 -0.3334 -0.2700
vn 0.9068 -0.3187 -0.2758
vn 0.8672 -0.4494 -0.2146
vn 0.9331 -0.3575 -0.0399
vn 0.6486 -0.7337 -0.2027
vn -0.7785 0.5812 0.2371
vn -0.5616 0.8082 0.1769
vn -0.5614 0.8084 0.1769
vn -0.7783 0.5814 0.2371
vn -0.9592 -0.0338 0.2808
vn -0.9592 -0.0340 0.2808
vn -0.6530 -0.7356 0.1803
vn -0.6525 -0.7361 0.1802
vn 0.1521 -0.9866 -0.0596
vn 0.1514 -0.9867 -0.0594
vn 0.7256 -0.6511 -0.2227
vn 0.7257 -0.6510 -0.2227
vn 0.8588 -0.4423 -0.2586
vn 0.8925 -0.3612 -0.2702
vn 0.9045 -0.3275 -0.2733
vn 0.9044 -0.3275 -0.2733
vn 0.9153 -0.2935 -0.2759
vn 0.9153 -0.2937 -0.2758
vn 0.9246 -0.2603 -0.2780
vn 0.9247 -0.2602 -0.2780
vn 0.9045 -0.3275 -0.2731
vn 0.9045 -0.3276 -0.2731
vn -0.0584 -0.9387 -0.3397
vn 0.0012 -0.6604 -0.7509
vn 0.5275 -0.6473 -0.5503
vn -0.6244 -0.7622 -0.1707
vn -0.7591 -0.3804 -0.5282
vn -0.9852 -0.1020 -0.1380
vn -0.7279 0.1316 -0.6730
vn -0.8961 0.4145 -0.1588
vn -0.4813 0.6003 -0.6387
vn -0.3373 0.8770 -0.3421
vn 0.5150 0.6283 -0.5830
vn 0.3301 0.3493 -0.8769
vn 0.7714 -0.1114 -0.6265
vn 0.2788 -0.2324 -0.9318
vn 0.7358 -0.6579 0.1606
vn 0.4016 -0.6816 0.6116
vn 0.1278 -0.9482 0.2909
vn 0.7358 -0.2560 0.6270
vn 0.9866 -0.1222 0.1084
vn 0.7541 0.3277 0.5692
vn 0.7534 0.6159 0.2304
vn -0.0907 0.8648 0.4939
vn -0.0551 0.5785 0.8138
vn -0.6650 0.4031 0.6287
vn -0.2479 0.1068 0.9629
vn -0.7559 -0.1142 0.6446
vn -0.3560 -0.4016 0.8438
vn -0.4389 -0.7725 0.4589
vn 0.6330 -0.4628 0.6206
vn 0.3866 -0.4618 0.7983
vn 0.1272 -0.7285 0.6731
vn 0.8400 -0.3769 0.3904
vn 0.6763 -0.2027 0.7082
vn 0.5603 0.1101 0.8209
vn 0.7547 -0.0139 0.6559
vn 0.6131 0.3637 0.7013
vn 0.3788 0.4353 0.8167
vn 0.0857 0.2487 0.9648
vn 0.1162 0.5011 0.8575
vn -0.2005 0.2571 0.9454
vn -0.0718 -0.3051 0.9496
vn -0.3001 -0.1490 0.9422
vn -0.1266 -0.6385 0.7592
vn 0.0278 0.1379 -0.9901
vn 0.2796 0.0107 -0.9601
vn 0.1897 -0.1797 -0.9653
vn 0.1393 0.3884 -0.9109
vn -0.1204 0.4612 -0.8791
vn -0.4475 0.2772 -0.8502
vn -0.3631 0.5263 -0.7689
vn -0.6781 0.2843 -0.6778
vn -0.7641 -0.1263 -0.6326
vn -0.5769 -0.2792 -0.7676
vn -0.5239 -0.6169 -0.5873
vn -0.1092 -0.4343 -0.8941
vn -0.2649 -0.7076 -0.6550
vn 0.1944 -0.4348 -0.8793
vn 0.5976 -0.4112 -0.6883
usemtl Material-3710.000
s off
f 6645/6645/6634 6646/6646/6634 6647/6647/6634
f 6648/6648/6634 6645/6645/6634 6647/6647/6634
f 6649/6649/6635 6650/6650/6635 6651/6651/6635
f 6652/6652/6634 6649/6649/6634 6651/6651/6634
f 6653/6653/6636 6654/6654/6636 6655/6655/6636
f 6656/6656/6636 6654/6654/6636 6653/6653/6636
f 6657/6657/6637 6658/6658/6637 6659/6659/6637
f 6660/6660/6638 6658/6658/6638 6657/6657/6638
s 1
f 6661/6661/6639 6662/6662/6640 6663/6663/6641
f 6664/6664/6642 6661/6661/6639 6663/6663/6641
f 6665/6665/6643 6661/6661/6639 6664/6664/6642
f 6666/6666/6644 6665/6665/6643 6664/6664/6642
f 6667/6667/6645 6665/6665/6643 6666/6666/6644
f 6668/6668/6646 6667/6667/6645 6666/6666/6644
f 6669/6669/6647 6667/6667/6645 6668/6668/6646
f 6670/6670/6648 6669/6669/6647 6668/6668/6646
f 6671/6671/6649 6669/6669/6647 6670/6670/6648
f 6672/6672/6650 6671/6671/6649 6670/6670/6648
f 6673/6673/6651 6671/6671/6649 6672/6672/6650
f 6674/6674/6652 6673/6673/6651 6672/6672/6650
f 6675/6675/6653 6673/6673/6651 6674/6674/6652
f 6676/6676/6654 6675/6675/6653 6674/6674/6652
f 6677/6677/6655 6675/6675/6653 6676/6676/6654
f 6678/6678/6656 6677/6677/6655 6676/6676/6654
f 6679/6679/6657 6677/6677/6655 6678/6678/6656
f 6680/6680/6658 6679/6679/6657 6678/6678/6656
f 6681/6681/6659 6679/6679/6657 6680/6680/6658
f 6682/6682/6660 6681/6681/6659 6680/6680/6658
f 6683/6683/6661 6681/6681/6659 6682/6682/6660
f 6684/6684/6662 6683/6683/6661 6682/6682/6660
f 6685/6685/6663 6683/6683/6661 6684/6684/6662
f 6686/6686/6664 6685/6685/6663 6684/6684/6662
f 6687/6687/6665 6685/6685/6663 6686/6686/6664
f 6688/6688/6666 6687/6687/6665 6686/6686/6664
f 6689/6689/6667 6687/6687/6665 6688/6688/6666
f 6690/6690/6668 6689/6689/6667 6688/6688/6666
f 6691/6691/6669 6689/6689/6667 6690/6690/6668
f 6692/6692/6670 6691/6691/6669 6690/6690/6668
f 6693/6693/6671 6691/6691/6669 6692/6692/6670
f 6694/6694/6672 6693/6693/6671 6692/6692/6670
f 6695/6695/6673 6693/6693/6671 6694/6694/6672
f 6696/6696/6674 6695/6695/6673 6694/6694/6672
f 6697/6697/6675 6695/6695/6673 6696/6696/6674
f 6698/6698/6676 6697/6697/6675 6696/6696/6674
f 6699/6699/6677 6697/6697/6675 6698/6698/6676
f 6700/6700/6678 6699/6699/6677 6698/6698/6676
f 6662/6662/6640 6699/6699/6677 6700/6700/6678
f 6663/6663/6641 6662/6662/6640 6700/6700/6678
f 6701/6701/6679 6663/6663/6641 6700/6700/6678
f 6664/6664/6642 6663/6663/6641 6701/6701/6679
f 6666/6666/6644 6664/6664/6642 6701/6701/6679
f 6702/6702/6680 6666/6666/6644 6701/6701/6679
f 6668/6668/6646 6666/6666/6644 6702/6702/6680
f 6670/6670/6648 6668/6668/6646 6702/6702/6680
f 6703/6703/6681 6670/6670/6648 6702/6702/6680
f 6672/6672/6650 6670/6670/6648 6703/6703/6681
f 6704/6704/6682 6672/6672/6650 6703/6703/6681
f 6705/6705/6683 6672/6672/6650 6704/6704/6682
f 6706/6706/6684 6705/6705/6683 6704/6704/6682
f 6678/6678/6656 6705/6705/6683 6706/6706/6684
f 6680/6680/6658 6678/6678/6656 6706/6706/6684
f 6682/6682/6660 6680/6680/6658 6706/6706/6684
f 6707/6707/6685 6682/6682/6660 6706/6706/6684
f 6686/6686/6664 6682/6682/6660 6707/6707/6685
f 6688/6688/6666 6686/6686/6664 6707/6707/6685
f 6708/6708/6686 6688/6688/6666 6707/6707/6685
f 6690/6690/6668 6688/6688/6666 6708/6708/6686
f 6709/6709/6687 6690/6690/6668 6708/6708/6686
f 6692/6692/6670 6690/6690/6668 6709/6709/6687
f 6710/6710/6688 6692/6692/6670 6709/6709/6687
f 6694/6694/6672 6692/6692/6670 6710/6710/6688
f 6711/6711/6689 6694/6694/6672 6710/6710/6688
f 6696/6696/6674 6694/6694/6672 6711/6711/6689
f 6698/6698/6676 6696/6696/6674 6711/6711/6689
f 6700/6700/6678 6698/6698/6676 6711/6711/6689
f 6712/6712/6690 6700/6700/6678 6711/6711/6689
f 6701/6701/6679 6700/6700/6678 6712/6712/6690
f 6713/6713/6691 6701/6701/6679 6712/6712/6690
f 6702/6702/6680 6701/6701/6679 6713/6713/6691
f 6703/6703/6681 6702/6702/6680 6713/6713/6691
f 6714/6714/6692 6703/6703/6681 6713/6713/6691
f 6704/6704/6682 6703/6703/6681 6714/6714/6692
f 6715/6715/6693 6704/6704/6682 6714/6714/6692
f 6706/6706/6684 6704/6704/6682 6715/6715/6693
f 6707/6707/6685 6706/6706/6684 6715/6715/6693
f 6708/6708/6686 6707/6707/6685 6715/6715/6693
f 6709/6709/6687 6708/6708/6686 6715/6715/6693
f 6714/6714/6692 6709/6709/6687 6715/6715/6693
f 6710/6710/6688 6709/6709/6687 6714/6714/6692
f 6713/6713/6691 6710/6710/6688 6714/6714/6692
f 6712/6712/6690 6710/6710/6688 6713/6713/6691
f 6711/6711/6689 6710/6710/6688 6712/6712/6690
f 6674/6674/6652 6678/6678/6656 6676/6676/6654
f 6705/6705/6683 6678/6678/6656 6674/6674/6652
f 6672/6672/6650 6705/6705/6683 6674/6674/6652
f 6684/6684/6662 6682/6682/6660 6686/6686/6664
f 6716/6716/6694 6717/6717/6695 6718/6718/6696
f 6719/6719/6697 6717/6717/6695 6716/6716/6694
f 6647/6647/6698 6719/6719/6697 6716/6716/6694
f 6646/6646/6698 6719/6719/6697 6647/6647/6698
f 6720/6720/6699 6721/6721/6700 6722/6722/6701
f 6723/6723/6702 6724/6724/6703 6720/6720/6699
f 6722/6722/6701 6723/6723/6702 6720/6720/6699
f 6725/6725/6704 6723/6723/6702 6722/6722/6701
f 6726/6726/6705 6723/6723/6702 6725/6725/6704
f 6727/6727/6706 6726/6726/6705 6725/6725/6704
f 6728/6728/6707 6726/6726/6705 6727/6727/6706
f 6729/6729/6708 6728/6728/6707 6727/6727/6706
f 6730/6730/6709 6728/6728/6707 6729/6729/6708
f 6731/6731/6710 6730/6730/6709 6729/6729/6708
f 6732/6732/6711 6730/6730/6709 6731/6731/6710
f 6733/6733/6712 6732/6732/6711 6731/6731/6710
f 6734/6734/6712 6732/6732/6711 6733/6733/6712
f 6735/6735/6713 6736/6736/6695 6737/6737/6714
f 6738/6738/6697 6736/6736/6695 6735/6735/6713
f 6651/6651/6715 6738/6738/6697 6735/6735/6713
f 6650/6650/6698 6738/6738/6697 6651/6651/6715
f 6739/6739/6716 6740/6740/6717 6741/6741/6716
f 6742/6742/6718 6740/6740/6717 6739/6739/6716
f 6743/6743/6719 6740/6740/6717 6742/6742/6718
f 6744/6744/6720 6740/6740/6717 6743/6743/6719
f 6745/6745/6721 6744/6744/6720 6743/6743/6719
f 6746/6746/6722 6745/6745/6721 6743/6743/6719
f 6747/6747/6723 6745/6745/6721 6746/6746/6722
f 6748/6748/6724 6745/6745/6721 6747/6747/6723
f 6749/6749/6725 6748/6748/6724 6747/6747/6723
f 6750/6750/6726 6748/6748/6724 6749/6749/6725
f 6751/6751/6727 6750/6750/6726 6749/6749/6725
f 6752/6752/6728 6750/6750/6726 6751/6751/6727
f 6753/6753/6729 6754/6754/6730 6755/6755/6730
f 6756/6756/6731 6754/6754/6730 6753/6753/6729
f 6757/6757/6732 6756/6756/6731 6753/6753/6729
f 6758/6758/6733 6756/6756/6731 6757/6757/6732
f 6759/6759/6734 6758/6758/6733 6757/6757/6732
f 6760/6760/6734 6758/6758/6733 6759/6759/6734
f 6761/6761/6735 6760/6760/6734 6759/6759/6734
f 6762/6762/6736 6761/6761/6735 6759/6759/6734
f 6763/6763/6737 6764/6764/6738 6765/6765/6739
f 6766/6766/6740 6764/6764/6738 6763/6763/6737
f 6767/6767/6741 6766/6766/6740 6763/6763/6737
f 6768/6768/6742 6766/6766/6740 6767/6767/6741
f 6769/6769/6743 6768/6768/6742 6767/6767/6741
f 6770/6770/6744 6768/6768/6742 6769/6769/6743
f 6771/6771/6745 6770/6770/6744 6769/6769/6743
f 6772/6772/6746 6770/6770/6744 6771/6771/6745
f 6773/6773/6747 6772/6772/6746 6771/6771/6745
f 6774/6774/6748 6773/6773/6747 6771/6771/6745
f 6775/6775/6749 6773/6773/6747 6774/6774/6748
f 6776/6776/6750 6775/6775/6749 6774/6774/6748
f 6765/6765/6739 6775/6775/6749 6776/6776/6750
f 6763/6763/6737 6765/6765/6739 6776/6776/6750
f 6767/6767/6741 6763/6763/6737 6776/6776/6750
f 6769/6769/6743 6767/6767/6741 6776/6776/6750
f 6774/6774/6748 6769/6769/6743 6776/6776/6750
f 6771/6771/6745 6769/6769/6743 6774/6774/6748
f 6777/6777/6751 6778/6778/6752 6779/6779/6753
f 6780/6780/6754 6777/6777/6751 6779/6779/6753
f 6781/6781/6755 6777/6777/6751 6780/6780/6754
f 6782/6782/6756 6781/6781/6755 6780/6780/6754
f 6783/6783/6757 6781/6781/6755 6782/6782/6756
f 6784/6784/6758 6783/6783/6757 6782/6782/6756
f 6785/6785/6759 6784/6784/6758 6782/6782/6756
f 6786/6786/6760 6784/6784/6758 6785/6785/6759
f 6787/6787/6761 6786/6786/6760 6785/6785/6759
f 6788/6788/6762 6786/6786/6760 6787/6787/6761
f 6789/6789/6763 6788/6788/6762 6787/6787/6761
f 6790/6790/6764 6788/6788/6762 6789/6789/6763
f 6778/6778/6752 6790/6790/6764 6789/6789/6763
f 6779/6779/6753 6778/6778/6752 6789/6789/6763
f 6787/6787/6761 6779/6779/6753 6789/6789/6763
f 6780/6780/6754 6779/6779/6753 6787/6787/6761
f 6785/6785/6759 6780/6780/6754 6787/6787/6761
f 6782/6782/6756 6780/6780/6754 6785/6785/6759
f 6791/6791/6765 6792/6792/6766 6793/6793/6767
f 6794/6794/6768 6792/6792/6766 6791/6791/6765
f 6795/6795/6769 6794/6794/6768 6791/6791/6765
f 6796/6796/6770 6795/6795/6769 6791/6791/6765
f 6797/6797/6771 6795/6795/6769 6796/6796/6770
f 6798/6798/6772 6797/6797/6771 6796/6796/6770
f 6799/6799/6773 6798/6798/6772 6796/6796/6770
f 6800/6800/6774 6799/6799/6773 6796/6796/6770
f 6801/6801/6775 6799/6799/6773 6800/6800/6774
f 6802/6802/6776 6801/6801/6775 6800/6800/6774
f 6803/6803/6777 6802/6802/6776 6800/6800/6774
f 6804/6804/6778 6802/6802/6776 6803/6803/6777
f 6805/6805/6779 6804/6804/6778 6803/6803/6777
f 6793/6793/6767 6805/6805/6779 6803/6803/6777
f 6791/6791/6765 6793/6793/6767 6803/6803/6777
f 6800/6800/6774 6791/6791/6765 6803/6803/6777
f 6796/6796/6770 6791/6791/6765 6800/6800/6774
f 6806/6806/6780 6807/6807/6781 6808/6808/6782
f 6809/6809/6783 6807/6807/6781 6806/6806/6780
f 6810/6810/6784 6807/6807/6781 6809/6809/6783
f 6811/6811/6785 6807/6807/6781 6810/6810/6784
f 6812/6812/6786 6811/6811/6785 6810/6810/6784
f 6813/6813/6787 6811/6811/6785 6812/6812/6786
f 6814/6814/6788 6811/6811/6785 6813/6813/6787
f 6815/6815/6789 6811/6811/6785 6814/6814/6788
f 6816/6816/6790 6815/6815/6789 6814/6814/6788
f 6817/6817/6791 6815/6815/6789 6816/6816/6790
f 6818/6818/6792 6817/6817/6791 6816/6816/6790
f 6819/6819/6793 6817/6817/6791 6818/6818/6792
f 6820/6820/6794 6817/6817/6791 6819/6819/6793
f 6808/6808/6782 6817/6817/6791 6820/6820/6794
f 6807/6807/6781 6817/6817/6791 6808/6808/6782
f 6815/6815/6789 6817/6817/6791 6807/6807/6781
f 6811/6811/6785 6815/6815/6789 6807/6807/6781
f 6821/6821/6795 6822/6822/6796 6823/6823/6797
f 6824/6824/6798 6822/6822/6796 6821/6821/6795
f 6825/6825/6799 6824/6824/6798 6821/6821/6795
f 6826/6826/6800 6824/6824/6798 6825/6825/6799
f 6827/6827/6801 6826/6826/6800 6825/6825/6799
f 6828/6828/6802 6826/6826/6800 6827/6827/6801
f 6829/6829/6803 6828/6828/6802 6827/6827/6801
f 6830/6830/6804 6828/6828/6802 6829/6829/6803
f 6831/6831/6805 6830/6830/6804 6829/6829/6803
f 6832/6832/6806 6830/6830/6804 6831/6831/6805
f 6833/6833/6807 6832/6832/6806 6831/6831/6805
f 6834/6834/6808 6832/6832/6806 6833/6833/6807
f 6835/6835/6809 6834/6834/6808 6833/6833/6807
f 6836/6836/6810 6834/6834/6808 6835/6835/6809
f 6837/6837/6811 6836/6836/6810 6835/6835/6809
f 6838/6838/6812 6836/6836/6810 6837/6837/6811
f 6839/6839/6813 6838/6838/6812 6837/6837/6811
f 6840/6840/6814 6838/6838/6812 6839/6839/6813
f 6841/6841/6815 6840/6840/6814 6839/6839/6813
f 6842/6842/6816 6840/6840/6814 6841/6841/6815
f 6843/6843/6817 6842/6842/6816 6841/6841/6815
f 6844/6844/6818 6842/6842/6816 6843/6843/6817
f 6845/6845/6819 6844/6844/6818 6843/6843/6817
f 6846/6846/6820 6844/6844/6818 6845/6845/6819
f 6847/6847/6821 6846/6846/6820 6845/6845/6819
f 6848/6848/6822 6846/6846/6820 6847/6847/6821
f 6849/6849/6823 6848/6848/6822 6847/6847/6821
f 6850/6850/6824 6848/6848/6822 6849/6849/6823
f 6851/6851/6825 6850/6850/6824 6849/6849/6823
f 6852/6852/6826 6850/6850/6824 6851/6851/6825
f 6853/6853/6827 6852/6852/6826 6851/6851/6825
f 6854/6854/6828 6852/6852/6826 6853/6853/6827
f 6855/6855/6829 6854/6854/6828 6853/6853/6827
f 6856/6856/6830 6854/6854/6828 6855/6855/6829
f 6857/6857/6831 6856/6856/6830 6855/6855/6829
f 6858/6858/6832 6856/6856/6830 6857/6857/6831
f 6859/6859/6833 6858/6858/6832 6857/6857/6831
f 6860/6860/6834 6858/6858/6832 6859/6859/6833
f 6823/6823/6797 6860/6860/6834 6859/6859/6833
f 6822/6822/6796 6860/6860/6834 6823/6823/6797
f 6861/6861/6835 6860/6860/6834 6822/6822/6796
f 6824/6824/6798 6861/6861/6835 6822/6822/6796
f 6826/6826/6800 6861/6861/6835 6824/6824/6798
f 6862/6862/6836 6861/6861/6835 6826/6826/6800
f 6828/6828/6802 6862/6862/6836 6826/6826/6800
f 6830/6830/6804 6862/6862/6836 6828/6828/6802
f 6863/6863/6837 6862/6862/6836 6830/6830/6804
f 6832/6832/6806 6863/6863/6837 6830/6830/6804
f 6864/6864/6838 6863/6863/6837 6832/6832/6806
f 6865/6865/6839 6864/6864/6838 6832/6832/6806
f 6866/6866/6840 6864/6864/6838 6865/6865/6839
f 6838/6838/6812 6866/6866/6840 6865/6865/6839
f 6840/6840/6814 6866/6866/6840 6838/6838/6812
f 6842/6842/6816 6866/6866/6840 6840/6840/6814
f 6867/6867/6841 6866/6866/6840 6842/6842/6816
f 6846/6846/6820 6867/6867/6841 6842/6842/6816
f 6848/6848/6822 6867/6867/6841 6846/6846/6820
f 6868/6868/6842 6867/6867/6841 6848/6848/6822
f 6850/6850/6824 6868/6868/6842 6848/6848/6822
f 6869/6869/6843 6868/6868/6842 6850/6850/6824
f 6852/6852/6826 6869/6869/6843 6850/6850/6824
f 6870/6870/6844 6869/6869/6843 6852/6852/6826
f 6854/6854/6828 6870/6870/6844 6852/6852/6826
f 6871/6871/6845 6870/6870/6844 6854/6854/6828
f 6856/6856/6830 6871/6871/6845 6854/6854/6828
f 6858/6858/6832 6871/6871/6845 6856/6856/6830
f 6860/6860/6834 6871/6871/6845 6858/6858/6832
f 6872/6872/6846 6871/6871/6845 6860/6860/6834
f 6861/6861/6835 6872/6872/6846 6860/6860/6834
f 6873/6873/6847 6872/6872/6846 6861/6861/6835
f 6862/6862/6836 6873/6873/6847 6861/6861/6835
f 6863/6863/6837 6873/6873/6847 6862/6862/6836
f 6874/6874/6848 6873/6873/6847 6863/6863/6837
f 6864/6864/6838 6874/6874/6848 6863/6863/6837
f 6875/6875/6849 6874/6874/6848 6864/6864/6838
f 6866/6866/6840 6875/6875/6849 6864/6864/6838
f 6867/6867/6841 6875/6875/6849 6866/6866/6840
f 6868/6868/6842 6875/6875/6849 6867/6867/6841
f 6869/6869/6843 6875/6875/6849 6868/6868/6842
f 6874/6874/6848 6875/6875/6849 6869/6869/6843
f 6870/6870/6844 6874/6874/6848 6869/6869/6843
f 6873/6873/6847 6874/6874/6848 6870/6870/6844
f 6872/6872/6846 6873/6873/6847 6870/6870/6844
f 6871/6871/6845 6872/6872/6846 6870/6870/6844
f 6834/6834/6808 6865/6865/6839 6832/6832/6806
f 6838/6838/6812 6865/6865/6839 6834/6834/6808
f 6836/6836/6810 6838/6838/6812 6834/6834/6808
f 6842/6842/6816 6844/6844/6818 6846/6846/6820
f 6876/6876/6850 6656/6656/6851 6653/6653/6851
f 6877/6877/6852 6876/6876/6850 6653/6653/6851
f 6878/6878/6853 6876/6876/6850 6877/6877/6852
f 6879/6879/6854 6878/6878/6853 6877/6877/6852
f 6880/6880/6855 6881/6881/6856 6882/6882/6857
f 6883/6883/6858 6884/6884/6859 6885/6885/6859
f 6886/6886/6860 6883/6883/6858 6885/6885/6859
f 6887/6887/6861 6883/6883/6858 6886/6886/6860
f 6888/6888/6862 6887/6887/6861 6886/6886/6860
f 6889/6889/6863 6887/6887/6861 6888/6888/6862
f 6890/6890/6864 6889/6889/6863 6888/6888/6862
f 6891/6891/6865 6889/6889/6863 6890/6890/6864
f 6892/6892/6866 6891/6891/6865 6890/6890/6864
f 6893/6893/6867 6891/6891/6865 6892/6892/6866
f 6880/6880/6855 6893/6893/6867 6892/6892/6866
f 6882/6882/6857 6893/6893/6867 6880/6880/6855
f 6894/6894/6868 6893/6893/6867 6882/6882/6857
f 6895/6895/6850 6660/6660/6851 6657/6657/6869
f 6896/6896/6852 6895/6895/6850 6657/6657/6869
f 6897/6897/6853 6895/6895/6850 6896/6896/6852
f 6898/6898/6854 6897/6897/6853 6896/6896/6852
f 6899/6899/6870 6900/6900/6871 6901/6901/6872
f 6902/6902/6873 6899/6899/6870 6901/6901/6872
f 6903/6903/6874 6899/6899/6870 6902/6902/6873
f 6904/6904/6875 6903/6903/6874 6902/6902/6873
f 6905/6905/6876 6903/6903/6874 6904/6904/6875
f 6906/6906/6877 6905/6905/6876 6904/6904/6875
f 6907/6907/6878 6905/6905/6876 6906/6906/6877
f 6908/6908/6879 6905/6905/6876 6907/6907/6878
f 6909/6909/6880 6908/6908/6879 6907/6907/6878
f 6910/6910/6881 6909/6909/6880 6907/6907/6878
f 6911/6911/6882 6909/6909/6880 6910/6910/6881
f 6912/6912/6882 6909/6909/6880 6911/6911/6882
f 6913/6913/6883 6914/6914/6884 6915/6915/6885
f 6916/6916/6883 6914/6914/6884 6913/6913/6883
f 6917/6917/6886 6916/6916/6883 6913/6913/6883
f 6918/6918/6887 6917/6917/6886 6913/6913/6883
f 6919/6919/6888 6917/6917/6886 6918/6918/6887
f 6920/6920/6889 6919/6919/6888 6918/6918/6887
f 6921/6921/6890 6919/6919/6888 6920/6920/6889
f 6922/6922/6891 6921/6921/6890 6920/6920/6889
f 6923/6923/6892 6924/6924/6893 6925/6925/6894
f 6926/6926/6895 6924/6924/6893 6923/6923/6892
f 6927/6927/6896 6924/6924/6893 6926/6926/6895
f 6928/6928/6897 6927/6927/6896 6926/6926/6895
f 6929/6929/6898 6927/6927/6896 6928/6928/6897
f 6930/6930/6899 6929/6929/6898 6928/6928/6897
f 6931/6931/6900 6929/6929/6898 6930/6930/6899
f 6932/6932/6901 6931/6931/6900 6930/6930/6899
f 6933/6933/6902 6931/6931/6900 6932/6932/6901
f 6934/6934/6903 6931/6931/6900 6933/6933/6902
f 6935/6935/6904 6934/6934/6903 6933/6933/6902
f 6936/6936/6905 6934/6934/6903 6935/6935/6904
f 6925/6925/6894 6936/6936/6905 6935/6935/6904
f 6924/6924/6893 6936/6936/6905 6925/6925/6894
f 6927/6927/6896 6936/6936/6905 6924/6924/6893
f 6929/6929/6898 6936/6936/6905 6927/6927/6896
f 6934/6934/6903 6936/6936/6905 6929/6929/6898
f 6931/6931/6900 6934/6934/6903 6929/6929/6898
f 6937/6937/6906 6938/6938/6907 6939/6939/6908
f 6940/6940/6909 6938/6938/6907 6937/6937/6906
f 6941/6941/6910 6940/6940/6909 6937/6937/6906
f 6942/6942/6911 6940/6940/6909 6941/6941/6910
f 6943/6943/6912 6942/6942/6911 6941/6941/6910
f 6944/6944/6913 6942/6942/6911 6943/6943/6912
f 6945/6945/6914 6942/6942/6911 6944/6944/6913
f 6946/6946/6915 6945/6945/6914 6944/6944/6913
f 6947/6947/6916 6945/6945/6914 6946/6946/6915
f 6948/6948/6917 6947/6947/6916 6946/6946/6915
f 6949/6949/6918 6947/6947/6916 6948/6948/6917
f 6950/6950/6919 6949/6949/6918 6948/6948/6917
f 6939/6939/6908 6949/6949/6918 6950/6950/6919
f 6938/6938/6907 6949/6949/6918 6939/6939/6908
f 6947/6947/6916 6949/6949/6918 6938/6938/6907
f 6940/6940/6909 6947/6947/6916 6938/6938/6907
f 6945/6945/6914 6947/6947/6916 6940/6940/6909
f 6942/6942/6911 6945/6945/6914 6940/6940/6909
f 6951/6951/6920 6952/6952/6921 6953/6953/6922
f 6954/6954/6923 6952/6952/6921 6951/6951/6920
f 6955/6955/6924 6952/6952/6921 6954/6954/6923
f 6956/6956/6925 6952/6952/6921 6955/6955/6924
f 6957/6957/6926 6956/6956/6925 6955/6955/6924
f 6958/6958/6927 6956/6956/6925 6957/6957/6926
f 6959/6959/6928 6956/6956/6925 6958/6958/6927
f 6960/6960/6929 6956/6956/6925 6959/6959/6928
f 6961/6961/6930 6960/6960/6929 6959/6959/6928
f 6962/6962/6931 6960/6960/6929 6961/6961/6930
f 6963/6963/6932 6960/6960/6929 6962/6962/6931
f 6964/6964/6933 6963/6963/6932 6962/6962/6931
f 6965/6965/6934 6963/6963/6932 6964/6964/6933
f 6953/6953/6922 6963/6963/6932 6965/6965/6934
f 6952/6952/6921 6963/6963/6932 6953/6953/6922
f 6960/6960/6929 6963/6963/6932 6952/6952/6921
f 6956/6956/6925 6960/6960/6929 6952/6952/6921
f 6966/6966/6935 6967/6967/6936 6968/6968/6937
f 6969/6969/6938 6967/6967/6936 6966/6966/6935
f 6970/6970/6939 6969/6969/6938 6966/6966/6935
f 6971/6971/6940 6970/6970/6939 6966/6966/6935
f 6972/6972/6941 6970/6970/6939 6971/6971/6940
f 6973/6973/6942 6972/6972/6941 6971/6971/6940
f 6974/6974/6943 6973/6973/6942 6971/6971/6940
f 6975/6975/6944 6974/6974/6943 6971/6971/6940
f 6976/6976/6945 6974/6974/6943 6975/6975/6944
f 6977/6977/6946 6976/6976/6945 6975/6975/6944
f 6978/6978/6947 6976/6976/6945 6977/6977/6946
f 6979/6979/6948 6978/6978/6947 6977/6977/6946
f 6980/6980/6949 6979/6979/6948 6977/6977/6946
f 6968/6968/6937 6980/6980/6949 6977/6977/6946
f 6966/6966/6935 6968/6968/6937 6977/6977/6946
f 6975/6975/6944 6966/6966/6935 6977/6977/6946
f 6971/6971/6940 6966/6966/6935 6975/6975/6944
